ticker,bars,span,tv,cost,trades,in_mkt,rule,hold,start,end,rule_early,hold_early,rule_late,hold_late,edge
AADI,409,1.623015873015873,94427166250.99998,0.008794888178913739,9,0.5525672371638142,0.34085874464439825,0.40609827239548824,2024-12-05,2026-08-28,,,0.34085874464439825,0.40609827239548824,-0.06523952775108999
AALI,6307,25.02777777777778,13658842501.000021,0.007862443438914027,146,0.531155858569843,0.06717599934263019,0.15321525511437373,2001-04-05,2026-08-28,0.19338601875279715,0.3909450136573187,-0.03380843904688946,-0.03464661222983734,-0.08603925577174354
ABBA,3258,12.928571428571429,1779501.0000000007,0.016352688172043012,76,0.39594843462246776,-0.2969004085128808,-0.08198369131956573,2005-09-29,2019-04-08,-0.37483827931311786,-0.14974070699800746,-0.18357130462164895,0.012058511654145398,-0.21491671719331507
ABDA,6171,24.488095238095237,1.0,0.008541176470588236,123,0.4997569275644142,-0.001817663974945538,0.166884157498556,2001-10-12,2026-08-28,0.15840788259198746,0.399614137472718,-0.1127139240872651,-0.010868872017322895,-0.16870182147350155
ABMM,3620,14.365079365079366,55248751.0,0.009303703703703703,98,0.4740331491712707,-0.19775149744035414,0.0049484585591415,2011-12-06,2026-08-28,-0.13868898584019473,-0.1626232020508832,-0.20454439617815767,0.027133769500296223,-0.20269995599949564
ACES,4612,18.3015873015873,10849414750.999992,0.012266666666666667,109,0.5197311361665221,-0.04400302846510673,0.10111649790826593,2007-11-06,2026-08-28,0.3012590854037931,0.46107793011755027,-0.16192908504144832,-0.02517099140674428,-0.14511952637337266
ACRO,623,2.4722222222222223,341235201.0000005,0.01858701298701299,16,0.4317817014446228,-0.3273977167474056,-0.18517736883501912,2024-01-11,2026-08-28,,,-0.3273977167474056,-0.18517736883501912,-0.14222034791238647
ACST,3238,12.84920634920635,475941544.29199207,0.014504956654101678,67,0.42063001852995674,-0.05846763015377898,-0.19317739269197376,2013-06-24,2026-08-28,,,-0.058555352756279544,-0.20026216026726018,0.13470976253819478
ADES,6287,24.9484126984127,57062501.00000004,0.009732231404958679,144,0.46349610306982664,0.17503261016476523,0.14348615073362248,2001-05-03,2026-08-28,0.3605454901311842,0.09700671703788721,0.023084676034923035,0.1853160946409702,0.03154645943114276
ADHI,5538,21.976190476190474,6972943801.000007,0.013171570379927944,116,0.4624413145539906,0.08873763250544608,0.01432787467956187,2004-03-18,2026-08-27,0.4009122608173088,0.4121256200126009,-0.09025251274014001,-0.1982091460738371,0.07440975782588422
ADMF,5528,21.936507936507937,60320001.000000015,0.009698360655737705,107,0.43216353111432704,0.06160343611932784,0.17579295290106223,2004-03-31,2026-08-28,0.14359743155493399,0.2607990654905843,0.006991733569906122,0.11999642732222426,-0.11418951678173439
ADMG,5985,23.75,180165000.9999998,0.01070204081632653,137,0.4456140350877193,-0.008267869971011588,0.023544274325114856,2002-07-01,2026-08-28,0.023030204671611765,0.04722360898817968,-0.0341538895217125,0.003810247526083055,-0.03181214429612644
ADMR,1115,4.424603174603175,45653711126.000046,0.009290036900369003,26,0.4609865470852018,-0.012721518570916523,0.8054662244941135,2022-01-03,2026-08-28,,,-0.012721518570916523,0.8054662244941135,-0.8181877430650301
ADRO,4447,17.646825396825395,75464018500.99986,0.008603003003003002,108,0.5367663593433776,0.07758360682859777,0.12663040269470582,2008-07-16,2026-08-28,0.18394834549704564,-0.1151052475898875,0.040117399620172245,0.23712860243789646,-0.04904679586610805
AEGS,707,2.8055555555555554,250958850.99999982,0.02832727272727273,15,0.43988684582743987,-0.0885426346166136,-0.22779079940130975,2023-09-11,2026-08-28,,,-0.0885426346166136,-0.22779079940130975,0.13924816478469615
AGAR,1624,6.444444444444445,2298300.999999999,0.012334006734006734,41,0.3620689655172414,0.020213063634344275,0.4222459376926555,2019-12-02,2026-08-27,,,0.020213063634344275,0.4222459376926555,-0.40203287405831123
AGII,2441,9.686507936507937,300572001.0000001,0.009929004329004329,50,0.3969684555510037,0.13268287940297174,0.1015248366748176,2016-09-28,2026-08-28,,,0.13268287940297174,0.1015248366748176,0.031158042728154145
AGRO,5471,21.71031746031746,369855678.76101655,0.015152478286244348,97,0.36483275452385305,0.09536369983979442,0.0195080128610714,2004-06-18,2026-08-28,-0.021848129879572187,0.012006213945721322,0.18463124085276372,0.024097322183102454,0.07585568697872302
AGRS,2865,11.369047619047619,63171354.15777578,0.016328959768447258,76,0.39092495636998253,-0.1252548036562391,-0.06504891431252491,2014-12-22,2026-08-28,,,-0.1252548036562391,-0.06504891431252491,-0.06020588934371418
AHAP,5670,22.5,1349991.654903412,0.021729032258064516,150,0.47354497354497355,-0.29774561702408975,0.03630451985359873,2003-09-15,2026-08-28,-0.20475575118667,0.04470036370375241,-0.36058139631759634,0.02793708588403665,-0.3340501368776885
AIMS,6231,24.726190476190474,510000.9999999998,0.012266666666666667,137,0.39897287754774513,-0.20923832596716696,0.002195258600873329,2001-07-20,2026-08-28,-0.22551484575824832,-0.0923236811689665,-0.20048938012048345,0.1005437039860968,-0.2114335845680403
AISA,5889,23.36904761904762,1022370876.0000007,0.014220689655172414,127,0.42333163525216505,-0.036112581497250607,-0.0034746286095342915,2002-11-12,2026-08-28,-0.00454976493271253,0.2411644251109235,-0.06129210279554054,-0.1679238120627844,-0.032637952887716315
AKKU,3559,14.123015873015873,299994.34663000004,0.0256,98,0.3810059005338578,-0.9715468003490474,0.039948927514782406,2004-11-01,2019-04-08,-0.9972929346988508,0.14653783994507008,-0.07091305172599616,-0.10005541114613503,-1.0114957278638297
AKPI,6025,23.908730158730158,1000.9999999999998,0.012794244604316548,145,0.44,-0.25850893491868776,0.04135687903548635,2002-05-06,2026-08-28,-0.12836733464864591,0.12135012838259218,-0.3551513477565915,-0.023117677093886124,-0.2998658139541741
AKRA,5147,20.424603174603174,32567891250.999966,0.011482352941176471,130,0.5523605984068389,0.01691482956728252,0.2326221122086929,2005-09-29,2026-08-28,0.23450904196017208,0.5672184727083143,-0.09336856185603204,0.06925806274488266,-0.21570728264141037
AKSI,4579,18.17063492063492,285000.99999999994,0.013600000000000001,77,0.3282376064642935,-0.015480730090376427,0.049128531571771994,2007-12-28,2026-08-28,0.028720777514135598,0.04026260326490583,-0.03331849900899719,0.052841938882117745,-0.06460926166214842
ALDO,3718,14.753968253968255,73529701.0,0.015297990666483071,87,0.5134480903711673,-0.03883477625314857,0.1860568475673694,2011-07-13,2026-08-28,0.10414718842804582,0.622594082396206,-0.05515056640474347,0.13158646166426702,-0.22489162382051797
ALII,604,2.3968253968253967,1862125501.000001,0.01485925925925926,14,0.5298013245033113,0.10284763557798215,0.43336396149893885,2024-02-07,2026-08-28,,,0.10284763557798215,0.43336396149893885,-0.3305163259209567
ALKA,6119,24.28174603174603,195301.00000000003,0.01185,98,0.3230920084981206,0.0039491296014049215,0.23735131576347346,2001-12-26,2026-08-27,0.04327963175756788,0.14292429962214848,-0.02988393370729525,0.3281530439986511,-0.23340218616206854
ALMI,4191,16.63095238095238,7625200.9999999935,0.012266666666666667,112,0.49558577905034595,-0.11715501038502385,0.10102424198583315,2002-05-03,2019-04-08,-0.16127610671361448,0.07279586473102251,-0.013828513219700245,0.16009673810168468,-0.218179252370857
ALTO,1672,6.634920634920635,102323651.00000003,0.0112657223796034,42,0.48086124401913877,-0.10702509344559408,0.04150938190559117,2012-07-10,2019-04-08,0.6051773510180367,1.1884114813039175,-0.18984230004849112,-0.07924569459624586,-0.14853447535118525
AMAG,5088,20.19047619047619,24149801.000000026,0.012544444444444445,135,0.5037342767295597,-0.0432283077966189,0.11486206626603801,2005-12-23,2026-08-28,0.2171056495136745,0.14185156310960445,-0.16672768324098697,0.10128688119132168,-0.1580903740626569
AMAN,1553,6.162698412698413,151017000.99999994,0.013664516129032259,39,0.48036059240180295,-0.044209162221315434,0.07608954424175618,2020-03-13,2026-08-28,,,-0.044209162221315434,0.07608954424175618,-0.12029870646307161
AMAR,1599,6.345238095238095,286512350.9999999,0.0132043192013237,34,0.45528455284552843,0.061638978432473124,-0.006153400004079046,2020-01-09,2026-08-28,,,0.061638978432473124,-0.006153400004079046,0.06779237843655217
AMFG,6015,23.86904761904762,56951875.999999955,0.007931002331002331,133,0.5035743973399833,0.07451042821625142,0.058276349202995625,2002-05-20,2026-08-28,0.13908337488069455,0.21164038805023133,0.028411197000597355,-0.05761850287975134,0.016234079013255798
AMIN,2627,10.424603174603174,8957951.000000015,0.014003361344537814,72,0.47011800532927295,-0.17739133324012468,0.0882361491625645,2015-12-10,2026-08-28,,,-0.17739133324012468,0.0882361491625645,-0.2656274824026892
AMMN,751,2.9801587301587302,233402286251.00006,0.009048275862068966,14,0.4540612516644474,-0.018347151787758587,0.36230772669385525,2023-07-07,2026-08-28,,,-0.018347151787758587,0.36230772669385525,-0.38065487848161383
AMMS,975,3.869047619047619,60052051.0000001,0.02733913043478261,18,0.41435897435897434,0.05753565651833381,0.24613493180095025,2022-08-04,2026-08-28,,,0.05753565651833381,0.24613493180095025,-0.18859927528261644
AMOR,1372,5.444444444444445,27477001.0,0.010575124378109452,30,0.4096209912536443,-0.1144822951115323,-0.19769310483654745,2020-12-15,2026-08-28,,,-0.1144822951115323,-0.19769310483654745,0.08321080972501516
AMRT,4330,17.182539682539684,196312500.99999973,0.013292307692307694,106,0.5020785219399538,-0.08002283227231621,0.2431094247178136,2009-01-15,2026-08-28,0.11676853958680522,0.9496311329687206,-0.13858669470342122,0.06645635835866126,-0.3231322569901298
ANDI,1958,7.76984126984127,16106951.000000017,0.0256,29,0.29775280898876405,-0.16048461452138307,-0.18684693539465402,2018-08-20,2026-08-28,,,-0.16048461452138307,-0.18684693539465402,0.02636232087327095
ANJT,3260,12.936507936507937,60993501.00000002,0.010005286343612335,67,0.4539877300613497,0.045492984251548574,0.037602441846090295,2013-05-08,2026-08-28,,,0.046012483014430394,0.030881595898483605,0.007890542405458278
ANTM,5147,20.424603174603174,46060843000.99992,0.009320340480183691,97,0.4557994948513697,-0.05548211863820807,0.13286865514591417,2005-09-29,2026-08-28,-0.360937730688771,0.1301089617201716,0.19029993847491022,0.134505623051977,-0.18835077378412224
APEX,4579,18.17063492063492,36341600.99999997,0.008408988764044945,72,0.30268617602096526,-0.0767323452439489,-0.12242536564516238,2007-12-28,2026-08-28,0.02467051870943182,-0.006311826413486155,-0.11593161358323512,-0.16566372043976085,0.04569302040121348
APIC,5561,22.067460317460316,38374987.251090966,0.015229147212332057,111,0.4094587304441647,-0.3183989496528218,-0.0400456077290553,2004-02-13,2026-08-28,-0.6114663092522172,-0.2910436557989664,0.02164849675485292,0.19408369607928533,-0.2783533419237665
APII,3147,12.488095238095237,1656051.0000000002,0.010754639175257732,97,0.4744200826183667,-0.21399587767430084,-0.037648642288282796,2013-10-29,2026-08-28,,,-0.21399587767430084,-0.037648642288282796,-0.17634723538601804
APLI,6471,25.678571428571427,3255000.999999999,0.01794567901234568,197,0.4679338587544429,-0.35548270505550217,0.014595291386724885,2000-08-18,2026-08-28,-0.4091729270251532,-0.07902592372969441,-0.2968189091435752,0.11448857691076642,-0.37007799644222705
APLN,3882,15.404761904761905,2880562500.9999957,0.010728205128205128,88,0.4750128799587841,-0.05540321116155378,-0.06596681039538987,2010-11-11,2026-08-28,-0.13716848034052587,-0.017260629060685928,-0.0380782452470243,-0.07450681923108038,0.010563599233836096
ARCI,1245,4.940476190476191,2425988001.000004,0.011005405405405407,24,0.4570281124497992,0.2422915874088345,0.1387789428764643,2021-06-28,2026-08-28,,,0.2422915874088345,0.1387789428764643,0.10351264453237019
AREA,572,2.2698412698412698,1084362751.0000005,0.0121359477124183,14,0.5034965034965035,-0.033305779909769684,0.45578197697649836,2024-04-01,2026-08-28,,,-0.033305779909769684,0.45578197697649836,-0.48908775688626804
ARGO,5706,22.642857142857142,1.0,0.0106,32,0.16859446196985628,0.0855904984903908,0.018466241809356188,2003-07-25,2026-08-28,0.04733426069275981,0.029748867354628228,0.1157942163598622,0.00991940577396866,0.06712425668103461
ARII,3639,14.44047619047619,18411101.000000007,0.010197701149425288,94,0.4413300357241,-0.1386280501777204,-0.10876527112201495,2011-11-08,2026-08-28,-0.4129645271801834,-0.33336125227434066,-0.09601526831380425,-0.07466755905646139,-0.029862779055705446
ARKO,994,3.9444444444444446,2218724751.000003,0.011171030640668524,22,0.48490945674044267,0.4242199039136725,1.0766379285811984,2022-07-08,2026-08-28,,,0.4242199039136725,1.0766379285811984,-0.652418024667526
ARMY,469,1.8611111111111112,1896391400.9999983,0.012178947368421053,10,0.3752665245202559,-0.1465565693717883,-0.1562649558071424,2017-06-21,2019-04-08,,,-0.1465565693717883,-0.1562649558071424,0.0097083864353541
ARNA,5146,20.42063492063492,614372900.9999989,0.00987807486631016,133,0.5198212203653323,-0.07873130814787477,0.17876727594973962,2005-09-29,2026-08-28,0.03508593826456741,0.5463579383774779,-0.14014205746095476,0.00251993570473541,-0.2574985840976144
ARTA,5893,23.384920634920636,712501.0000000002,0.010538271604938271,131,0.44595282538605124,-0.06996811478289944,0.13242785065820706,2002-11-05,2026-08-28,0.02964914003328789,0.0738342777445391,-0.14470930165770834,0.18306183962164257,-0.2023959654411065
ARTI,3919,15.551587301587302,19160000.999999985,0.012379661016949152,79,0.396274559836693,-0.09591858123851349,-0.12830637716810334,2003-05-02,2019-04-08,-0.1166234997651614,-0.057879391770322974,-0.058883004741683176,-0.2381126672339411,0.03238779592958985
ARTO,2609,10.353174603174603,5079744751.000003,0.008523976608187135,62,0.4695285550019164,0.39030963959247944,0.44843201731419824,2016-01-12,2026-08-28,,,0.39030963959247944,0.44843201731419824,-0.0581223777217188
ASBI,6439,25.5515873015873,1222100.9999999998,0.01420215053763441,173,0.4933995962105917,-0.232234636854439,0.00804485114153719,2000-10-03,2026-08-28,-0.11285872839380728,-0.053440402578062596,-0.33474458985306865,0.07384527498664006,-0.2402794879959762
ASDM,6007,23.83730158730159,740751.0000000003,0.010145454545454544,178,0.5228899617113367,-0.14816571532749367,0.15765482713286638,2002-05-30,2026-08-28,-0.0918314213604896,0.2160371006646402,-0.193708220243344,0.10980071228069432,-0.30582054246036006
ASGR,5146,20.42063492063492,394649500.9999994,0.010863157894736842,124,0.5097162844928099,0.030575606436800573,0.1719832560315726,2005-09-29,2026-08-28,0.10812117961444678,0.32571928276941664,-0.012763771097091259,0.08889585700594504,-0.14140764959477203
ASHA,1023,4.059523809523809,1179247900.9999995,0.023457142857142857,18,0.4066471163245357,0.0925194617447842,-0.1913549698403233,2022-05-27,2026-08-28,,,0.0925194617447842,-0.1913549698403233,0.2838744315851075
ASII,6428,25.50793650793651,170553087501.0001,0.010316981132075471,151,0.5469819539514623,0.09014358338932116,0.1798843084015196,2000-10-17,2026-08-28,0.26082107257628984,0.3688580604043239,-0.0559009285003399,0.020405018670716757,-0.08974072501219843
ASJT,5595,22.202380952380953,316062.19370269775,0.011405946754429165,90,0.33011617515638964,-0.0684245037504767,0.028620285392779055,2003-12-29,2026-08-28,0.023768683458019746,0.04756296345081634,-0.13048779649208608,0.014997834607112015,-0.09704478914325576
ASLC,1099,4.361111111111111,1715287301.0000005,0.016126315789473683,24,0.38034576888080074,-0.1631353927924475,-0.29403055213404483,2022-01-25,2026-08-28,,,-0.1631353927924475,-0.29403055213404483,0.13089515934159734
ASLI,627,2.488095238095238,46300001.000000075,0.0256,12,0.4003189792663477,0.6618299136664769,0.5096506639670755,2024-01-05,2026-08-28,,,0.6618299136664769,0.5096506639670755,0.15217924969940144
ASMI,3094,12.277777777777779,126491050.99999984,0.010976344086021505,62,0.4793148028442146,-0.04411540065413744,-0.12833818830532007,2014-01-16,2026-08-28,,,-0.04411540065413744,-0.12833818830532007,0.08422278765118263
ASPI,1572,6.238095238095238,229651101.00000033,0.012544444444444445,37,0.47837150127226463,0.056315973922955065,0.1339845835084088,2020-02-17,2026-08-28,,,0.056315973922955065,0.1339845835084088,-0.07766860958545374
ASRI,4583,18.186507936507937,6448888951.000002,0.013600000000000001,98,0.4837442723107135,0.07791311994252159,-0.013761774422339057,2007-12-18,2026-08-28,0.5395417909957541,0.32152483709639235,-0.07116006584805712,-0.1272064081542631,0.09167489436486065
ASRM,5147,20.424603174603174,152500.9966430665,0.015527271556759807,98,0.3738099863998446,-0.07922948184730816,0.1478037644406236,2005-09-29,2026-08-28,0.04205235638007476,0.25226887649461016,-0.1442688017485474,0.0901131288957584,-0.22703324628793176
ASSA,3386,13.436507936507937,3186169450.0186467,0.00968916215416034,70,0.4616066154754873,0.22085477120249708,0.05162864577056969,2012-11-12,2026-08-28,-0.2685875433285968,-0.5880165356404499,0.2510246817783428,0.09526099496886054,0.1692261254319274
ATAP,1374,5.4523809523809526,40181700.99999995,0.017364705882352942,26,0.4279475982532751,0.07475461864537358,0.294421236162423,2020-12-11,2026-08-28,,,0.07475461864537358,0.294421236162423,-0.2196666175170494
ATIC,2732,10.841269841269842,7297500.9999999935,0.013351937984496125,69,0.462298682284041,-0.47518765131726703,-0.03621773569956632,2015-07-08,2026-08-28,,,-0.47518765131726703,-0.03621773569956632,-0.4389699156177007
ATLA,567,2.25,435977500.9999998,0.0256,9,0.3315696649029982,-0.3380363552199037,-0.34841098488589317,2024-04-16,2026-08-28,,,-0.3380363552199037,-0.34841098488589317,0.010374629665989454
AUTO,6386,25.341269841269842,608849609.9411916,0.009197122302158273,142,0.5089257751331037,0.12231493383946024,0.13930293872776423,2000-12-14,2026-08-28,0.17070635545444302,0.26205896271855744,0.07912628371582309,0.03302929142422695,-0.016988004888303987
AVIA,1132,4.492063492063492,8346935500.999987,0.0155009900990099,24,0.4037102473498233,-0.17140883596095113,-0.14136213212813586,2021-12-08,2026-08-28,,,-0.17140883596095113,-0.14136213212813586,-0.03004670383281527
AWAN,797,3.1626984126984126,3186905851.000003,0.013007407407407409,19,0.45796737766624845,-0.28666189146687204,0.07159307599197628,2023-04-18,2026-08-28,,,-0.28666189146687204,0.07159307599197628,-0.35825496745884833
AXIO,986,3.9126984126984126,173029250.99999982,0.012742857142857143,21,0.41683569979716023,-0.10660189001761533,-0.05502569827983339,2022-07-20,2026-08-28,,,-0.10660189001761533,-0.05502569827983339,-0.05157619173778194
AYAM,650,2.5793650793650795,13638794301.0,0.012311409395973154,12,0.5938461538461538,0.5859940302640017,0.6299474533275313,2023-11-30,2026-08-28,,,0.5859940302640017,0.6299474533275313,-0.04395342306352967
AYLS,1575,6.25,348584900.99999994,0.01858701298701299,28,0.4438095238095238,0.2092544710739075,-0.01982691236044576,2020-02-12,2026-08-28,,,0.2092544710739075,-0.01982691236044576,0.22908138343435325
BABP,5975,23.71031746031746,11242500.999999993,0.01709425287356322,123,0.43665271966527197,-0.17998882451316767,-0.023884640718322525,2002-07-15,2026-08-28,-0.22360884309133733,0.024110301637107145,-0.1410781322900746,-0.06224582409683477,-0.15610418379484514
BABY,709,2.8134920634920637,854542400.9999999,0.013536507936507937,13,0.44992947813822287,-0.09963064073203287,-0.09941490923259144,2023-09-07,2026-08-28,,,-0.09963064073203287,-0.09941490923259144,-0.00021573149944142944
BACA,4633,18.384920634920636,28343250.99999998,0.013062686567164179,142,0.45262249082667816,-0.2241554994750572,-0.026204761574087243,2007-10-04,2026-08-28,-0.23460498191451706,-0.09189319779537897,-0.21958636418922928,0.0036952961773302206,-0.19795073790096995
BAIK,604,2.3968253968253967,210978900.9999999,0.015909278350515463,13,0.5447019867549668,0.47586787207243963,0.12077795521525925,2024-02-15,2026-08-28,,,0.47586787207243963,0.12077795521525925,0.3550899168571804
BAJA,3609,14.321428571428571,103164601.00000007,0.01185,77,0.4344693821003048,0.08260942108835234,-0.014762838501131581,2011-12-21,2026-08-28,0.6145209778007732,0.10571456054219919,0.0334400269377757,-0.02884612036274492,0.09737225958948392
BALI,3055,12.123015873015873,35612501.00000003,0.010919148936170213,74,0.46088379705400984,-0.0894426130747692,0.23380820114080936,2014-03-13,2026-08-28,,,-0.0894426130747692,0.23380820114080936,-0.32325081421557855
BANK,1342,5.325396825396825,13484888501.000023,0.010187155963302753,34,0.3859910581222057,-0.3500217538880728,0.1628823085590041,2021-02-01,2026-08-28,,,-0.3500217538880728,0.1628823085590041,-0.5129040624470769
BAPA,4573,18.146825396825395,3187501.0000000023,0.016835955056179776,100,0.40454843647496175,-0.1468240267246934,-0.02084173484195484,2008-01-14,2026-08-28,-0.1202933176241644,-0.16322282889192907,-0.15756186069696165,0.042481524817461036,-0.12598229188273857
BAPI,1678,6.658730158730159,382501.00000000006,0.0256,12,0.1364719904648391,0.006513250822578032,-0.2569024044060627,2019-09-16,2026-08-28,,,0.006513250822578032,-0.2569024044060627,0.26341565522864074
BATA,3032,12.031746031746032,468001.0000000003,0.01407457627118644,76,0.4795514511873351,-0.5387357153495393,-0.31801772537624784,2001-12-07,2019-04-08,-0.7020377704864538,-0.5142955058345511,-0.24305079133025842,-0.048508823706858606,-0.2207179899732915
BATR,533,2.115079365079365,199352701.00000012,0.017364705882352942,14,0.4878048780487805,-0.19889267811848765,-0.0920362957217451,2024-06-10,2026-08-28,,,-0.19889267811848765,-0.0920362957217451,-0.10685638239674256
BAUT,1096,4.349206349206349,17470001.000000004,0.02807191011235955,18,0.41514598540145986,-0.1182796492334991,-0.2496653150417677,2022-01-28,2026-08-28,,,-0.1182796492334991,-0.2496653150417677,0.1313856658082686
BAYU,6156,24.428571428571427,375251.0000000003,0.010251162790697675,175,0.5207927225471085,-0.28006759028418304,0.11941065189867661,2001-11-01,2026-08-28,-0.35352332329079894,0.10933679966235799,-0.20644594755863288,0.1264325000873867,-0.39947824218285966
BBCA,5479,21.74206349206349,166295927500.99997,0.009402281368821293,136,0.5745574009855813,0.018139562759517114,0.21437836240031527,2004-06-08,2026-08-28,0.102361917683218,0.366979442683502,-0.036552489721221715,0.11938781072428029,-0.19623879964079816
BBHI,2711,10.757936507936508,314414001.0000001,0.015024593722943895,58,0.4382146809295463,0.3419451915793841,0.39076166355485786,2015-08-12,2026-08-28,,,0.3419451915793841,0.39076166355485786,-0.048816471975473785
BBKP,4948,19.634920634920636,3396343351.0000014,0.011995457601256452,113,0.4385610347615198,0.017657415746947125,-0.051115770255063864,2006-07-10,2026-08-28,0.18055225094604332,0.15369506341265526,-0.05942123480886441,-0.14362929482074693,0.06877318600201099
BBLD,6137,24.353174603174605,373954.25549316395,0.009844444402706948,151,0.5137689424800391,-0.11976781559140282,0.19333464291251312,2001-11-29,2026-08-28,-0.015582900277305134,0.4472717977123297,-0.2032151441973643,0.0034619437389356023,-0.31310245850391594
BBMD,3221,12.781746031746032,164751.0,0.008705590062111801,88,0.4892890406705992,-0.15311497945858654,0.0317153541471511,2013-07-08,2026-08-28,,,-0.15311497945858654,0.0317153541471511,-0.18483033360573764
BBNI,5599,22.21825396825397,117201651250.99988,0.009685801838610827,120,0.5425968923021969,0.05954594527612578,0.12180261807670956,2003-12-23,2026-08-28,0.22558882401158598,0.17567315252294358,-0.04753293262979463,0.08394938038882027,-0.06225667280058378
BBRI,5630,22.341269841269842,255974872390.05112,0.00817013790898198,133,0.5699822380106572,0.04493440412883998,0.22195924816291224,2003-11-10,2026-08-28,0.1314697811355794,0.3829165374176091,-0.014923023061973573,0.11263070687316845,-0.17702484403407226
BBRM,3350,13.293650793650794,1610461.899234773,0.020354807368668234,60,0.3465671641791045,-0.08668648766907716,-0.07350007564291539,2013-01-09,2026-08-28,,,-0.08338129850155762,-0.0582507813862424,-0.013186412026161776
BBSI,1439,5.7103174603174605,52179562.33544922,0.008084155472956578,31,0.4975677553856845,0.2560734156753428,0.45500731550410833,2020-09-07,2026-08-28,,,0.2560734156753428,0.45500731550410833,-0.19893389982876553
BBSS,1532,6.079365079365079,130884201.00000006,0.015909278350515463,34,0.44321148825065276,-0.0916132559485967,-0.07477465457263455,2020-04-15,2026-08-28,,,-0.0916132559485967,-0.07477465457263455,-0.01683860137596216
BBTN,4101,16.273809523809526,31331463315.96273,0.009401692012826998,100,0.5142648134601316,0.00685949253281537,0.05668124946983433,2009-12-17,2026-08-28,0.14805518989870725,0.13249697716216824,-0.027998189184907485,0.037204948575265906,-0.04982175693701896
BBYB,2861,11.353174603174603,865602745.3213117,0.012979571033156835,68,0.4330653617616218,0.04289603144389975,0.03970322081364186,2015-01-13,2026-08-28,,,0.04289603144389975,0.03970322081364186,0.003192810630257892
BCAP,6261,24.845238095238095,6007151.000000001,0.01761204723878343,121,0.39690145344194216,-0.0691614768566372,0.01989346689796201,2001-06-08,2026-08-28,-0.09587954840056834,0.17808498030350917,-0.04342195663892212,-0.10761411542197563,-0.08905494375459921
BCIC,6508,25.825396825396826,1.0,0.005605,83,0.21450522433927474,-0.13823851074441196,-0.16332488301853254,2000-06-28,2026-08-28,-0.17172282034932884,-0.12878782828809976,-0.10293882209339378,-0.30159451745214605,0.025086372274120583
BCIP,4104,16.285714285714285,496535700.99999917,0.013968200836820082,100,0.43835282651072127,-0.1658414431467471,-0.06014265522424134,2009-12-11,2026-08-28,-0.026635015895310366,0.23587110699270908,-0.19986261548471085,-0.12515044345512982,-0.10569878792250575
BDKR,826,3.2777777777777777,3231006051.0,0.01485925925925926,14,0.6331719128329297,0.2994685816147882,-0.10370841238123774,2023-03-03,2026-08-28,,,0.2994685816147882,-0.10370841238123774,0.4031769939960259
BDMN,5838,23.166666666666668,7687708501.000013,0.008008982399019468,133,0.5226104830421378,0.038409222441100344,0.09565307285060753,2003-01-22,2026-08-28,0.05783434857306857,0.21057159724845853,0.029473759092493168,0.011043667329459161,-0.05724385040950719
BEEF,1855,7.361111111111111,504334922.0745993,0.01235356704190033,44,0.5029649595687331,0.11546572313378056,0.03796407554446479,2019-01-10,2026-08-28,,,0.11546572313378056,0.03796407554446479,0.07750164758931577
BEER,865,3.4325396825396823,152896001.00000006,0.010650505050505051,19,0.3213872832369942,-0.03680727034295039,-0.2727611094999366,2023-01-06,2026-08-28,,,-0.03680727034295039,-0.2727611094999366,0.2359538391569862
BEKS,6236,24.746031746031747,6794138.797603606,0.0256,126,0.37572161642078256,-0.30419377139978443,-0.03483382362090626,2001-07-13,2026-08-28,-0.4267345247321982,0.02320631634335646,-0.16363994490303402,-0.08579161601485796,-0.2693599477788782
BELI,908,3.6031746031746033,800233701.0000008,0.010024778761061948,27,0.32709251101321585,-0.10196391921468018,-0.1412222967852007,2022-11-08,2026-08-28,,,-0.10196391921468018,-0.1412222967852007,0.03925837757052053
BELL,2186,8.674603174603174,339197089.1290431,0.0155009900990099,52,0.47118023787740165,0.13819667426041105,0.14717773693461367,2017-10-04,2026-08-28,,,0.13819667426041105,0.14717773693461367,-0.008981062674202622
BESS,1557,6.178571428571429,126824425.99999991,0.013062686567164179,34,0.46563904945407836,0.49324877911817544,0.30324450854881535,2020-03-09,2026-08-28,,,0.49324877911817544,0.30324450854881535,0.1900042705693601
BEST,3525,13.988095238095237,3827649101.0,0.014147008547008549,77,0.4499290780141844,-0.044768068939836314,-0.04923837818253107,2012-04-10,2026-08-28,0.10803512587349928,1.374301909077274,-0.05791057809701916,-0.1271020601793077,0.004470309242694759
BFIN,6279,24.916666666666668,129375000.9999999,0.01376326530612245,142,0.5239687848383501,0.06780068622553093,0.28670421382146816,2001-05-15,2026-08-28,0.17738765996528083,0.4093113017039556,-0.021613505720052828,0.18196012254043925,-0.21890352759593723
BGTG,2534,10.055555555555555,485489245.70282805,0.017480170813710852,54,0.4123914759273875,-0.07475031551654232,0.027402751950795112,2016-05-12,2026-08-28,,,-0.07475031551654232,0.027402751950795112,-0.10215306746733743
BHIT,6307,25.02777777777778,1298029550.9999995,0.017504761904761905,124,0.4144601236721104,0.04766417042748938,-0.04888432642913221,2001-04-05,2026-08-28,0.17683226879629,0.14625539598404735,-0.061978373510233054,-0.20221853129604694,0.09654849685662159
BIKA,937,3.7182539682539684,5127200.999999996,0.0106,28,0.38847385272145146,-0.3135732612935108,-0.4017987250053686,2015-07-14,2019-04-08,,,-0.3135732612935108,-0.4017987250053686,0.0882254637118578
BIMA,3822,15.166666666666666,1.0,0.010044444444444444,46,0.22030350601779172,-0.26195456117957006,-0.12875257161723408,2001-11-15,2019-04-08,-0.17540072605636692,0.009224389958798707,-0.38640211114588585,-0.317943778195667,-0.13320198956233598
BINA,3103,12.313492063492063,218625200.99999985,0.010676142131979694,89,0.5078955849178215,-0.016886462246401446,0.2781543783739244,2014-01-16,2026-08-28,,,-0.016886462246401446,0.2781543783739244,-0.2950408406203259
BINO,1141,4.527777777777778,174012650.99999988,0.013292307692307694,25,0.45574057843996496,0.005294838391307843,-0.07352068144058876,2021-11-25,2026-08-28,,,0.005294838391307843,-0.07352068144058876,0.07881551983189661
BIPI,4066,16.134920634920636,3880928500.9999967,0.01671111111111111,85,0.36866699458927693,-0.16444490280034496,-0.015578120689497377,2010-02-11,2026-08-28,0.0013363137718500617,-0.10167521230229992,-0.20251573911972698,0.009692191716484055,-0.14886678211084758
BIPP,6126,24.30952380952381,5251251.0,0.023457142857142857,155,0.4464577211883774,-0.3056773836291481,0.02707148001320525,2001-12-13,2026-08-28,-0.430411923444894,0.09379781231249273,-0.17097452090367982,-0.029983043926712027,-0.33274886364235334
BIRD,2897,11.496031746031745,2024030125.9999983,0.01055049504950495,67,0.4445978598550224,-0.0712320753072504,-0.09210854652307499,2014-11-05,2026-08-28,,,-0.0712320753072504,-0.09210854652307499,0.020876471215824588
BISI,4724,18.746031746031747,222338750.99999973,0.010407692307692309,79,0.35182049110922947,0.02599134461497754,0.07534007011021071,2007-05-28,2026-08-28,0.246568929334277,0.1713669317891553,-0.06136977303557378,0.032793843292471925,-0.04934872549523317
BJBR,3966,15.738095238095237,8981894708.18415,0.009885294753683957,102,0.48940998487140697,0.010259037382523761,0.0650370581223314,2010-07-08,2026-08-28,-0.048980441048837475,0.15695826459651463,0.0241952083165764,0.04386502544691928,-0.05477802073980764
BJTM,3468,13.761904761904763,4239346751.000002,0.014220689655172414,78,0.5074971164936563,0.022844109096106235,0.09935206839780153,2012-07-12,2026-08-28,0.10129719092628475,-0.028173812863058423,0.01733941699156971,0.10929454375584835,-0.0765079593016953
BKDP,2903,11.51984126984127,5837000.999999998,0.016469565217391305,78,0.47640372028935585,-0.26853072346518814,-0.10209494107473116,2007-06-15,2019-04-08,-0.14080518076891557,-0.12446276594980288,-0.379710298677402,-0.07858852245545456,-0.16643578239045698
BKSL,5147,20.424603174603174,1.0,0.015958080499241273,41,0.1869049931999223,0.024057815559935358,-0.08445616907484466,2005-09-29,2026-08-28,0.09053360664944776,-0.002889591622526777,-0.013371387402072332,-0.12956478199098742,0.10851398463478001
BKSW,5882,23.341269841269842,910901.0,0.012794244604316548,149,0.46684801088065286,-0.18626638421464858,-0.02065697377738651,2002-11-21,2026-08-28,-0.06925816892041714,0.13553378699674656,-0.27108831129583133,-0.1324823919412842,-0.16560941043726207
BLES,515,2.0436507936507935,726202101.0,0.011314285714285714,14,0.4155339805825243,-0.1086894394923269,-0.06840373979371095,2024-07-08,2026-08-28,,,-0.1086894394923269,-0.06840373979371095,-0.04028569969861595
BLTA,6088,24.158730158730158,57914862.035293505,0.01070204081632653,63,0.26576872536136664,0.04501295576623443,-0.063208154835805,2002-02-06,2026-08-28,0.0861126875302416,0.018185825991474003,0.010013632960510721,-0.12965837114378342,0.10822111060203943
BLTZ,1245,4.940476190476191,1.0,0.008933333333333333,27,0.5445783132530121,0.1282037730078711,0.241508520212258,2014-04-10,2019-04-05,,,0.1282037730078711,0.241508520212258,-0.11330474720438688
BLUE,1728,6.857142857142857,57579000.999999925,0.010625125628140704,40,0.53125,0.3342287555112522,0.5224199085369119,2019-07-08,2026-08-28,,,0.3342287555112522,0.5224199085369119,-0.1881911530256597
BMAS,3224,12.793650793650794,1604898.2584991467,0.012261528756608825,99,0.4857320099255583,-0.29669740360032526,0.12273827691449823,2013-07-11,2026-08-28,,,-0.29669740360032526,0.12273827691449823,-0.4194356805148235
BMBL,862,3.4206349206349205,56170701.00000008,0.04131428571428571,18,0.4466357308584687,-0.06232118519943375,-0.4097852104246169,2023-01-11,2026-08-28,,,-0.06232118519943375,-0.4097852104246169,0.34746402522518316
BMHS,1239,4.916666666666667,344411000.9999999,0.011552380952380953,33,0.3454398708635997,-0.2784088900542716,-0.14374639337464323,2021-07-06,2026-08-28,,,-0.2784088900542716,-0.14374639337464323,-0.13466249667962837
BMRI,5715,22.678571428571427,212722765000.99973,0.009723711340206186,132,0.5623797025371828,0.04290427078136605,0.1923271329735714,2003-07-14,2026-08-28,0.1693730414063297,0.3253962817397089,-0.04482547450865959,0.10026480754084455,-0.14942286219220535
BMSR,6078,24.11904761904762,720000.9999999995,0.01185,147,0.4629812438302073,-0.211669418717515,0.0577677877682401,2002-02-20,2026-08-28,-0.3471567787293909,0.043942653888841,-0.09046131475306829,0.0700851026168996,-0.2694372064857551
BMTR,5146,20.42063492063492,7536543751.000005,0.010663291139240506,113,0.44850369218810726,-0.006653485507977286,-0.016024377093063036,2005-09-29,2026-08-28,0.3714926815770896,0.3967852459469021,-0.1793887888150033,-0.1989119841130621,0.00937089158508575
BNBA,4975,19.74206349206349,37474927.46941381,0.015297838547768804,114,0.49829145728643215,0.026690436447253774,0.09106825438163613,2006-06-01,2026-08-28,-0.13699536114882038,-0.028976335768521322,0.12740678484597168,0.16394934003731643,-0.06437781793438235
BNBR,6446,25.57936507936508,1.0,0.008231578947368421,72,0.17700899782811044,-0.24452706739396746,-0.1560662729225295,2000-09-28,2026-08-28,-0.43786818008262673,-0.05218900111164604,0.01271946344749586,-0.24780400308973582,-0.08846079447143795
BNGA,5867,23.28174603174603,2728279245.341154,0.010781347150259067,125,0.49531276632009547,0.10247332576675117,0.12190627247735786,2002-12-11,2026-08-28,0.11817051879143015,0.17669696310008165,0.08983885143230874,0.07912962559572945,-0.01943294671060669
BNII,5389,21.384920634920636,253373600.99999967,0.013292307692307694,120,0.4273520133605493,-0.031035106904729437,0.02910116896320547,2004-10-11,2026-08-28,-0.032473590718696155,0.1109771738556895,-0.030073889421031508,-0.026443563998076347,-0.06013627586793491
BNLI,5479,21.74206349206349,175110206.06127936,0.010891005291005292,120,0.4838474174119365,0.026917636302917547,0.07712436572400971,2004-06-08,2026-08-28,-0.028730185149838716,0.11697585825990431,0.0674428702076646,0.04978461285934643,-0.05020672942109217
BOAT,425,1.6865079365079365,905337850.999999,0.013175757575757577,6,0.4470588235294118,0.5284286881175313,0.05602676081111935,2024-11-12,2026-08-28,,,0.5284286881175313,0.05602676081111935,0.47240192730641195
BOBA,1159,4.599206349206349,38047200.999999955,0.011155555555555556,29,0.44089732528041414,-0.19053624868777286,-0.07069626332590662,2021-11-01,2026-08-28,,,-0.19053624868777286,-0.07069626332590662,-0.11983998536186624
BOGA,2384,9.46031746031746,4922028501.000001,0.010104504504504504,61,0.45931208053691275,-0.0005993923563645254,0.22422878982236338,2016-12-20,2026-08-28,,,-0.0005993923563645254,0.22422878982236338,-0.2248281821787279
BOLA,1742,6.912698412698413,102542201.00000012,0.011034782608695653,35,0.38002296211251435,0.17687532159664832,-0.09594307058911378,2019-06-17,2026-08-28,,,0.17687532159664832,-0.09594307058911378,0.2728183921857621
BOLT,2732,10.841269841269842,94977500.99999997,0.011217977528089888,67,0.4791361639824305,-0.17459321392397698,0.018358246435202785,2015-07-07,2026-08-28,,,-0.17459321392397698,0.018358246435202785,-0.19295146035917976
BPFI,4238,16.817460317460316,327405.4739074704,0.011869285999152629,86,0.4933931099575271,-0.001063309004212254,0.09745348466975323,2009-06-01,2026-08-28,0.25240298518355164,0.3965571220305686,-0.0688708495797421,0.01823480767079544,-0.09851679367396549
BPII,2925,11.607142857142858,1.0,0.010898013245033113,51,0.4300854700854701,0.11748691065835604,0.25077494149859714,2014-09-29,2026-08-28,,,0.11748691065835604,0.25077494149859714,-0.1332880308402411
BPTR,1988,7.888888888888889,64503601.00000011,0.0181,53,0.40090543259557343,-0.2211769652225063,-0.03878832953168976,2018-07-09,2026-08-28,,,-0.2211769652225063,-0.03878832953168976,-0.18238863569081654
BRAM,6015,23.86904761904762,1.0,0.008933333333333333,127,0.45270157938487116,-0.0512615113554612,0.130746375893674,2002-05-20,2026-08-28,-0.08347604402137043,0.17757380129020062,-0.025528914904744182,0.09194472284225541,-0.1820078872491352
BREN,688,2.7301587301587302,145977716251.00012,0.009184229390681004,15,0.45930232558139533,-0.21867853231242684,0.574870973063228,2023-10-09,2026-08-28,,,-0.21867853231242684,0.574870973063228,-0.7935495053756548
BRIS,2030,8.055555555555555,32214721251.000034,0.008621148036253776,42,0.42758620689655175,0.08592662699147824,0.17014272483652015,2018-05-09,2026-08-28,,,0.08592662699147824,0.17014272483652015,-0.08421609784504192
BRMS,3864,15.333333333333334,8160739681.121371,0.011929113924050633,78,0.452639751552795,0.009182847800835114,0.013507008662809072,2010-12-09,2026-08-28,-0.2990168753841058,-0.2870771171890478,0.0835742266872399,0.0869644048590692,-0.004324160861973958
BRNA,6432,25.523809523809526,2787426.0419235206,0.014814926921759963,159,0.48802860696517414,-0.10740491235826044,0.10702808765346239,2000-10-12,2026-08-28,0.028649468412936585,0.2105941900177266,-0.22430760431609564,0.013274601477833992,-0.21443300001172283
BRPT,5988,23.761904761904763,8873064873.587368,0.013981810820805733,126,0.46993987975951906,0.36724403426386965,0.27702788467081363,2002-06-26,2026-08-28,0.40004343834297895,0.19280199868965897,0.33990112709509046,0.3521350115811426,0.09021614959305602
BSBK,908,3.6031746031746033,997788501.000001,0.024467924528301887,16,0.45044052863436124,-0.2222958564836961,-0.23770598621715122,2022-11-08,2026-08-28,,,-0.2222958564836961,-0.23770598621715122,0.015410129733455125
BSDE,4475,17.75793650793651,18424355001.000008,0.010145454545454544,105,0.515754189944134,0.0026518892597677812,0.015382020292966647,2008-06-06,2026-08-28,0.3471256402335521,0.2968947756524709,-0.10499954188591343,-0.07661519374812009,-0.012730131033198866
BSIM,3823,15.170634920634921,21632500.999999963,0.01407457627118644,98,0.44676955270729796,-0.10753406556216372,0.04713245331748461,2011-02-08,2026-08-28,-0.3284321403304925,-0.1722690006061881,-0.05989785724989716,0.08943490548043331,-0.15466651887964833
BSML,1126,4.468253968253968,5289463001.000005,0.010821932114882506,23,0.46536412078152756,0.2019536752472193,0.30883152238184497,2021-12-16,2026-08-28,,,0.2019536752472193,0.30883152238184497,-0.10687784713462567
BSSR,3387,13.44047619047619,8450001.000000004,0.008112562814070351,75,0.4924712134632418,0.07555599994514384,0.19518545083021244,2012-11-08,2026-08-28,-0.39698514881990443,0.0504343489179202,0.10690351969971634,0.20265845761301837,-0.1196294508850686
BSWD,6030,23.928571428571427,1.0,0.010044444444444444,60,0.2933665008291874,0.16659400170147198,0.12368126595066675,2002-05-02,2026-08-28,0.10922679849027817,0.25672808056925445,0.21850670449966203,0.04283398539286076,0.04291273575080523
BTEK,5495,21.805555555555557,130804525.99999997,0.0256,116,0.3776160145586897,-0.2631201864344179,-0.03496422295557777,2004-05-14,2026-08-28,-0.17027651935166943,0.26374527972842565,-0.3218724522655869,-0.19990837417381113,-0.22815596347884015
BTEL,3236,12.841269841269842,1089325000.9999995,0.0256,37,0.2515451174289246,-0.02102896529242604,-0.08208384598082974,2006-02-03,2019-04-08,-0.037447016039171555,-0.1425628368347851,0.0,0.0,0.0610548806884037
BTON,6231,24.726190476190474,1170000.9999999998,0.013616032064128255,149,0.4864387738725726,-0.091932618014816,0.06567788779716022,2001-07-19,2026-08-28,-0.072971612488818,0.04396492990441758,-0.10917963362597671,0.08309662681816299,-0.15761050581197622
BTPN,4531,17.98015873015873,135342001.0000002,0.009387878787878789,100,0.46479805782387995,0.0689170538723598,0.09529300419427411,2008-03-12,2026-08-28,0.37236339487399883,0.5059074586442358,-0.03322419586247172,-0.03535317685957273,-0.02637595032191431
BTPS,2030,8.055555555555555,17413401501.0,0.010251162790697675,50,0.4719211822660099,-0.04700986536962448,-0.017539857921907154,2018-05-08,2026-08-28,,,-0.04700986536962448,-0.017539857921907154,-0.029470007447717328
BUAH,972,3.857142857142857,313284751.0000003,0.012667137809187278,19,0.4742798353909465,0.11621523530762135,0.23360393322092943,2022-08-09,2026-08-28,,,0.11621523530762135,0.23360393322092943,-0.11738869791330808
BUDI,6014,23.865079365079364,49622851.00000003,0.014528571428571429,160,0.4679082141669438,-0.16519331312507668,0.05079301947489778,2002-05-20,2026-08-28,-0.2010300521924655,-0.00157091320337166,-0.13306158117704148,0.09975698042542391,-0.21598633259997446
BUKA,1217,4.829365079365079,30852320526.0,0.0109475935828877,31,0.39194741166803615,-0.2482217091775365,-0.38044332593007135,2021-08-06,2026-08-28,,,-0.2482217091775365,-0.38044332593007135,0.13222161675253485
BUKK,2747,10.90079365079365,13074751.000000019,0.010501960784313726,77,0.45467783036039316,-0.059173057464022905,0.011938661706367926,2015-06-29,2026-08-28,,,-0.059173057464022905,0.011938661706367926,-0.07111171917039083
BULL,3753,14.892857142857142,2168646801.000002,0.011413953488372094,63,0.4201971755928591,0.09856488770154992,-0.06084396803424441,2011-05-23,2026-08-28,-0.0646869196729194,-0.4249414372811897,0.12736225233610332,0.016251229957723767,0.15940885573579433
BUMI,6262,24.849206349206348,37499114901.00005,0.01485925925925926,145,0.4568827850526988,0.01486233243863433,0.06178297148393419,2001-06-07,2026-08-28,-0.057935899155651005,0.23659907860225537,0.08816316877152786,-0.07819197953555201,-0.04692063904529986
BUVA,3963,15.726190476190476,15196376.000000011,0.015356097560975609,89,0.44259399444865,-0.09188643827190068,0.10307359559048845,2010-07-12,2026-08-28,-0.05733255158845607,0.09184598894259244,-0.09952436893982597,0.10671387643009655,-0.19496003386238914
BVIC,6475,25.694444444444443,25458455.544876076,0.015049262122438997,164,0.4594594594594595,-0.25018577558722854,0.014543969393689737,2000-08-14,2026-08-28,-0.3255980560976508,0.05220531834518427,-0.1660947884121291,-0.02065766747620812,-0.2647297449809183
BWPT,4136,16.41269841269841,7513139739.855519,0.010715089514066497,87,0.4497098646034816,0.08279254376674428,-0.08423923421932722,2009-10-27,2026-08-28,0.1253250486169013,0.16345098458218832,0.07118643017851056,-0.14424092768446872,0.1670317779860715
BYAN,4430,17.57936507936508,240075000.99999973,0.009310575139146567,100,0.4891647855530474,0.2157920933856292,0.23708745977065182,2008-08-12,2026-08-28,0.47198483208807973,0.07431299688660586,0.1326943521682311,0.30410198850724357,-0.021295366385022607
CAKK,1905,7.559523809523809,130068900.99999994,0.013175757575757577,41,0.4561679790026247,-0.0221624962199799,0.049846442169959815,2018-10-31,2026-08-28,,,-0.0221624962199799,0.049846442169959815,-0.07200893838993971
CAMP,2131,8.456349206349206,357493901.0,0.012266666666666667,49,0.4218676677616143,-0.021961817455938615,-0.09195540870255459,2017-12-19,2026-08-28,,,-0.021961817455938615,-0.09195540870255459,0.06999359124661597
CANI,1304,5.174603174603175,17401.000000000015,0.013175757575757577,35,0.3197852760736196,-0.5520441724227707,-0.05433294084510076,2014-01-16,2019-04-08,,,-0.5520441724227707,-0.05433294084510076,-0.49771123157766994
CARE,1553,6.162698412698413,34653043851.0,0.011155555555555556,37,0.5524790727623954,0.17647391444279004,0.20737477569694396,2020-03-13,2026-08-28,,,0.17647391444279004,0.20737477569694396,-0.030900861254153922
CARS,2306,9.15079365079365,367694551.0000003,0.016469565217391305,44,0.3490893321769297,-0.0882222849400649,-0.046727815574421516,2017-04-11,2026-08-28,,,-0.0882222849400649,-0.046727815574421516,-0.04149446936564338
CASA,2490,9.880952380952381,1376907000.9999993,0.010501960784313726,66,0.47630522088353416,0.06487438580666027,0.350558320909486,2016-07-19,2026-08-28,,,0.06487438580666027,0.350558320909486,-0.28568393510282575
CASH,1520,6.031746031746032,208916901.00000036,0.012356756756756758,36,0.42039473684210527,0.030531027352744378,-0.07116844857265014,2020-05-04,2026-08-28,,,0.030531027352744378,-0.07116844857265014,0.10169947592539452
CASS,3621,14.369047619047619,57726601.00000006,0.012178947368421053,96,0.5186412593206297,-0.0407656164552489,0.12151314837392224,2011-12-05,2026-08-28,0.5178285760849652,0.6620818502605086,-0.09299356718017193,0.06787952040767808,-0.16227876482917114
CBPE,865,3.4325396825396823,38150101.00000001,0.01118659217877095,25,0.46705202312138727,0.039311071567062594,0.44136869097018283,2023-01-06,2026-08-28,,,0.039311071567062594,0.44136869097018283,-0.40205761940312024
CBRE,864,3.4285714285714284,46989451.00000003,0.0256,16,0.41087962962962965,0.6345739081310959,0.5827825771387121,2023-01-09,2026-08-28,,,0.6345739081310959,0.5827825771387121,0.051791330992383866
CBUT,908,3.6031746031746033,29890000.999999993,0.00951389432485323,18,0.3920704845814978,-0.09855335817025068,0.04060034787868716,2022-11-08,2026-08-28,,,-0.09855335817025068,0.04060034787868716,-0.13915370604893784
CCSI,1742,6.912698412698413,105007499.58184811,0.011344375215268349,42,0.3978185993111366,-0.09336803511161007,0.04373853865876409,2019-06-18,2026-08-28,,,-0.09336803511161007,0.04373853865876409,-0.13710657377037416
CEKA,6286,24.944444444444443,18297501.000000015,0.012356756756756758,150,0.5103404390709513,-0.08517289995439759,0.15671134062922154,2001-05-03,2026-08-28,-0.1608901565163665,0.17015489230975023,-0.007357582815702424,0.14415013645395702,-0.24188424058361913
CENT,6156,24.428571428571427,6292201.000000003,0.02247665378414913,150,0.43193632228719947,-0.23520966176989355,0.0484247410799139,2001-11-01,2026-08-28,-0.300093529795768,0.1891403578059747,-0.1529238260080633,-0.06329169615499086,-0.28363440284980745
CFIN,5722,22.706349206349206,348183901.00000036,0.01185,132,0.48287312128626353,0.01625860753346897,0.08895828954179819,2003-07-02,2026-08-28,0.1330753539974039,0.17348186418044342,-0.06545903216329463,0.02704382290591556,-0.07269968200832921
CGAS,626,2.484126984126984,681449900.9999992,0.013007407407407409,14,0.41533546325878595,0.016291606483638477,-0.3225326175784424,2024-01-08,2026-08-28,,,0.016291606483638477,-0.3225326175784424,0.3388242240620809
CHEM,994,3.9444444444444446,976992450.9999988,0.0157010101010101,29,0.40543259557344064,-0.42889645956521827,-0.17284669856504942,2022-07-08,2026-08-28,,,-0.42889645956521827,-0.17284669856504942,-0.25604976100016885
CHIP,843,3.3452380952380953,210882500.9999998,0.009108771929824561,16,0.37129300118623965,-0.18464580074988945,0.5956400058585354,2023-02-08,2026-08-28,,,-0.18464580074988945,0.5956400058585354,-0.7802858066084248
CINT,2992,11.873015873015873,31901500.99999997,0.013474015748031497,81,0.40106951871657753,-0.21132426129116,-0.041014982883817885,2014-06-27,2026-08-28,,,-0.21132426129116,-0.041014982883817885,-0.1703092784073421
CITA,6058,24.03968253968254,168501.0,0.012846376811594203,89,0.32436447672499175,-0.013439944139946758,0.16652239312662176,2002-03-20,2026-08-28,-0.012282443244093777,0.09727376489677853,-0.014450259520909503,0.23060038946240202,-0.17996233726656852
CITY,1927,7.646825396825397,10527001.0,0.012692198581560284,47,0.4229372080954852,-0.1681713493785547,-0.04684161440284651,2018-10-01,2026-08-28,,,-0.1681713493785547,-0.04684161440284651,-0.1213297349757082
CLAY,1848,7.333333333333333,1835001.0,0.011413953488372094,42,0.41504329004329005,0.09255718821020342,0.3457092197453877,2019-01-18,2026-08-28,,,0.09255718821020342,0.3457092197453877,-0.2531520315351843
CLEO,2292,9.095238095238095,2794364651.000005,0.014003361344537814,56,0.49214659685863876,0.07662236396741084,0.4001732465193304,2017-05-05,2026-08-28,,,0.07662236396741084,0.4001732465193304,-0.32355088255191955
CLPI,6134,24.341269841269842,49050251.00000001,0.011413953488372094,138,0.5081512879034887,0.06512362104396274,0.11315912532778727,2001-12-03,2026-08-28,0.15728580103078116,0.0729942227911542,-0.011357454009716439,0.15050246219145347,-0.048035504283824526
CMNP,6213,24.654761904761905,118397157.81089787,0.009739074102462091,140,0.5005633349428618,0.016599197406835797,0.06306749886189822,2001-08-15,2026-08-28,0.11362053997669497,0.16096230435357683,-0.06038367392130595,-0.022878529447593943,-0.04646830145506242
CMNT,1196,4.746031746031746,35716310251.00006,0.01112486187845304,32,0.46321070234113715,-0.13418897471055236,-0.027399194390465786,2021-09-08,2026-08-28,,,-0.13418897471055236,-0.027399194390465786,-0.10678978032008657
CMPP,4042,16.03968253968254,168792.95309650002,0.015202550437396174,105,0.47525977238990597,-0.33203445066278225,0.12799433553824868,2002-06-13,2019-04-08,-0.3505642190073971,0.18882730311536666,-0.2672341840650324,0.025225158279401416,-0.46002878620103094
CMRY,1134,4.5,6883605000.999995,0.007812389380530973,30,0.47354497354497355,-0.07661513780342133,0.10328798175994458,2021-12-06,2026-08-28,,,-0.07661513780342133,0.10328798175994458,-0.1799031195633659
CNKO,3809,15.115079365079366,468007200.99999946,0.020525373134328357,71,0.39511682856392755,-0.11368022477987871,-0.07777299585988418,2003-11-19,2019-04-08,-0.04358744787468427,0.07291474692823319,-0.19414671507652104,-0.27834735886809625,-0.03590722891999454
CNMA,734,2.9126984126984126,2235176981.4656672,0.01205569614018601,15,0.3569482288828338,-0.1489098146533654,-0.2900843359257421,2023-08-02,2026-08-28,,,-0.1489098146533654,-0.2900843359257421,0.14117452127237673
CNTX,3024,12.0,1.0,0.014021052631578948,70,0.43716931216931215,-0.022719158947619333,0.39624753138889224,2002-10-15,2019-04-08,0.10893101275451356,0.5376524984301336,-0.3089765262159778,0.07166767379862082,-0.41896669033651157
COAL,953,3.7817460317460316,1075028350.9999995,0.0256,18,0.41028331584470096,-0.18203609443755908,-0.322299486880382,2022-09-07,2026-08-27,,,-0.18203609443755908,-0.322299486880382,0.14026339244282293
COCO,1806,7.166666666666667,105601351.00000016,0.013233587786259542,42,0.40476190476190477,-0.11365307130180913,-0.15558233485937267,2019-03-20,2026-08-28,,,-0.11365307130180913,-0.15558233485937267,0.041929263557563545
COWL,2775,11.011904761904763,1030132001.0000001,0.010430917874396135,66,0.505945945945946,-0.04704776521040421,0.022187506237712817,2007-12-19,2019-04-08,0.008822498528676226,0.049397950038345684,-0.09649154986222042,-0.0026194807684094545,-0.06923527144811703
CPIN,5146,20.42063492063492,25872112501.00001,0.008377777777777777,124,0.5299261562378547,0.10924316618898677,0.2774348537892388,2005-09-29,2026-08-28,0.6342153290891683,1.005344922220964,-0.11820150201963231,-0.019623145393117825,-0.16819168760025205
CPRO,4847,19.234126984126984,1575690100.9999986,0.025207843137254902,54,0.26181142975036104,-0.0820614603735298,-0.06575954728335276,2006-11-28,2026-08-28,0.019681638759521336,-0.1773111887997374,-0.12898946604652162,-0.004531540249618549,-0.016301913090177034
CRSN,750,2.9761904761904763,57064301.0000001,0.014945794392523363,19,0.43733333333333335,-0.15588304757560145,-0.02078557719875518,2023-07-10,2026-08-28,,,-0.15588304757560145,-0.02078557719875518,-0.13509747037684627
CSAP,4587,18.202380952380953,92351686.7661132,0.010699197267024473,121,0.46675386963156745,-0.1462412793503528,0.028390139855150487,2007-12-12,2026-08-28,-0.3058787340951561,0.010883389853729941,-0.06892270726615835,0.035811850155280434,-0.1746314192055033
CSIS,2288,9.079365079365079,39496251.00000002,0.017795121951219513,54,0.4458041958041958,-0.17994183929599472,-0.07280967323266407,2017-05-10,2026-08-28,,,-0.17994183929599472,-0.07280967323266407,-0.10713216606333065
CSMI,1536,6.095238095238095,616001.0000000005,0.009108771929824561,21,0.4270833333333333,0.47885883926581996,-0.012021447825724674,2020-04-09,2026-08-27,,,0.47885883926581996,-0.012021447825724674,0.49088028709154463
CSRA,1599,6.345238095238095,310053001.00000024,0.014220689655172414,45,0.5015634771732332,-0.09668578081765722,0.2531517204725442,2020-01-09,2026-08-28,,,-0.09668578081765722,0.2531517204725442,-0.3498375012902014
CTBN,5997,23.797619047619047,1.0,0.008825806451612904,89,0.3736868434217109,0.01166536293221343,0.06496783110337256,2002-06-13,2026-08-28,0.03695694607045463,0.1720038445620482,-0.009036523965751053,-0.018754613355647765,-0.053302468171159134
CTRA,6417,25.464285714285715,8933992241.610157,0.01266326484932449,154,0.5049088359046283,0.01813392299495198,0.09593136329947005,2000-11-01,2026-08-28,0.2386238718846465,0.2527539627854547,-0.16071704515531038,-0.03656253467465165,-0.07779744030451807
CTTH,6222,24.69047619047619,6394151.000000005,0.020525373134328357,151,0.423657987785278,-0.1664030198095079,-0.019520156539585942,2001-08-01,2026-08-28,-0.2670397773076,-0.08334520343817864,-0.06103783098205007,0.043476513426182084,-0.14688286326992195
CUAN,823,3.265873015873016,67849788126.000015,0.011889308176100628,22,0.5370595382746051,0.5608057541194649,1.8205528777772613,2023-03-08,2026-08-28,,,0.5608057541194649,1.8205528777772613,-1.2597471236577964
CYBR,731,2.9007936507936507,14841113001.000002,0.012742857142857143,16,0.533515731874145,0.3872830804571934,1.0348229748721312,2023-08-08,2026-08-28,,,0.3872830804571934,1.0348229748721312,-0.6475398944149378
DAAZ,426,1.6904761904761905,2526905501.000004,0.008784713375796178,9,0.2981220657276995,-0.1596567442157769,0.33437822431435804,2024-11-11,2026-08-28,,,-0.1596567442157769,0.33437822431435804,-0.49403496853013495
DADA,1573,6.242063492063492,27432201.00000004,0.0256,17,0.29243483788938335,0.18309319243291156,-0.18007605045229413,2020-02-14,2026-08-28,,,0.18309319243291156,-0.18007605045229413,0.3631692428852057
DART,5993,23.78174603174603,1810651.0000000012,0.013147169811320754,103,0.3647588853662606,0.011675169174523381,0.05270623603624536,2002-06-19,2026-08-28,0.055010052418591915,0.2853748160221159,-0.02390838845219967,-0.111477611575313,-0.041031066861721976
DATA,553,2.1944444444444446,8391155000.999996,0.008774603174603175,12,0.46835443037974683,0.2788177241939107,1.4743206332512786,2024-05-07,2026-08-28,,,0.2788177241939107,1.4743206332512786,-1.195502909057368
DAYA,2501,9.924603174603174,2609700.9999999995,0.013730081300813008,77,0.5045981607357057,-0.26600312910924195,0.20273639041770153,2016-06-28,2026-08-28,,,-0.26600312910924195,0.20273639041770153,-0.4687395195269435
DCII,1360,5.396825396825397,34395001.00000004,0.0061973715651135,30,0.4051470588235294,0.6433560560055023,2.0165971750785374,2021-01-06,2026-08-28,,,0.6433560560055023,2.0165971750785374,-1.3732411190730351
DEFI,6287,24.9484126984127,1.0,0.014946205567606646,77,0.32479720057261013,0.12673229409862619,0.05257628930526437,2001-05-03,2026-08-28,0.10281809910733064,0.11278185156634235,0.1497985514739315,-0.0013010568388331922,0.07415600479336182
DEPO,1141,4.527777777777778,33981251.00000001,0.010976344086021505,28,0.3444347063978966,-0.24541617098322022,-0.166854305421266,2021-11-25,2026-08-28,,,-0.24541617098322022,-0.166854305421266,-0.07856186556195421
DEWA,4639,18.408730158730158,1427295250.9999995,0.0256,57,0.2886397930588489,0.011271337594683795,-0.013231479626810483,2007-09-26,2026-08-28,-0.023843644515511353,-0.352477610013318,0.026933990097156135,0.18517644701258562,0.024502817221494277
DEWI,988,3.9206349206349205,3569708901.0000033,0.015403921568627452,24,0.5566801619433198,-0.12130387800515308,0.030713898084730795,2022-07-18,2026-08-28,,,-0.12130387800515308,0.030713898084730795,-0.15201777608988387
DFAM,2039,8.091269841269842,61991401.0,0.012496551724137932,42,0.4242275625306523,-0.07257013842359938,-0.10289291260506517,2018-04-27,2026-08-28,,,-0.07257013842359938,-0.10289291260506517,0.030322774181465784
DGIK,4581,18.178571428571427,474483825.99999976,0.01658901098901099,89,0.40886269373499234,0.09698027559461075,-0.01429640322053849,2007-12-19,2026-08-28,0.1734176267202876,0.023487678606911144,0.06656817388304792,-0.027826549732840933,0.11127667881514924
DGNS,1353,5.369047619047619,310727851.00000006,0.013292307692307694,28,0.3532889874353289,0.013169921346940727,-0.02241517199917109,2021-01-15,2026-08-28,,,0.013169921346940727,-0.02241517199917109,0.03558509334611182
DILD,6054,24.023809523809526,1377968850.9999976,0.015123809523809525,136,0.4710934919061777,-0.0060481829874092785,0.0777413792559829,2002-03-25,2026-08-28,0.08532252692086106,0.32731826059284863,-0.07951453305850853,-0.10008787595374069,-0.08378956224339218
DIVA,1887,7.488095238095238,247818000.99999964,0.011697560975609755,40,0.4350821409644939,-0.03515348862426315,-0.28216985531632954,2018-11-27,2026-08-28,,,-0.03515348862426315,-0.28216985531632954,0.2470163666920664
DKFT,4592,18.22222222222222,229359201.00000027,0.015033962264150942,72,0.32360627177700346,0.12016810106457454,0.18913596436043045,2007-12-05,2026-08-28,0.40481199992801087,0.6099964222681473,0.018469021817566045,0.04783794526717955,-0.06896786329585591
DLTA,6006,23.833333333333332,23267000.99999999,0.008955704697986577,127,0.4995004995004995,0.027402512883805796,0.16319310007402077,2002-05-30,2026-08-28,0.15481921023992085,0.4598374546849753,-0.06856471413121534,-0.042852213203872114,-0.13579058719021497
DMAS,2758,10.944444444444445,4089231100.999995,0.011155555555555556,65,0.4767947788252357,-0.011678504328526018,0.10970592708022653,2015-05-29,2026-08-28,,,-0.011678504328526018,0.10970592708022653,-0.12138443140875255
DMMX,1653,6.559523809523809,2009335000.999999,0.01144795321637427,35,0.4591651542649728,0.45541683638333774,-0.04253245119735627,2019-10-21,2026-08-28,,,0.45541683638333774,-0.04253245119735627,0.497949287580694
DMND,1590,6.309523809523809,9101750.99999999,0.011811180124223601,55,0.4748427672955975,-0.17410414651958828,-0.11479055135854688,2020-01-22,2026-08-28,,,-0.17410414651958828,-0.11479055135854688,-0.0593135951610414
DNAR,2983,11.837301587301587,14234564.708953861,0.01112486187845304,84,0.45021790144150187,-0.3371897275920369,-0.030879796789340386,2014-07-11,2026-08-28,,,-0.3371897275920369,-0.030879796789340386,-0.30630993080269653
DNET,6389,25.353174603174605,15524968.338928241,0.012356756756756758,140,0.3967757082485522,-0.07666803313216797,0.1802279800808837,2000-12-12,2026-08-28,-0.12584569463291706,0.1599606144520649,-0.02106065801121615,0.19842651810662315,-0.25689601321305167
DOID,6255,24.821428571428573,4084606500.999993,0.011929113924050633,128,0.4800959232613909,0.09289507238023775,0.05153378495311434,2001-06-15,2026-08-28,0.04010300186707916,0.05540735261051921,0.1446959158180654,0.04853577961963085,0.04136128742712342
DOOH,790,3.134920634920635,17690049000.999996,0.01580408163265306,17,0.4316455696202532,1.583737118231984,0.43532681938430606,2023-05-08,2026-08-27,,,1.583737118231984,0.43532681938430606,1.1484102988476779
DOSS,493,1.9563492063492063,485293051.0000008,0.01185,10,0.4239350912778905,0.537930506062829,-0.005119449576562074,2024-08-07,2026-08-28,,,0.537930506062829,-0.005119449576562074,0.5430499556393911
DPNS,3308,13.126984126984127,42301.00000000003,0.010538271604938271,109,0.4356106408706167,-0.4395267164518628,-0.01389090797874215,2005-09-29,2019-04-08,-0.38778484104361377,0.01005419141919539,-0.5006110551197521,-0.04432961348768494,-0.42563580847312066
DPUM,2629,10.432539682539682,10667500.999999998,0.017504761904761905,43,0.3290224419931533,0.07579962720713085,-0.18963028594104891,2015-12-08,2026-08-28,,,0.07579962720713085,-0.18963028594104891,0.26542991314817976
DRMA,1124,4.4603174603174605,2912908500.9999957,0.010754639175257732,28,0.5071174377224199,-0.04746849721150004,0.2272100851578145,2021-12-20,2026-08-28,,,-0.04746849721150004,0.2272100851578145,-0.27467858236931453
DSFI,6359,25.234126984126984,69185550.99999997,0.018933333333333333,151,0.39613146721182574,-0.24447534688501882,-0.07474789206302246,2001-01-22,2026-08-28,-0.3118103262613314,-0.18158337781709,-0.17306368512423642,0.041872562462760055,-0.16972745482199636
DSNG,3242,12.865079365079366,3210225701.000004,0.014937068160597571,74,0.4855027760641579,0.07316267682154232,0.14456508986799155,2013-06-14,2026-08-28,,,0.07342068892461673,0.14557034276195369,-0.07140241304644923
DSSA,4106,16.293650793650794,2516250.9427795415,0.023113135319140523,74,0.4649293716512421,0.18284992565972136,0.3463705563278401,2009-12-10,2026-08-28,0.1347713860159092,0.7122978643333056,0.19617822317494582,0.2617395812909482,-0.16352063066811873
DUTI,6108,24.238095238095237,2217501.0000000005,0.008457142857142858,138,0.5047478716437459,-0.03541496800597821,0.1511502353368226,2002-01-09,2026-08-28,0.07513577580527842,0.28646175928339335,-0.12413781769409349,0.04282551747028274,-0.1865652033428008
DVLA,6126,24.30952380952381,9400001.000000015,0.008825806451612904,157,0.505713352921972,-0.07861197359218908,0.11969058465633498,2001-12-13,2026-08-28,-0.009068322956550912,0.26979614334151925,-0.1367308130448912,0.001104776312298883,-0.19830255824852405
DWGL,2135,8.472222222222221,14206501.000000015,0.010891005291005292,62,0.44824355971896956,-0.2278733893981999,0.017411609175762566,2017-12-13,2026-08-28,,,-0.2278733893981999,0.017411609175762566,-0.24528499857396246
DYAN,3298,13.087301587301587,219475501.00000012,0.017364705882352942,73,0.45542753183747725,-0.05150009282461698,-0.10476231250442891,2013-03-25,2026-08-28,,,-0.05124412644550391,-0.10014999895498422,0.05326221967981193
EAST,1727,6.853174603174603,153031301.00000012,0.016126315789473683,41,0.47712796757382747,-0.04807762048460784,-0.0015407208958885255,2019-07-09,2026-08-28,,,-0.04807762048460784,-0.0015407208958885255,-0.046536899588719316
ECII,3222,12.785714285714286,9520001.000000015,0.01185,79,0.4267535692116698,-0.2561134313909006,-0.21763037223320558,2013-07-03,2026-08-28,,,-0.2561134313909006,-0.21763037223320558,-0.03848305915769501
EKAD,5147,20.424603174603174,66867801.00000004,0.01530873786407767,108,0.517971633961531,0.0866053862187639,0.18219135342798976,2005-09-29,2026-08-28,0.1447323500838349,0.1915347326951169,0.05359378632508505,0.17786343292759477,-0.09558596720922585
ELIT,865,3.4325396825396823,996105250.9999996,0.01185,22,0.47167630057803467,-0.05373737556113789,0.3032308853335337,2023-01-06,2026-08-28,,,-0.05373737556113789,0.3032308853335337,-0.3569682608946716
ELPI,974,3.865079365079365,1760363900.9999995,0.011869592476489027,23,0.47741273100616016,-0.00735486299711241,0.2914475558723555,2022-08-08,2026-08-28,,,-0.00735486299711241,0.2914475558723555,-0.2988024188694679
ELSA,4553,18.067460317460316,9902574901.000008,0.011482352941176471,99,0.4875905996046563,0.08845603922155276,0.05573602579605552,2008-02-06,2026-08-28,0.1064753874062978,-0.10450275471817194,0.08117583160439001,0.13267066294802876,0.03272001342549724
ELTY,5996,23.793650793650794,775001.0000000007,0.0156,82,0.2941961307538359,-0.022964159219857394,-0.06842527036019974,2002-06-13,2026-08-28,0.09044010342195041,0.08722140038816883,-0.11054296814088249,-0.183730327131441,0.04546111114034235
EMDE,3841,15.242063492063492,12183400.999999983,0.012311409395973154,104,0.41473574589950535,-0.18607462961834553,-0.06363819094641099,2011-01-12,2026-08-28,-0.00894994058177312,-0.20126453374842213,-0.21571862901484673,-0.035165304228440664,-0.12243643867193454
EMTK,4088,16.22222222222222,25960001.000000022,0.012692198581560284,99,0.49755381604696675,-0.05747079606829597,0.14439631636538564,2010-01-12,2026-08-28,0.3697545355115788,0.9472110497676114,-0.14302582408560494,-0.005672725642370646,-0.2018671124336816
ENAK,1090,4.325396825396825,212716001.00000027,0.0106,22,0.41009174311926605,-0.02754227281189936,-0.2511112378855105,2022-02-08,2026-08-28,,,-0.02754227281189936,-0.2511112378855105,0.22356896507361113
ENRG,5481,21.75,9875002800.999989,0.01331604938271605,117,0.44243751140302867,0.012274024018412266,-0.016404379096687238,2004-06-07,2026-08-28,0.18541429740706783,-0.06885109280661439,-0.09290272314780579,0.021765365564296646,0.028678403115099504
ENZO,1434,5.690476190476191,9122501.000000013,0.0256,28,0.4072524407252441,-0.08354292372718264,-0.11358173925147086,2020-09-14,2026-08-28,,,-0.08354292372718264,-0.11358173925147086,0.03003881552428822
EPAC,1483,5.884920634920635,10109601.000000004,0.0256,29,0.36277815239379635,-0.07740004238771336,-0.15482030868364682,2020-07-01,2026-08-28,,,-0.07740004238771336,-0.15482030868364682,0.07742026629593346
EPMT,5146,20.42063492063492,22499778.32958983,0.010064285714285713,118,0.5085503303536728,0.00012272486313436026,0.10801931222981476,2005-09-29,2026-08-28,0.20369537948239103,0.30446301043586366,-0.10071315636568812,0.005933693219599467,-0.1078965873666804
ERAA,3614,14.341269841269842,16272652701.000002,0.0109475935828877,87,0.475650249031544,0.018985202953379465,0.09950511818422614,2011-12-14,2026-08-28,0.13514929680850396,1.1366215612091146,0.006103358883471355,0.01801529737889629,-0.08051991523084667
ERAL,730,2.8968253968253967,1779463501.000002,0.012266666666666667,16,0.5041095890410959,-0.03731251735333441,-0.05793481060706418,2023-08-08,2026-08-28,,,-0.03731251735333441,-0.05793481060706418,0.020622293253729773
ERTX,6127,24.313492063492063,206400.99999999983,0.024423529411764705,145,0.45389260649583807,-0.27606792978531713,0.06500130831942119,2001-12-13,2026-08-28,-0.2813893317476318,0.014416938232316268,-0.26345156384709445,0.1124174602607968,-0.3410692381047383
ESIP,1635,6.488095238095238,144796196.32416546,0.021473015873015873,36,0.44954128440366975,0.0770851047685499,-0.09266366301216389,2019-11-14,2026-08-28,,,0.0770851047685499,-0.09266366301216389,0.1697487677807138
ESSA,3580,14.206349206349206,2254160600.999998,0.013192286257551769,85,0.46089385474860334,-0.039100950371056875,0.1679142742164612,2012-02-01,2026-08-28,-0.2153060635796844,1.2273945058931428,-0.017911591380673664,0.08948403485960954,-0.2070152245875181
ESTA,1557,6.178571428571429,156371901.00000015,0.017795121951219513,37,0.5105973025048169,0.4666856431555255,0.16166978173668545,2020-03-09,2026-08-28,,,0.4666856431555255,0.16166978173668545,0.3050158614188401
ESTI,6389,25.353174603174605,487800.9999999996,0.016126315789473683,117,0.448896540929723,-0.03493412298747611,-0.012335663284033682,2000-12-12,2026-08-28,-0.05340491087822774,-0.01748725896062675,-0.01655566110892237,-0.00728070970442074,-0.02259845970344243
ETWA,4458,17.69047619047619,2746800.9999999977,0.010728205128205128,104,0.42799461641991926,-0.12469737013359539,-0.09769997570789724,2001-02-08,2019-04-08,-0.05968074843206006,-0.030663082639607042,-0.24744382904234918,-0.21991739641885655,-0.02699739442569815
EURO,973,3.861111111111111,551624001.0000006,0.015033962264150942,17,0.5457348406988695,1.3710419438995736,1.1826171776292962,2022-08-08,2026-08-28,,,1.3710419438995736,1.1826171776292962,0.18842476627027738
EXCL,5147,20.424603174603174,18461669791.553986,0.009303703703703703,133,0.5133087235282688,-0.06771336891754054,0.02352012743941212,2005-09-29,2026-08-28,-0.03494117651341344,0.11473345013483405,-0.08658824466428172,-0.026922427243841196,-0.09123349635695266
FAPA,1362,5.404761904761905,60950001.000000104,0.010407692307692309,25,0.6299559471365639,0.11769295218937903,0.2451074474182069,2021-01-04,2026-08-28,,,0.11769295218937903,0.2451074474182069,-0.12741449522882786
FAST,6387,25.345238095238095,1957501.0000000002,0.012742857142857143,144,0.4449663378738062,-0.07068632112976769,0.0832919887612118,2000-12-14,2026-08-28,0.08109099058217284,0.28144816141688533,-0.19819673155664863,-0.08045555406781912,-0.1539783098909795
FASW,4421,17.543650793650794,201706001.00000015,0.008784713375796178,105,0.5121013345396969,0.06822809411255437,0.19861480592568648,2001-05-15,2019-04-08,0.021429363274267477,0.17558571788713206,0.17270784641765702,0.2502054935121589,-0.1303867118131321
FILM,1966,7.801587301587301,12355157751.000004,0.009706776180698151,38,0.49847405900305186,0.3344100610600127,0.13162089583592773,2018-08-07,2026-08-28,,,0.3344100610600127,0.13162089583592773,0.20278916522408497
FINN,478,1.8968253968253967,1695519951.0000021,0.014690909090909091,9,0.25732217573221755,-0.3632953192171454,-0.4879912217180993,2017-06-08,2019-04-08,,,-0.3632953192171454,-0.4879912217180993,0.12469590250095386
FIRE,2267,8.996031746031745,709294426.0,0.014295652173913043,52,0.4477282752536392,-0.1422229150651485,-0.21091721384503137,2017-06-12,2026-08-28,,,-0.1422229150651485,-0.21091721384503137,0.06869429877988287
FISH,6101,24.21031746031746,272000.9999999999,0.00833224043715847,133,0.482543845271267,0.006208616044713011,0.060061286976121675,2002-01-18,2026-08-28,0.17782901692866782,0.2633218539230726,-0.12498519576390199,-0.0927042628804079,-0.053852670931408664
FITT,1746,6.928571428571429,128775601.00000004,0.015215384615384617,39,0.5,0.3230561015122766,0.12364429915892727,2019-06-11,2026-08-28,,,0.3230561015122766,0.12364429915892727,0.19941180235334932
FLMC,1237,4.908730158730159,8828675.999999996,0.018258227848101265,19,0.33710590137429264,0.3134145149587608,-0.18831628592987126,2021-07-08,2026-08-28,,,0.3134145149587608,-0.18831628592987126,0.5017308008886321
FMII,5983,23.74206349206349,941464.5826110841,0.012814976713380822,121,0.4016379742604045,-0.08334249681840888,0.04502095671535833,2002-07-03,2026-08-28,0.009720109641161212,0.03479059723621525,-0.15571913405334592,0.05380249854792529,-0.1283634535337672
FOLK,731,2.9007936507936507,118500676.0000001,0.020525373134328357,13,0.4897400820793434,0.44291663549364935,0.1558369693024111,2023-08-07,2026-08-28,,,0.44291663549364935,0.1558369693024111,0.28707966619123826
FORU,6102,24.214285714285715,101500.99999999999,0.011314285714285714,148,0.45149131432317274,-0.16335131645518886,0.11046854209620882,2002-01-17,2026-08-28,-0.19619589265619486,-0.01617614154508784,-0.12823925783510082,0.23147346565344873,-0.2738198585513977
FORZ,504,2.0,5656078001.000007,0.012093506493506493,10,0.42857142857142855,0.06231367729657156,0.5374122295716148,2017-04-28,2019-04-08,,,0.06231367729657156,0.5374122295716148,-0.4750985522750433
FPNI,6056,24.03174603174603,11389700.999999994,0.010728205128205128,146,0.410336856010568,-0.11955268649664019,0.01380724733919414,2002-03-21,2026-08-28,-0.2557579650442082,-0.11822375403432517,0.019714440567613734,0.1444337895869252,-0.13335993383583433
FREN,3034,12.03968253968254,58500397.16177042,0.01616754009710428,50,0.3701384311140409,0.09625256299568541,-0.2326678104087473,2006-11-29,2019-04-08,-0.11708385496299645,-0.49518338298205755,0.39566829419278204,0.22726075024184156,0.3289203734044327
FUJI,1727,6.853174603174603,14855626.000000004,0.013062686567164179,44,0.5014475969889982,0.13615658029241473,0.08641031001486077,2019-07-09,2026-08-28,,,0.13615658029241473,0.08641031001486077,0.04974627027755396
FUTR,830,3.2936507936507935,1256193750.9999998,0.01757604790419162,13,0.46987951807228917,2.763236551917796,0.47537181354850944,2023-02-27,2026-08-28,,,2.763236551917796,0.47537181354850944,2.2878647383692865
FWCT,848,3.365079365079365,307662650.99999946,0.01441057268722467,25,0.43042452830188677,-0.08247508446811647,-0.11347909489820596,2023-02-01,2026-08-28,,,-0.08247508446811647,-0.11347909489820596,0.03100401043008949
GAMA,1671,6.630952380952381,8452500.999999993,0.0256,33,0.35368043087971274,-0.3382819882524426,-0.17180241841738386,2012-07-11,2019-04-08,-0.3967925703777845,1.1771807660504394,-0.32807944627947583,-0.29238393103744176,-0.16647956983505874
GDST,4097,16.25793650793651,67899700.99999997,0.015403921568627452,102,0.44642421283866246,-0.09248366526681451,-0.0019928900270483885,2009-12-23,2026-08-28,-0.12970865099979356,-0.07030412515864337,-0.08225358974793906,0.017126297464619578,-0.09049077523976612
GDYR,5996,23.793650793650794,43501.00000000004,0.009402281368821293,139,0.5091727818545697,-0.03535286058899101,0.05235192262371613,2002-06-13,2026-08-28,0.16418339260712345,0.18582367158848023,-0.1786295655005289,-0.049808404084317526,-0.08770478321270714
GEMA,5955,23.63095238095238,2633750.985694885,0.018689004974185384,149,0.5148614609571789,-0.16837513671702842,0.056293358058024934,2002-08-12,2026-08-28,-0.07790035134028761,0.1383428162109972,-0.23862526873043277,-0.006883883782661027,-0.22466849477505335
GEMS,3633,14.416666666666666,1531250.9999999993,0.009521568627450981,73,0.43765483071841454,-0.06719562514548105,0.14322818436582074,2011-11-17,2026-08-28,-0.2948693047797484,-0.07454596294578719,-0.021991922362558758,0.17351347608188616,-0.2104238095113018
GGRM,6261,24.845238095238095,26117456251.000046,0.006538086303939962,144,0.49912154607890113,-0.030122391794334735,0.05258767946923926,2001-06-07,2026-08-28,0.040206036997897154,0.15620864951147384,-0.09171099993306608,-0.03711072547132288,-0.08271007126357399
GGRP,1675,6.646825396825397,67392701.00000006,0.010339336492890996,40,0.4829850746268657,-0.20254906915703852,-0.03293536963995147,2019-09-19,2026-08-28,,,-0.20254906915703852,-0.03293536963995147,-0.16961369951708705
GHON,2052,8.142857142857142,9927751.000000013,0.008515451895043732,62,0.4844054580896686,-0.28256568116403646,0.03171571127161954,2018-04-09,2026-08-28,,,-0.28256568116403646,0.03171571127161954,-0.314281392435656
GIAA,3821,15.162698412698413,3686104101.000001,0.012169994106293434,75,0.39466108348599843,-0.014698250066428331,-0.13279835057029965,2011-02-11,2026-08-28,0.07304481659538387,-0.07261056075135985,-0.029867485980893838,-0.14201986016847767,0.11810010050387132
GJTL,6006,23.833333333333332,4288018751.0000024,0.01264225352112676,146,0.4786879786879787,-0.002957777526118255,0.08426513489098131,2002-05-30,2026-08-28,0.08582161579995651,0.26018320543093476,-0.07160702361788218,-0.04700511427861054,-0.08722291241709956
GLOB,1672,6.634920634920635,371501.0000000003,0.014258008658008657,31,0.3145933014354067,-0.12286368509719303,-0.12559190857122604,2012-07-10,2019-04-08,0.6415009316623639,0.5062145683576513,-0.20951332746024753,-0.20190313753027245,0.002728223474033009
GLVA,1608,6.380952380952381,16445001.00000002,0.01166060606060606,42,0.48383084577114427,-0.22038534309012459,0.016945061284539875,2019-12-23,2026-08-28,,,-0.22038534309012459,0.016945061284539875,-0.23733040437466446
GMFI,2181,8.654761904761905,323598150.9999996,0.018258227848101265,46,0.4103622191655204,-0.07581660036930837,-0.1881714109724405,2017-10-10,2026-08-28,,,-0.07581660036930837,-0.1881714109724405,0.11235481060313213
GMTD,6390,25.357142857142858,1.0,0.013933333333333332,104,0.3809076682316119,0.07999774961135886,0.14546076522052198,2000-12-11,2026-08-28,0.24934325058018425,0.23303153354501904,-0.06319113828555656,0.06036493537244003,-0.06546301560916312
GOLD,3967,15.742063492063492,4437801.000000002,0.013933333333333332,126,0.4487017897655659,-0.3740750490514344,0.0053782421263748326,2010-07-07,2026-08-28,-0.24882230756323787,-0.08223237184743759,-0.39827922824724393,0.02640622859537034,-0.37945329117780924
GOLF,515,2.0436507936507935,892490651.0,0.015033962264150942,13,0.3825242718446602,-0.26954531057536735,-0.2186998772190326,2024-07-08,2026-08-28,,,-0.26954531057536735,-0.2186998772190326,-0.050845433356334735
GOOD,1921,7.623015873015873,356200751.0000003,0.010976344086021505,54,0.43206663196251954,-0.11725417934952076,-0.009167558098804207,2018-10-10,2026-08-28,,,-0.11725417934952076,-0.009167558098804207,-0.10808662125071655
GOTO,1048,4.158730158730159,218270653501.0002,0.018933333333333333,25,0.4064885496183206,-0.25502274126863744,-0.386728018313386,2022-04-11,2026-08-28,,,-0.25502274126863744,-0.386728018313386,0.13170527704474855
GPRA,4628,18.365079365079364,112840400.99999993,0.014774311926605506,116,0.43215211754537597,-0.192438350812825,-0.0317306281311045,2007-10-10,2026-08-28,-0.19514389158127132,-0.05541172441675746,-0.19126693397907546,-0.0183551377339487,-0.1607077226817205
GPSO,1198,4.753968253968254,670233000.9999988,0.01264225352112676,26,0.44991652754590983,0.3244301071975313,0.040298011216327145,2021-09-06,2026-08-28,,,0.3244301071975313,0.040298011216327145,0.28413209598120415
GRIA,730,2.8968253968253967,285006751.0000003,0.014371929824561404,18,0.5438356164383562,-0.03824346344794238,0.15693085762947945,2023-08-08,2026-08-28,,,-0.03824346344794238,0.15693085762947945,-0.19517432107742183
GRPH,618,2.4523809523809526,15097501.000000007,0.0256,13,0.3818770226537217,-0.022539731838608246,-0.084611795713191,2024-01-18,2026-08-28,,,-0.022539731838608246,-0.084611795713191,0.06207206387458275
GRPM,750,2.9761904761904763,116596100.99999987,0.023143859649122807,17,0.404,0.5452277750238954,0.23520600861566154,2023-07-10,2026-08-28,,,0.5452277750238954,0.23520600861566154,0.31002176640823387
GSMF,6154,24.42063492063492,211562.00102043143,0.019860244899948615,170,0.49333766655833605,-0.3836592418174324,0.06856036658948006,2001-11-06,2026-08-28,-0.22931387755924026,0.17573983243379887,-0.47954263516032647,-0.019848936267308437,-0.45221960840691244
GTBO,2413,9.575396825396826,18140600.999999985,0.013292307692307694,43,0.33858267716535434,-0.007088271495069187,0.07291574346476026,2009-07-09,2019-04-08,0.1589511993870214,1.2006044551659079,-0.10543314216141186,-0.33911224432059284,-0.08000401495982945
GTRA,809,3.2103174603174605,212197351.0000001,0.010891005291005292,18,0.47095179233621753,0.12225523957122131,0.03716798676837674,2023-03-30,2026-08-28,,,0.12225523957122131,0.03716798676837674,0.08508725280284457
GTSI,1196,4.746031746031746,359604801.00000024,0.024830769230769233,28,0.4682274247491639,0.017520303880501187,0.14430833944845523,2021-09-08,2026-08-28,,,0.017520303880501187,0.14430833944845523,-0.12678803556795404
GULA,976,3.873015873015873,2280015900.999996,0.011482352941176471,15,0.5870901639344263,0.2958618073591246,0.3248182011732468,2022-08-03,2026-08-28,,,0.2958618073591246,0.3248182011732468,-0.028956393814122183
GUNA,514,2.0396825396825395,162456200.99999982,0.012846376811594203,9,0.3852140077821012,0.13113300110392756,0.0729517601426577,2024-07-09,2026-08-28,,,0.13113300110392756,0.0729517601426577,0.058181240961269864
GWSA,3606,14.30952380952381,22188001.000000007,0.01222251655629139,89,0.44869661674986133,-0.1271211730762799,-0.012190726045317679,2011-12-23,2026-08-28,0.39221167055035466,0.016369386972515665,-0.17302568872778623,-0.015443397696762173,-0.11493044703096222
GZCO,4489,17.813492063492063,756753745.4198599,0.01580408163265306,100,0.4154600133660058,-0.10092298784780307,-0.008324757273455496,2008-05-15,2026-08-28,-0.006057861539392029,-0.08683738441145228,-0.13532329487848704,0.025195379531397943,-0.09259823057434757
HADE,5520,21.904761904761905,50001.00000000001,0.0256,73,0.288768115942029,-0.03386014964424888,0.040914873781982664,2004-04-12,2026-08-28,0.15459891485566657,0.2406792201789556,-0.14828543089284185,-0.08065065429083795,-0.07477502342623155
HAIS,1201,4.765873015873016,1304844351.0000012,0.01485925925925926,25,0.4954204829308909,-0.0278300409307074,-0.08839348177121165,2021-09-01,2026-08-28,,,-0.0278300409307074,-0.08839348177121165,0.060563440840504246
HAJJ,805,3.1944444444444446,846693000.9999993,0.013292307692307694,17,0.4894409937888199,-0.01908240858450383,-0.09488191547374691,2023-04-05,2026-08-28,,,-0.01908240858450383,-0.09488191547374691,0.07579950688924308
HALO,843,3.3452380952380953,551470076.0,0.020092753623188405,17,0.4472123368920522,-0.10773262109845905,-0.14602764422381642,2023-02-08,2026-08-28,,,-0.10773262109845905,-0.14602764422381642,0.038295023125357375
HATM,982,3.8968253968253967,9895416601.000013,0.012952941176470587,25,0.5325865580448065,-0.057065536312853715,0.3986008129795393,2022-07-26,2026-08-28,,,-0.057065536312853715,0.3986008129795393,-0.455666349292393
HBAT,731,2.9007936507936507,46438200.99999997,0.02733913043478261,17,0.5020519835841313,0.317037714052681,0.4253838510820651,2023-08-07,2026-08-28,,,0.317037714052681,0.4253838510820651,-0.10834613702938412
HDFA,3761,14.924603174603174,1546750.999999999,0.011413953488372094,101,0.4373836745546397,-0.3533400873330792,-0.044670572787242846,2011-05-10,2026-08-28,-0.2360855335126788,0.04059824245290855,-0.3681066985263469,-0.05791681818820771,-0.30866951454583635
HDIT,1724,6.841269841269841,24359000.99999999,0.0192986301369863,35,0.345707656612529,0.0010092491091822087,-0.3313585089412948,2019-07-12,2026-08-28,,,0.0010092491091822087,-0.3313585089412948,0.332367758050477
HDTX,4070,16.150793650793652,1.0,0.0106,74,0.3864864864864865,-0.11549307170942158,-0.03062288524391643,2002-05-30,2019-04-08,-0.05968712668841447,0.1359805407175858,-0.20958027133766266,-0.2757642366006805,-0.08487018646550515
HEAL,2025,8.035714285714286,6380567501.000009,0.009910344827586206,45,0.43209876543209874,-0.005146831444001965,0.008973179595909375,2018-05-17,2026-08-28,,,-0.005146831444001965,0.008973179595909375,-0.01412001103991134
HELI,2060,8.174603174603174,14710201.000000024,0.014774311926605506,47,0.46310679611650485,0.15112070665129895,-0.027876008381291006,2018-03-28,2026-08-28,,,0.15112070665129895,-0.027876008381291006,0.17899671503258996
HERO,6245,24.78174603174603,5436500.999999997,0.012505219872501252,142,0.4291433146517214,-0.07375662450278497,0.04586403873146039,2001-06-29,2026-08-28,0.13219102217333045,0.34625718518707793,-0.22899267681737012,-0.17043775710975773,-0.11962066323424536
HEXA,5964,23.666666666666668,312612001.0000001,0.008576190476190477,124,0.5365526492287056,0.22647762510473046,0.28060919760593084,2002-07-29,2026-08-28,0.26049304298854614,0.4524579123217787,0.1984414048209493,0.1483315681637447,-0.054131572501200376
HITS,3282,13.023809523809524,1387501.000000001,0.01485925925925926,79,0.46404631322364415,-0.2520552027704641,-0.11216026487880826,2005-09-29,2019-04-08,-0.3215284546826248,-0.256382462659436,-0.1519322847388852,0.11569455627881164,-0.13989493789165586
HMSP,6184,24.53968253968254,12136209750.999996,0.01106448087431694,139,0.5053363518758085,-0.09337436318533421,0.13355776142951914,2001-09-25,2026-08-28,-0.09210487744406415,0.3924061278135942,-0.09453156775973903,-0.06046586708826063,-0.22693212461485335
HOKI,2253,8.94047619047619,4891854600.999992,0.012356756756756758,45,0.4380825565912117,-0.06793201057722409,-0.03727002541510194,2017-07-03,2026-08-28,,,-0.06793201057722409,-0.03727002541510194,-0.030661985162122152
HOME,2640,10.476190476190476,4405463.43038,0.012593006993006993,71,0.5053030303030303,-0.38040459211763833,-0.05638682067019396,2008-07-17,2019-04-08,-0.36067234488792876,0.056672518823472906,-0.39652724805586725,-0.1420506341894714,-0.32401777144744437
HOMI,1436,5.698412698412699,1129424501.0000014,0.01037326968973747,30,0.43036211699164345,-0.07020398709470843,-0.021001987913873088,2020-09-10,2026-08-28,,,-0.07020398709470843,-0.021001987913873088,-0.04920199918083534
HOPE,1268,5.031746031746032,201489101.0000002,0.022991304347826088,23,0.37697160883280756,0.31073012457396065,0.09756592666089658,2021-05-24,2026-08-28,,,0.31073012457396065,0.09756592666089658,0.21316419791306407
HOTL,1551,6.154761904761905,96978350.99999997,0.012742857142857143,52,0.45454545454545453,-0.3930722705279548,-0.10650957253304483,2013-01-10,2019-04-08,,,-0.41278943806579993,-0.10161399745064259,-0.28656269799490997
HRME,1788,7.095238095238095,90690051.0,0.025207843137254902,35,0.4256152125279642,-0.07484830695174827,-0.19263351709817111,2019-04-12,2026-08-28,,,-0.07484830695174827,-0.19263351709817111,0.11778521014642285
HRTA,2259,8.964285714285714,1143124400.9999986,0.012846376811594203,61,0.4909251881363435,0.09188238298639395,0.28518503211916735,2017-06-22,2026-08-28,,,0.09188238298639395,0.28518503211916735,-0.1933026491327734
HRUM,3908,15.507936507936508,14943093750.999989,0.012010256410256409,80,0.45445240532241554,0.14198124308636895,0.013091829411090217,2010-10-06,2026-08-28,-0.03967987032197151,-0.14868686133512865,0.18404585901731862,0.04790881541279801,0.12888941367527873
HUMI,729,2.892857142857143,6867766651.000003,0.0155009900990099,14,0.4897119341563786,0.3443198334829587,0.12275386674793598,2023-08-09,2026-08-28,,,0.3443198334829587,0.12275386674793598,0.2215659667350227
HYGN,602,2.388888888888889,133789100.99999985,0.012544444444444445,17,0.49169435215946844,-0.10861671699892395,0.06698444015587368,2024-02-13,2026-08-28,,,-0.10861671699892395,0.06698444015587368,-0.17560115715479763
IATA,4901,19.4484126984127,69681501.00000006,0.0256,83,0.3070801877167925,-0.11800891051836582,-0.007971506153683805,2006-09-13,2026-08-28,-0.11638752857027423,-0.024564368858924435,-0.11884426546337679,0.0014054604086206623,-0.11003740436468201
IBFN,1074,4.261904761904762,154201.0000000001,0.011425991463556894,21,0.4925512104283054,-0.19010790606126515,-0.34774473673473705,2014-12-22,2019-04-08,,,-0.19010790606126515,-0.34774473673473705,0.1576368306734719
IBOS,1039,4.123015873015873,721094976.000001,0.015123809523809525,21,0.4359961501443696,0.4270267289839409,-0.05530519851396254,2022-04-25,2026-08-28,,,0.4270267289839409,-0.05530519851396254,0.48233192749790343
ICBP,6439,25.5515873015873,31733114375.999966,0.010575124378109452,138,0.5284982140083864,0.0678554713247923,0.13721828538647807,2000-10-02,2026-08-28,0.2304198592553297,0.23865191002791097,-0.072214352466207,0.04511593067703745,-0.06936281406168576
ICON,4765,18.908730158730158,1174694.1020507812,0.014518407647273277,87,0.3666316894018888,-0.10539322695210429,-0.08831179392857935,2007-03-26,2026-08-28,0.034392785918645474,-0.11490593916351644,-0.1530312825150244,-0.07262459904151874,-0.01708143302352494
IDEA,1195,4.742063492063492,193846500.99999967,0.02199344262295082,27,0.499581589958159,-0.25029453199064955,-0.16867522246308353,2021-09-09,2026-08-28,,,-0.25029453199064955,-0.16867522246308353,-0.08161930952756602
IDPR,2627,10.424603174603174,17394750.999999978,0.0128992700729927,65,0.4438523030072326,-0.18798785970788634,-0.13603697228908473,2015-12-10,2026-08-28,,,-0.18798785970788634,-0.13603697228908473,-0.051950887418801606
IFII,1617,6.416666666666667,28453501.00000001,0.011734969325153374,38,0.48608534322820035,-0.1094360727546585,0.048613978204411934,2019-12-10,2026-08-28,,,-0.1094360727546585,0.048613978204411934,-0.15805005095907043
IFSH,1620,6.428571428571429,8070250.999999995,0.010650505050505051,46,0.47901234567901235,-0.06311096939244021,0.0927188535360346,2019-12-05,2026-08-28,,,-0.06311096939244021,0.0927188535360346,-0.1558298229284748
IGAR,6406,25.42063492063492,33127500.999999978,0.012266666666666667,155,0.4793943178270372,-0.02701720717919409,0.09183682318911024,2000-11-16,2026-08-28,-0.05560760090453165,0.16394111770376685,0.001902346716762482,0.026394331030237472,-0.11885403036830433
IIKP,4074,16.166666666666668,78487501.00000006,0.01948888888888889,114,0.48576337751595483,-0.7709570555761912,0.05077341245245082,2002-10-14,2019-04-08,-0.8864722422000819,0.09497725444246297,-0.16616072694202655,-0.025992226116313466,-0.821730468028642
IKAI,6126,24.30952380952381,1524877.6587905898,0.025023309735120455,137,0.41234084231145934,-0.22618638537289426,-0.03990670446206679,2001-12-13,2026-08-28,-0.2835480990701361,0.03462118014976201,-0.1709368931092089,-0.09603593436645119,-0.18627968091082747
IKAN,1575,6.25,540529401.0000001,0.017795121951219513,35,0.4057142857142857,0.11939125965327779,-0.12116813369547175,2020-02-12,2026-08-28,,,0.11939125965327779,-0.12116813369547175,0.24055939334874954
IKBI,6026,23.91269841269841,911001.0000000007,0.013292307692307694,137,0.4653169598406903,-0.10652606329171199,0.09785576026309761,2002-05-03,2026-08-28,-0.07775455973807854,0.12037018892217577,-0.13065816842355027,0.07877006692821853,-0.2043818235548096
IKPM,666,2.642857142857143,225063900.99999976,0.014147008547008549,17,0.44294294294294295,-0.1973090700384752,0.028438740997882572,2023-11-08,2026-08-28,,,-0.1973090700384752,0.028438740997882572,-0.22574781103635777
IMAS,6127,24.313492063492063,136850001.00000024,0.010835602094240837,126,0.43496001305696097,-0.022279112908509258,0.04363774757704664,2001-12-13,2026-08-28,0.07246381824969816,0.26711465489620534,-0.10063146789459354,-0.12210950845493596,-0.0659168604855559
IMJS,3116,12.365079365079366,609358885.8103034,0.01166060606060606,68,0.413992297817715,-0.011597463504975591,-0.0878651378330817,2013-12-11,2026-08-28,,,-0.011597463504975591,-0.0878651378330817,0.0762676743281061
IMPC,2868,11.380952380952381,1817812507.4811714,0.014330158624435197,70,0.5324267782426778,0.16093824362421083,0.34970863151916975,2014-12-17,2026-08-28,,,0.16093824362421083,0.34970863151916975,-0.18877038789495892
INAF,4417,17.52777777777778,251575100.99999955,0.011155555555555556,99,0.4786053882725832,0.06748690462973217,0.19982617978495498,2001-04-18,2019-04-08,-0.09793388292224847,0.03286908011415823,0.5152180675765832,0.6442391252878152,-0.1323392751552228
INAI,6025,23.908730158730158,2180326.0000000005,0.012266666666666667,163,0.48896265560165975,-0.1646896731558395,0.031858062257968056,2002-05-03,2026-08-28,-0.17968564932843822,0.007248032259826953,-0.14613015695515186,0.05235565247071783,-0.19654773541380754
INCF,3124,12.396825396825397,1.0,0.01309063670411985,65,0.37227912932138285,-0.5859968677040288,0.08377762474508166,2002-06-14,2019-04-08,-0.6184920772208267,0.38099210436185627,-0.43988939674899585,0.16248094926938395,-0.6697744924491105
INCI,6347,25.186507936507937,10869647.217285149,0.012700835856447311,158,0.5021269891287222,-0.12353070740050087,0.04186985237885099,2001-02-08,2026-08-28,-0.1465545850333212,-0.04160567743623744,-0.10076722858593135,0.12540023361178743,-0.16540055977935186
INCO,5146,20.42063492063492,36574462500.999954,0.008370083102493075,114,0.5064127477652546,0.08607505349273348,0.08149470101491896,2005-09-29,2026-08-28,0.12658824265781887,0.07562581343824815,0.06277328084602263,0.0881827791388079,0.00458035247781452
INDF,6440,25.555555555555557,47131888751.00006,0.009801680672268907,135,0.5211180124223602,0.0736210273386102,0.12130934394274306,2000-10-02,2026-08-28,0.18722374080955917,0.21224164230688936,-0.028325657880663324,0.043563606298915314,-0.04768831660413286
INDO,1597,6.337301587301587,257547050.99999994,0.014371929824561404,33,0.5309956167814652,0.09739177521301112,-0.005132755591740312,2020-01-13,2026-08-28,,,0.09739177521301112,-0.005132755591740312,0.10252453080475143
INDR,6007,23.83730158730159,23190000.999999985,0.010145454545454544,140,0.47261528217080073,-0.008871395961800754,0.06855302527976259,2002-05-30,2026-08-28,-0.07298228735300272,0.08438718618280161,0.06598004221900888,0.05515132322406613,-0.07742442124156335
INDS,6187,24.5515873015873,6335000.999999995,0.011298005698005698,126,0.4654921609827057,0.07457303810849836,0.22771908319988587,2001-09-20,2026-08-28,0.04308564227668743,0.47825167100975285,0.1251072983312913,0.04252961574757874,-0.15314604509138752
INDX,4263,16.916666666666668,7940701.0,0.011889308176100628,101,0.3823598404879193,-0.5084316416006591,-0.23831851473719556,2001-05-28,2019-04-08,-0.6215777596526852,-0.24566066176584123,-0.17641445031675207,-0.2642616021004075,-0.27011312686346356
INDY,4473,17.75,16172454501.000011,0.008764556962025317,93,0.4694835680751174,0.13075669233934262,0.023962140262057785,2008-06-11,2026-08-28,-0.0044119166702853985,-0.24542285764729366,0.1873401463730493,0.1488578910859737,0.10679455207728483
INET,741,2.9404761904761907,26920194926.000004,0.01134712643678161,14,0.4399460188933873,0.561080816096416,0.3657644707189762,2023-07-24,2026-08-28,,,0.561080816096416,0.3657644707189762,0.1953163453774398
INKP,6386,25.341269841269842,9508031250.999992,0.009373584905660377,134,0.4948324459755716,0.21131953709923756,0.10014398792642809,2000-12-14,2026-08-28,0.22809528145443303,0.015401203413789366,0.19516960460134403,0.19048779890827383,0.11117554917280947
INOV,1726,6.849206349206349,61767650.99999991,0.012051612903225806,39,0.44901506373117034,-0.1853551388051955,-0.128420650984844,2019-07-10,2026-08-28,,,-0.1853551388051955,-0.128420650984844,-0.05693448782035149
INPC,6054,24.023809523809526,29307434.722675286,0.01658901098901099,159,0.4213742979848034,-0.16578393477980624,0.07030768974638169,2002-03-25,2026-08-28,-0.23933766401926004,0.1148020605526956,-0.09576786370136836,0.032912437599768474,-0.23609162452618793
INPP,5033,19.97222222222222,495001.0000000004,0.010501960784313726,105,0.3832704152592887,-0.14132304493213654,0.0991535595540991,2006-03-14,2026-08-28,0.21125306143045486,0.2009389586924275,-0.28748623865805134,0.046315187820468395,-0.24047660448623565
INPS,2053,8.146825396825397,70174700.99999993,0.009929004329004329,49,0.4622503653190453,-0.05828132919748408,0.06659207801323808,2018-04-06,2026-08-28,,,-0.05828132919748408,0.06659207801323808,-0.12487340721072215
INRU,2761,10.956349206349206,1050001.0000000007,0.013664516129032259,67,0.4784498370155741,-0.1906562305971996,-0.013971016353880872,2007-12-03,2019-04-08,-0.34551570587779945,-0.006882496012524664,-0.01270720977810269,-0.020485535078812456,-0.17668521424331873
INTA,4533,17.988095238095237,18169950.33142123,0.01373160204261615,120,0.4745201853077432,-0.04355803851645201,0.17997221022104237,2000-11-07,2019-04-08,-0.01710382290175494,0.23941255630290414,-0.09832124230351191,0.06107303278817611,-0.22353024873749439
INTD,6008,23.841269841269842,44000.99999999997,0.016071204188481677,99,0.34071238348868177,-0.1009155267769748,0.08303531776506512,2002-05-29,2026-08-28,-0.18572429469969287,0.0530806005018265,-0.021110092311588557,0.10942517016338638,-0.18395084454203992
INTP,6392,25.365079365079364,23420190000.99997,0.008044987775061125,162,0.513767209011264,-0.02446214240074651,0.07716545511888606,2000-12-06,2026-08-28,0.16437010483437708,0.2510294013897847,-0.17088614735375984,-0.06686780627410382,-0.10162759751963257
IOTF,689,2.734126984126984,5670935801.000006,0.0156,14,0.43831640058055155,0.19918250747197908,-0.2432715346694596,2023-10-06,2026-08-28,,,0.19918250747197908,-0.2432715346694596,0.4424540421414387
IPAC,1243,4.932539682539683,1127050.999999999,0.013664516129032259,44,0.4746580852775543,-0.40103750881728195,0.06248885813807559,2021-06-30,2026-08-28,,,-0.40103750881728195,0.06248885813807559,-0.46352636695535754
IPCC,1987,7.884920634920635,1129874251.0000005,0.012794244604316548,44,0.467035732259688,0.014181952678679277,0.02393952191559401,2018-07-09,2026-08-28,,,0.014181952678679277,0.02393952191559401,-0.009757569236914732
IPCM,2128,8.444444444444445,195289801.00000027,0.012593006993006993,52,0.4558270676691729,-0.08242121468415053,0.029042425593757137,2017-12-22,2026-08-28,,,-0.08242121468415053,0.029042425593757137,-0.11146364027790767
IPOL,3965,15.734126984126984,71054050.99999994,0.013664516129032259,97,0.42900378310214377,-0.10207525192107492,-0.03595623165294448,2010-07-09,2026-08-28,-0.18518203121093157,-0.20975762461810166,-0.08020842348932145,0.008427369565927156,-0.06611902026813044
IPTV,1728,6.857142857142857,1238623401.000002,0.021225,39,0.3559027777777778,-0.26365401560763646,-0.2562267069643779,2019-07-08,2026-08-28,,,-0.26365401560763646,-0.2562267069643779,-0.007427308643258579
IRRA,1657,6.575396825396825,2826299000.999997,0.014220689655172414,39,0.40072420036210016,-0.1575540776512958,-0.05477886800693044,2019-10-15,2026-08-28,,,-0.1575540776512958,-0.05477886800693044,-0.10277520964436537
IRSX,844,3.3492063492063493,149672500.9999998,0.0256,14,0.5319905213270142,1.6146827705027977,0.4651546148737442,2023-02-07,2026-08-28,,,1.6146827705027977,0.4651546148737442,1.1495281556290535
ISAP,885,3.511904761904762,228600601.00000036,0.07702857142857142,26,0.4056497175141243,-0.489277548802835,-0.30699013978266954,2022-12-09,2026-08-28,,,-0.489277548802835,-0.30699013978266954,-0.1822874090201655
ISAT,5537,21.97222222222222,9396400001.000006,0.009236363636363636,119,0.48835109264944915,0.05374681353657995,0.07713602361817018,2004-03-18,2026-08-28,-0.04116375287467455,0.0730022593540054,0.12706544544489806,0.08171196137783299,-0.023389210081590228
ISEA,515,2.0436507936507935,295773900.9999998,0.017795121951219513,11,0.3825242718446602,-0.12917496534933537,-0.4830840463717765,2024-07-08,2026-08-28,,,-0.12917496534933537,-0.4830840463717765,0.3539090810224411
ISSP,3318,13.166666666666666,994272000.9999983,0.014295652173913043,75,0.47649186256781195,-0.036763361149639184,0.048259764850324016,2013-02-22,2026-08-28,,,-0.02906451238909591,0.08658581852352176,-0.0850231259999632
ITIC,1730,6.865079365079365,205652800.99999982,0.012402721088435374,37,0.41271676300578036,-0.17385295220343544,-0.05102585737683163,2019-07-04,2026-08-28,,,-0.17385295220343544,-0.05102585737683163,-0.12282709482660381
ITMA,4593,18.226190476190474,10219264.872283943,0.013062686567164179,75,0.2928369257565861,0.06514890178469779,0.22175087086679768,2007-12-04,2026-08-28,0.8221990701466368,0.7093323732491488,-0.15019738289801687,0.06079557213997355,-0.1566019690820999
ITMG,4583,18.186507936507937,32506275000.999947,0.006637344398340249,104,0.5177831114990181,0.12634658071284144,0.12970023577331502,2007-12-18,2026-08-28,0.13630695500321366,0.14510053414787927,0.12221332340529822,0.12286576757928147,-0.0033536550604735815
JARR,975,3.869047619047619,1295674801.0,0.011889308176100628,24,0.46564102564102566,0.7796449481364356,0.7497372332980707,2022-08-04,2026-08-28,,,0.7796449481364356,0.7497372332980707,0.02990771483836485
JAST,1765,7.003968253968254,627867650.9999992,0.0156,42,0.41359773371104813,-0.17095826254077617,-0.17457208830315096,2019-05-16,2026-08-28,,,-0.17095826254077617,-0.17457208830315096,0.0036138257623747894
JATI,789,3.130952380952381,554822500.999999,0.01709425287356322,11,0.28010139416983526,0.1584859560406986,-0.07211253580091415,2023-05-08,2026-08-28,,,0.1584859560406986,-0.07211253580091415,0.23059849184161274
JAWA,3747,14.869047619047619,105900751.00000009,0.01166060606060606,90,0.4270082732852949,-0.15690163086685482,-0.08030292027470731,2011-05-30,2026-08-28,-0.0674789658790681,-0.12686227437972475,-0.16943289820147833,-0.07461023585541282,-0.07659871059214751
JAYA,1825,7.242063492063492,220090950.14144874,0.01485925925925926,36,0.4778082191780822,-0.08170261300513948,-0.10368411127558042,2019-02-21,2026-08-28,,,-0.08170261300513948,-0.10368411127558042,0.021981498270440936
JECC,6157,24.432539682539684,465.9999999999999,0.010145454545454544,142,0.4619132694494072,-0.0750584378352035,0.12763001460629475,2001-11-01,2026-08-28,0.14686466296446699,0.20893209335945384,-0.2360463189959363,0.06226244473616349,-0.20268845244149825
JGLE,2498,9.912698412698413,10001.00000000001,0.0256,23,0.20576461168935148,-0.0029421680322515575,-0.07485588402584109,2016-06-29,2026-08-28,,,-0.0029421680322515575,-0.07485588402584109,0.07191371599358953
JIHD,5498,21.817460317460316,14638751.000000022,0.014690909090909091,145,0.4721716987995635,-0.1271954969457887,0.02637529310371356,2004-05-12,2026-08-28,0.1655099883676323,0.2643778574050786,-0.2872719519609094,-0.11147588843905298,-0.15357079004950225
JKON,4593,18.226190476190474,12914878.220336925,0.0128992700729927,107,0.4685390812105378,-0.13586274546762034,-0.027645505083626842,2007-12-04,2026-08-28,-0.27833019703134587,0.12113966998534265,-0.06782579175764802,-0.08459757275259183,-0.1082172403839935
JKSW,4181,16.591269841269842,433125.99999999977,0.0181,113,0.4467830662520928,-0.3365906395805103,0.041607107408192734,2002-05-20,2019-04-08,-0.2914689537622793,0.09414997544522374,-0.41515827611475087,-0.05210217371953518,-0.378197746988703
JPFA,6353,25.21031746031746,4099918750.9999976,0.011034782608695653,142,0.518022981268692,0.10010861807568538,0.1465851135435583,2001-01-31,2026-08-28,0.18229386958914406,0.24714409108320012,0.026217322911069374,0.05521588978165837,-0.046476495467872914
JRPT,5147,20.424603174603174,287259500.9999995,0.014371929824561404,116,0.5183602098309695,0.029224297400265442,0.17363258921292912,2005-09-29,2026-08-28,0.17296322101847972,0.4451321326688784,-0.04457428095639959,0.037595635170010855,-0.14440829181266368
JSMR,4608,18.285714285714285,23060603983.60427,0.007898850574712644,117,0.501953125,-0.0028429823976585666,0.03689743858469141,2007-11-12,2026-08-28,0.27910741210569845,0.2518234895720126,-0.10314491970434658,-0.04602754422178923,-0.03974042098234998
JSPT,6025,23.908730158730158,1.0,0.012178947368421053,79,0.27319502074688795,-0.08587157359747333,0.009835302598206752,2002-05-06,2026-08-28,-0.014314871926897288,-0.048610420648575126,-0.14347326769025404,0.06318995998119759,-0.09570687619568008
JTPE,6039,23.964285714285715,114091251.00000006,0.018757894736842105,131,0.5042225534028812,-0.04254013170362825,0.2037445417681365,2002-04-16,2026-08-28,-0.1533338579435517,0.1694599294417778,0.07006832827215237,0.23576234570166887,-0.24628467347176475
KAEF,6241,24.765873015873016,627481251.0000005,0.01485925925925926,149,0.46899535330876463,0.02963063009848077,0.040913204126795666,2001-07-05,2026-08-28,-0.047583720360088844,0.14858162199039615,0.10713405758928807,-0.04854937293059047,-0.011282574028314896
KARW,4150,16.46825396825397,725001.0000000006,0.01490232558139535,78,0.41927710843373495,-0.16477455523460893,-0.09685442506839714,2002-02-07,2019-04-08,-0.24790635438060404,-0.026670529793297537,0.018687711122010953,-0.21621190510441168,-0.06792013016621179
KBAG,1536,6.095238095238095,53586701.0,0.0256,23,0.3860677083333333,-0.06401914555832666,-0.1667809376089756,2020-04-08,2026-08-28,,,-0.06401914555832666,-0.1667809376089756,0.10276179205064895
KBLI,5147,20.424603174603174,117166150.99999994,0.01411063829787234,135,0.4863027006022926,-0.09304975425445683,0.10293034802145695,2005-09-29,2026-08-28,-0.2506950803346971,0.2067082453929716,0.01549229514127104,0.045748454082288115,-0.19598010227591378
KBLM,6160,24.444444444444443,2945000.9999999995,0.012402721088435374,161,0.4693181818181818,-0.23120645748724933,0.06292070408693062,2001-10-26,2026-08-28,-0.21244492195914544,0.05632986192737688,-0.24686616579054677,0.06892711131224538,-0.29412716157417995
KBLV,6312,25.047619047619047,1275001.0000000002,0.01264225352112676,104,0.31653992395437264,-0.02038044544991069,-0.10151948752625739,2001-03-28,2026-08-28,-0.04319192169681352,-0.08342898281047761,0.0018641149322020656,-0.11842683616006211,0.0811390420763467
KBRI,2641,10.48015873015873,67500.99999999996,0.0256,35,0.24271109428246876,-0.2246728367173909,-0.22366263821265264,2008-07-11,2019-04-05,-0.40357676676083043,-0.42506073704728264,-0.03277646456948102,0.0,-0.0010101985047382689
KDSI,6514,25.849206349206348,1968751.0000000002,0.017261807580174926,161,0.49324531777709546,-0.1521183447895167,0.06469873519996683,2000-06-20,2026-08-28,-0.1416955825902103,-0.011517242224348578,-0.16256645962874205,0.14910372335582966,-0.21681707998948352
KDTN,907,3.5992063492063493,26442651.0,0.013730081300813008,27,0.432194046306505,0.31845455385121113,0.19729690930909838,2022-11-09,2026-08-28,,,0.31845455385121113,0.19729690930909838,0.12115764454211275
KEEN,1688,6.698412698412699,1038704400.9999996,0.013474015748031497,40,0.48755924170616116,-0.07277426662643705,0.07261064113547588,2019-09-02,2026-08-28,,,-0.07277426662643705,0.07261064113547588,-0.14538490776191293
KEJU,1628,6.4603174603174605,88650000.99999994,0.011413953488372094,39,0.43796068796068793,0.09681621198046719,0.15884869159119375,2019-11-25,2026-08-28,,,0.09681621198046719,0.15884869159119375,-0.062032479610726554
KETR,906,3.5952380952380953,117927201.0000001,0.01490232558139535,16,0.40618101545253865,0.5451862867547521,0.31650171608912636,2022-11-10,2026-08-28,,,0.5451862867547521,0.31650171608912636,0.22868457066562575
KICI,6026,23.91269841269841,102800.99999999997,0.013062686567164179,148,0.4445735147693329,-0.23868096277192585,0.022713264946149447,2002-05-03,2026-08-28,-0.07814620353943835,0.000580395517969956,-0.35467228271685525,0.04222770380265484,-0.2613942277180753
KIJA,6184,24.53968253968254,3587240929.262543,0.011552380952380953,132,0.5003234152652005,0.01450154604202103,0.025341196637251873,2001-09-25,2026-08-28,-0.0070583726326253204,0.0978648080683373,0.03458929915838027,-0.035600418933672606,-0.010839650595230843
KING,838,3.3253968253968256,221376800.9999997,0.010728205128205128,21,0.4606205250596659,-0.0490538995825337,0.3138503254378431,2023-02-16,2026-08-28,,,-0.0490538995825337,0.3138503254378431,-0.3629042250203768
KINO,2626,10.420634920634921,261407500.99999985,0.010294835680751173,51,0.45163747143945165,0.03750971706488504,-0.07880806265831486,2015-12-11,2026-08-28,,,0.03750971706488504,-0.07880806265831486,0.1163177797231999
KIOS,2185,8.670634920634921,102788051.00000001,0.014522133906069271,45,0.38123569794050344,-0.08561217194503179,-0.13222967863962587,2017-10-05,2026-08-28,,,-0.08561217194503179,-0.13222967863962587,0.04661750669459408
KJEN,1733,6.876984126984127,256216000.9999999,0.011034782608695653,30,0.41431044431621467,0.417736774743904,-0.0865872467941482,2019-07-01,2026-08-28,,,0.417736774743904,-0.0865872467941482,0.5043240215380522
KKES,973,3.861111111111111,48321351.00000002,0.02832727272727273,20,0.40184994861253853,-0.1038527790765652,-0.1341619011694445,2022-08-08,2026-08-28,,,-0.1038527790765652,-0.1341619011694445,0.03030912209287928
KKGI,5147,20.424603174603174,85885956.05107126,0.012451913111518817,108,0.5000971439673596,0.17014000311967292,0.21769358100472824,2005-09-29,2026-08-28,0.7544421191053139,0.5791781976422099,-0.07933671716394441,0.041375668446938185,-0.04755357788505532
KLAS,767,3.0436507936507935,708551798.0551927,0.01709425287356322,16,0.5371577574967406,0.2008368325538734,-0.0793081857612048,2023-06-12,2026-08-28,,,0.2008368325538734,-0.0793081857612048,0.2801450183150782
KLBF,5605,22.24206349206349,39838677251.00007,0.009461003861003861,133,0.5106155218554862,-0.011092196529070453,0.162087677633173,2003-12-15,2026-08-28,0.10790181386145581,0.4804583300625693,-0.09018764910732668,-0.02437487363473434,-0.17317987416224345
KLIN,972,3.857142857142857,40239200.99999994,0.024467924528301887,21,0.37551440329218105,0.28712518677754506,0.07038710654246572,2022-08-09,2026-08-28,,,0.28712518677754506,0.07038710654246572,0.21673808023507934
KMDS,1439,5.7103174603174605,35853200.99999994,0.015033962264150942,36,0.4273801250868659,-0.08804351002026156,0.12143908727216335,2020-09-07,2026-08-28,,,-0.08804351002026156,0.12143908727216335,-0.2094825972924249
KMTR,2261,8.972222222222221,19144400.999999978,0.012266666666666667,67,0.4099955771782397,-0.1027165829768617,-0.1180300090905978,2017-06-20,2026-08-28,,,-0.1027165829768617,-0.1180300090905978,0.015313426113736095
KOBX,3472,13.777777777777779,74344001.00000003,0.011552380952380953,82,0.4236751152073733,-0.16261227347807994,-0.06334378342606983,2012-07-05,2026-08-28,-0.27209571843287994,-0.27099735893218424,-0.14869743775424127,-0.043443539353495986,-0.0992684900520101
KOCI,689,2.734126984126984,98694801.00000009,0.02411851851851852,17,0.5224963715529753,0.010245487110703388,0.12958752629072867,2023-10-06,2026-08-28,,,0.010245487110703388,0.12958752629072867,-0.11934203918002528
KOKA,686,2.7222222222222223,809557801.0000008,0.01772121212121212,15,0.40524781341107874,0.7261579853360154,0.014933329268089102,2023-10-11,2026-08-28,,,0.7261579853360154,0.014933329268089102,0.7112246560679263
KONI,6074,24.103174603174605,1.0,0.0116790273556231,108,0.37783997365821537,0.009389129977832145,0.1357444441150848,2002-02-26,2026-08-28,0.09458084507152753,0.07974648498245318,-0.05998218867799765,0.18734504549775566,-0.12635531413725265
KOPI,6284,24.936507936507937,1.0,0.020984615384615386,94,0.25254614894971356,-0.3371800556537936,-0.01496148472502612,2001-04-24,2026-08-28,-0.4702912908547383,-0.1317006010045959,-0.1800232370320063,0.11032510317943811,-0.3222185709287675
KOTA,1727,6.853174603174603,221423826.00000012,0.0256,26,0.34337000579038796,0.1468052808578375,-0.10334092122103922,2019-07-09,2026-08-28,,,0.1468052808578375,-0.10334092122103922,0.2501462020788767
KPIG,6571,26.075396825396826,15394651.000000024,0.020092753623188405,170,0.46172576472378635,-0.2080431666646838,-0.013668822649302359,2000-03-30,2026-08-28,-0.15857740585023883,0.023942435044345345,-0.25609456300401867,-0.04703491045881736,-0.19437434401538145
KRAH,1348,5.349206349206349,180400000.9999999,0.010119774011299435,26,0.5400593471810089,0.38430562865341056,0.3999992815744966,2013-11-08,2019-04-08,,,0.38430562865341056,0.3999992815744966,-0.015693652921086043
KRAS,3882,15.404761904761905,1779906600.9999998,0.010294835680751173,78,0.41859866048428646,-0.03934005964127629,-0.10081136636629973,2010-11-10,2026-08-28,-0.3605682544680445,-0.3105149775464766,0.04260950959633636,-0.052258541910074285,0.061471306725023434
KREN,5986,23.753968253968253,277675001.00000036,0.030600000000000002,138,0.4894754426996325,-0.16031176265810998,0.0343902098649469,2002-06-28,2026-08-28,-0.2315942046671784,0.2486197109721362,-0.09442300683006588,-0.11782347300338103,-0.19470197252305688
KRYA,982,3.8968253968253967,1088146851.0000002,0.019784397163120568,24,0.4175152749490835,-0.13478416477013255,-0.10313301016488019,2022-07-26,2026-08-28,,,-0.13478416477013255,-0.10313301016488019,-0.03165115460525236
KUAS,1164,4.619047619047619,87245100.9999999,0.02411851851851852,28,0.5146048109965635,-0.10135356794321837,-0.1678749031287433,2021-10-25,2026-08-28,,,-0.10135356794321837,-0.1678749031287433,0.06652133518552494
LABA,1257,4.988095238095238,999808701.0000005,0.012593006993006993,27,0.38822593476531425,-0.0800138227020939,-0.05157863884011027,2021-06-10,2026-08-28,,,-0.0800138227020939,-0.05157863884011027,-0.028435183861983626
LABS,513,2.0357142857142856,145476001.00000003,0.012742857142857143,12,0.5282651072124757,-0.2168514369657506,0.07921627192935432,2024-07-10,2026-08-28,,,-0.2168514369657506,0.07921627192935432,-0.2960677088951049
LAJU,851,3.376984126984127,742667900.9999998,0.02199344262295082,14,0.3501762632197415,-0.14182335555338055,-0.17593203493181664,2023-01-27,2026-08-28,,,-0.14182335555338055,-0.17593203493181664,0.03410867937843609
LAND,1954,7.753968253968254,53821751.00000002,0.0181,35,0.38331627430910953,0.009084641085185918,-0.23539687113946306,2018-08-23,2026-08-28,,,0.009084641085185918,-0.23539687113946306,0.24448151222464898
LAPD,6232,24.73015873015873,1080.9999999999998,0.014690909090909091,84,0.2758344030808729,-0.04238533953769119,-0.02426832215470387,2001-07-18,2026-08-28,-0.1844394231017067,0.022246524479195173,0.11152605998448695,-0.06511034277293748,-0.01811701738298732
LCGP,2883,11.44047619047619,767341001.0000008,0.0155009900990099,58,0.4006243496357961,-0.0620646815923076,-0.05225162052303467,2007-07-13,2019-04-08,0.05194833899150186,0.05717752335261461,-0.15399790294974425,-0.14607457752566977,-0.009813061069272933
LEAD,3115,12.36111111111111,437870475.9999995,0.01794567901234568,50,0.39325842696629215,0.030201449109295675,-0.13825828301649334,2013-12-11,2026-08-28,,,0.030201449109295675,-0.13825828301649334,0.16845973212578902
LFLO,1298,5.150793650793651,8658101.0,0.017364705882352942,41,0.43682588597842836,-0.0899176267275158,0.368173004944901,2021-04-07,2026-08-28,,,-0.0899176267275158,0.368173004944901,-0.4580906316724168
LIFE,1727,6.853174603174603,1180000.9999999993,0.009749377593360996,42,0.44412275622466707,0.018989670903216016,0.06987113268031075,2019-07-09,2026-08-28,,,0.018989670903216016,0.06987113268031075,-0.05088146177709474
LINK,2944,11.682539682539682,2270554501.0000024,0.008047980416156671,68,0.44870923913043476,-0.04701237615687204,-0.09861103271033,2014-09-01,2026-08-28,,,-0.04701237615687204,-0.09861103271033,0.05159865655345797
LION,6035,23.9484126984127,93001.00000000007,0.0106,166,0.4820215410107705,-0.2724392109784731,0.08033736916961964,2002-04-22,2026-08-28,-0.10521278968727188,0.30246393704176544,-0.39673958842453205,-0.08907556245467085,-0.35277658014809277
LIVE,603,2.392857142857143,1126118201.0000002,0.0155009900990099,11,0.5024875621890548,-0.06428001442909681,0.044261673484365716,2024-02-12,2026-08-28,,,-0.06428001442909681,0.044261673484365716,-0.10854168791346253
LMAS,4273,16.956349206349206,2500000.9999999995,0.024830769230769233,84,0.3744441844137608,-0.203968365630804,-0.11485426527304154,2001-12-28,2019-04-08,-0.21698498668347055,-0.17737771442766925,-0.17755663747811834,0.023293029311173052,-0.08911410035776246
LMAX,729,2.892857142857143,160640200.99999994,0.01842051282051282,17,0.4279835390946502,0.13887640358065467,-0.21803816573719226,2023-08-09,2026-08-28,,,0.13887640358065467,-0.21803816573719226,0.35691456931784693
LMPI,6387,25.345238095238095,6012501.000000004,0.012402721088435374,174,0.484264913104744,-0.3209702225386024,-0.009946453307039027,2000-12-14,2026-08-28,-0.3526368160866701,0.018759980281610522,-0.28858530792648895,-0.037171772481907395,-0.3110237692315634
LMSH,4232,16.793650793650794,1.0,0.0106,120,0.5321361058601134,-0.3901114708061526,0.4014929986225586,2002-04-22,2019-04-05,-0.40200532973582104,0.6346444870160775,-0.36619324145366094,0.037650073779590176,-0.7916044694287112
LOPI,686,2.7222222222222223,184052051.0000003,0.023143859649122807,12,0.4271137026239067,0.31162289269920085,-0.05569652157080529,2023-10-11,2026-08-28,,,0.31162289269920085,-0.05569652157080529,0.36731941427000614
LPCK,6055,24.02777777777778,268257306.4744872,0.012093506493506493,142,0.4685383980181668,-0.02672398590814884,0.05013149747909229,2002-03-25,2026-08-28,-0.05764234069727925,0.39534729330682605,0.001091860129047939,-0.1813396599653384,-0.07685548338724113
LPGI,6278,24.91269841269841,208751.00000000015,0.011949206349206348,143,0.5017521503663587,-0.1051839179759384,0.06783638173733886,2001-05-16,2026-08-28,-0.15636908760786816,-0.03155386676218941,-0.05413857034546832,0.17224160446129066,-0.17302029971327726
LPIN,5922,23.5,390251.00000000006,0.014295652173913043,125,0.49020601148260723,-0.07836880540346813,0.09618297523031738,2002-09-25,2026-08-28,0.13792797372048882,0.09548042354336217,-0.22669006878339681,0.09305571189127382,-0.1745517806337855
LPKR,5147,20.424603174603174,19928220233.247772,0.01077771493667578,112,0.4693996502817175,-0.05154622643581208,-0.060976700843264786,2005-09-29,2026-08-28,0.14863153037916255,0.23916206987944788,-0.1531995111662997,-0.20151029990618996,0.009430474407452705
LPLI,6387,25.345238095238095,5801701.000000004,0.013175757575757577,156,0.4470017222483169,-0.1621121453879668,-0.07808669288530545,2000-12-14,2026-08-28,-0.13819363587088085,-0.057954157880852675,-0.18480634921958883,-0.10110881513213554,-0.08402545250266136
LPPF,5146,20.42063492063492,6478212001.0,0.009409523809523809,100,0.4325689856198989,0.17186679149524275,-0.1397257741230017,2005-09-29,2026-08-28,0.5989649300913968,-0.22258066515432973,-0.025113345720501723,-0.08926053689289992,0.31159256561824444
LPPS,6408,25.428571428571427,18146251.000000004,0.0156,168,0.4241573033707865,-0.2586878973473563,-0.04391060459406659,2000-11-15,2026-08-28,-0.2625451078289113,0.0029999436553527214,-0.25488025057903174,-0.09042568923434591,-0.21477729275328972
LRNA,2918,11.579365079365079,4304051.000000004,0.01177283950617284,81,0.45407813570939,-0.22186330189340786,-0.03572254968960342,2014-10-07,2026-08-28,,,-0.22186330189340786,-0.03572254968960342,-0.18614075220380444
LSIP,6034,23.944444444444443,14796751501.000021,0.009552569169960473,129,0.5233675836924097,0.12994147052353067,0.16184252154963596,2002-04-22,2026-08-28,0.29358547316095907,0.3458782604851067,0.004920474598814506,0.02232383291584461,-0.0319010510261053
LTLS,6353,25.21031746031746,125934001.00000013,0.010663291139240506,137,0.47788446403274043,0.05510026453215211,0.10226746427313005,2001-01-31,2026-08-28,0.03839084057708586,0.09358726687502061,0.07148056164295968,0.10767570784427472,-0.04716719974097794
LUCK,1885,7.48015873015873,211995501.00000018,0.012356756756756758,37,0.4116710875331565,-0.017782743528226952,-0.1632894948996897,2018-11-28,2026-08-28,,,-0.017782743528226952,-0.1632894948996897,0.14550675137146274
LUCY,1278,5.071428571428571,63994681.35401162,0.013351937984496125,25,0.4569640062597809,0.6951902006021589,0.2815327574763853,2021-05-05,2026-08-28,,,0.6951902006021589,0.2815327574763853,0.41365744312577357
MABA,468,1.8571428571428572,1775105922.7808707,0.012872727272727272,7,0.2905982905982906,-0.13783919700124792,-0.1772863343120631,2017-06-22,2019-04-08,,,-0.13783919700124792,-0.1772863343120631,0.03944713731081517
MAGP,1547,6.138888888888889,10001.00000000001,0.0256,8,0.10407239819004525,-0.059412802031558076,-0.10081017568099881,2013-01-16,2019-04-08,,,-0.06897201382777574,-0.16125056079202593,0.04139737364944074
MAHA,740,2.9365079365079363,1947240801.000002,0.011380346820809248,15,0.44054054054054054,-0.12877390888304907,0.04831934469830901,2023-07-25,2026-08-28,,,-0.12877390888304907,0.04831934469830901,-0.17709325358135808
MAIN,5054,20.055555555555557,1.0,0.012952941176470587,76,0.27285318559556787,-0.22558920338262878,0.11051047360337773,2006-02-10,2026-08-28,-0.4344184510140088,0.06198487348764692,-0.07563788423114715,0.13881249396473905,-0.3360996769860065
MAMI,4199,16.66269841269841,220000.99999999983,0.0256,77,0.3234103357942367,-0.37345308771672314,0.11991315654310841,2002-04-22,2019-04-08,-0.5132882927634896,0.0870961311899432,0.019621713816353692,0.18601284600324375,-0.49336624425983155
MANG,623,2.4722222222222223,910256950.9999987,0.021225,12,0.420545746388443,-0.2588034710153936,-0.2869884273447575,2024-01-11,2026-08-28,,,-0.2588034710153936,-0.2869884273447575,0.02818495632936391
MAPA,1990,7.896825396825397,3891041001.000001,0.015452216748768472,44,0.4914572864321608,0.09514436979108121,0.1148565327805855,2018-07-05,2026-08-28,,,0.09514436979108121,0.1148565327805855,-0.01971216298950429
MAPB,2258,8.96031746031746,2869001.000000001,0.008532551319648094,66,0.429140832595217,-0.2394877859028558,-0.10421579075942422,2017-06-22,2026-08-27,,,-0.2394877859028558,-0.10421579075942422,-0.13527199514343158
MAPI,5367,21.297619047619047,7751215001.000008,0.013864462809917356,119,0.5071734674864915,-0.06836248351205443,0.16315805403341055,2004-11-10,2026-08-28,0.18019288575872716,0.3279759854161015,-0.20310472607343177,0.058855077948656964,-0.23152053754546498
MARI,797,3.1626984126984126,276020500.9999995,0.013292307692307694,20,0.4742785445420326,0.1177557860378955,0.7019945136417294,2016-02-11,2019-04-08,,,0.1177557860378955,0.7019945136417294,-0.5842387276038339
MARK,2244,8.904761904761905,5017346250.999998,0.013062686567164179,54,0.5084670231729055,0.07726696014629475,0.38621889096378736,2017-07-13,2026-08-28,,,0.07726696014629475,0.38621889096378736,-0.3089519308174926
MASA,3397,13.48015873015873,184944926.0000001,0.013443137254901961,84,0.48160141301148074,-0.0495214939909463,0.12199759987884162,2005-06-09,2019-04-08,-0.04029676070717725,0.11236048855502134,-0.04888627436067816,0.1482749042297251,-0.17151909386978792
MASB,1243,4.932539682539683,5526251.0,0.008541176470588236,38,0.45132743362831856,-0.19155244641624347,-0.041203971424101815,2021-06-30,2026-08-28,,,-0.19155244641624347,-0.041203971424101815,-0.15034847499214166
MAXI,767,3.0436507936507935,58928501.000000015,0.024830769230769233,17,0.42242503259452413,-0.13503858927096246,-0.15998825013321083,2023-06-12,2026-08-28,,,-0.13503858927096246,-0.15998825013321083,0.02494966086224837
MAYA,5147,20.424603174603174,5084782.535202023,0.010882504701667774,116,0.46959393821643675,-0.012590331163483404,0.11645630662041095,2005-09-29,2026-08-28,0.19028427743020893,0.4011165504701455,-0.11227118852816587,-0.024001118594679016,-0.12904663778389436
MBAP,2924,11.603174603174603,214110001.00000003,0.009608016032064128,57,0.46169630642954856,0.1133196067293678,0.11644839303458832,2014-09-29,2026-08-28,,,0.1133196067293678,0.11644839303458832,-0.00312878630522051
MBMA,797,3.1626984126984126,37250909401.00004,0.014528571428571429,17,0.4127979924717691,-0.04381867714355192,-0.1371707134485619,2023-04-18,2026-08-28,,,-0.04381867714355192,-0.1371707134485619,0.09335203630500999
MBSS,3783,15.011904761904763,516981751.00000024,0.010754639175257732,84,0.4766058683584457,0.05410464018690786,0.05076229141433708,2011-04-06,2026-08-28,-0.1357210815854647,-0.08005605498289925,0.09514727331881878,0.09327054810508462,0.00334234877257078
MBTO,3840,15.238095238095237,10779801.0,0.012692198581560284,88,0.46770833333333334,-0.13430155173649028,-0.10076674784747819,2011-01-13,2026-08-28,-0.07037516075996575,-0.17628937044405857,-0.1458266060063148,-0.08489565057555803,-0.03353480388901209
MCAS,2165,8.591269841269842,1651041250.999999,0.008794888178913739,47,0.42217090069284063,0.050024816383199555,-0.20577337789416394,2017-11-01,2026-08-28,,,0.050024816383199555,-0.20577337789416394,0.2557981942773635
MCOL,1197,4.75,486123751.0000002,0.010501960784313726,26,0.44110275689223055,0.07231919057314395,0.3368139734054303,2021-09-07,2026-08-28,,,0.07231919057314395,0.3368139734054303,-0.26449478283228633
MCOR,4699,18.646825396825395,143463801.0,0.015190196038117575,104,0.42264311555650136,-0.15943118897437847,-0.03127875524594359,2007-07-03,2026-08-28,-0.12184581321676202,-0.007784362732733308,-0.17440347665423295,-0.04174813693813184,-0.12815243372843488
MDIA,3036,12.047619047619047,3455001.000000002,0.019784397163120568,52,0.4005270092226614,0.1785903426416986,0.042840787755919596,2014-04-11,2026-08-28,,,0.1785903426416986,0.042840787755919596,0.135749554885779
MDKA,2745,10.892857142857142,83298290500.99992,0.008588364493502131,70,0.5468123861566484,0.031113535382264246,0.19853958924473947,2015-06-19,2026-08-28,,,0.031113535382264246,0.19853958924473947,-0.16742605386247522
MDKI,2192,8.698412698412698,54828551.00000002,0.0156,58,0.4698905109489051,-0.20703391774295776,-0.031686779252667385,2017-09-25,2026-08-28,,,-0.20703391774295776,-0.031686779252667385,-0.17534713849029038
MDLN,6136,24.349206349206348,473802501.0000008,0.014488888888888888,135,0.46235332464146023,-0.029099146786529473,0.03755411340874382,2001-11-29,2026-08-28,0.09087699291538365,0.29687851573962876,-0.12560186445353116,-0.1523614215563811,-0.06665326019527329
MDRN,4199,16.66269841269841,11936500.99999998,0.014521561868930534,96,0.4503453203143606,-0.20438404351584982,-0.06180252770903705,2002-04-22,2019-04-05,-0.23100220763480128,0.18526715003366445,-0.15037168555193658,-0.3990864094128379,-0.14258151580681278
MEDC,6524,25.88888888888889,5649609448.0908165,0.01457435855301176,159,0.5003065603923973,0.014269702369993809,0.10458428796194652,2000-06-06,2026-08-28,-0.14700475321663942,0.07419080668509803,0.20978864677279652,0.13640641888948357,-0.09031458559195271
MEDS,971,3.8531746031746033,1343509326.0000012,0.020984615384615386,14,0.29145211122554066,-0.14937670901859712,-0.20030577509678638,2022-08-10,2026-08-28,,,-0.14937670901859712,-0.20030577509678638,0.050929066078189256
MEGA,5147,20.424603174603174,3338964.1027374263,0.011828975212678216,143,0.48571983679813485,-0.1785522813071767,0.16000294641321378,2005-09-29,2026-08-28,-0.1056168434264777,0.22419884385970845,-0.2188965867067344,0.1235956486317662,-0.3385552277203905
MEJA,603,2.392857142857143,7045467110.227557,0.013645977082052799,13,0.5240464344941956,0.7023839501636455,0.08215960099427422,2024-02-12,2026-08-28,,,0.7023839501636455,0.08215960099427422,0.6202243491693713
MERK,6026,23.91269841269841,28390000.999999974,0.008266666666666667,110,0.5393295718552937,0.16115019613211978,0.1517023598496201,2002-05-03,2026-08-28,0.2815494228531794,0.35207294857956173,0.06628367908622201,0.0026765408305280403,0.009447836282499678
META,3271,12.98015873015873,862112430.9494889,0.010659678759174096,75,0.4481809844084378,0.10832582717239259,0.04650963673708297,2005-09-29,2019-04-08,0.216082452990062,0.12491538602673802,-0.015881178259841144,-0.0459991344342332,0.061816190435309615
MFIN,3334,13.23015873015873,48195000.99999996,0.011314285714285714,81,0.5533893221355729,0.09202508401405729,0.3491618949307096,2005-09-06,2019-04-08,0.048363840907432065,0.3308700294607785,0.15268798485741453,0.37378578607848145,-0.2571368109166523
MFMI,2050,8.134920634920634,549500.9999999995,0.013175757575757577,63,0.48292682926829267,-0.37200744750911185,0.06140635823092966,2010-12-29,2019-04-05,-0.44681714042755527,-0.22242234978693676,-0.33675724413807673,0.2112212303865597,-0.4334138057400415
MGLV,1259,4.996031746031746,13896600.999999978,0.013600000000000001,31,0.5599682287529786,1.2545821542756186,1.414396246656509,2021-06-08,2026-08-28,,,1.2545821542756186,1.414396246656509,-0.1598140923808904
MGNA,2926,11.61111111111111,13400.999999999989,0.0256,40,0.2696514012303486,0.017200893460627364,-0.003509596780621793,2014-09-29,2026-08-28,,,0.017200893460627364,-0.003509596780621793,0.020710490241249158
MGRO,1984,7.873015873015873,3434768250.9999957,0.012356756756756758,52,0.46975806451612906,-0.05785216802624349,0.09618059542571489,2018-07-12,2026-08-28,,,-0.05785216802624349,0.09618059542571489,-0.15403276345195838
MHKI,567,2.25,689871601.000001,0.013233587786259542,11,0.455026455026455,0.1768796083521329,-0.14011121958269135,2024-04-16,2026-08-28,,,0.1768796083521329,-0.14011121958269135,0.31699082793482425
MICE,5091,20.202380952380953,17222001.000000026,0.010489975550122248,128,0.49361618542526026,-0.06937209701222546,0.02095245964320047,2005-12-21,2026-08-28,-0.03226182479800421,-0.0057083859362703215,-0.09005183377146964,0.03486044854084769,-0.09032455665542594
MIDI,3870,15.357142857142858,4597857.561882021,0.01564749933232331,103,0.5175710594315246,-0.14462445878045893,0.1538414417373133,2010-11-30,2026-08-28,0.233428398098521,0.23876837010018304,-0.20413866053055962,0.13908467243267109,-0.2984659005177722
MIKA,2803,11.123015873015873,26605231501.000034,0.009648582995951418,76,0.4809133071708883,-0.1103985980308454,0.002537995798601367,2015-03-24,2026-08-28,,,-0.1103985980308454,0.002537995798601367,-0.11293659382944676
MINA,2294,9.103174603174603,76007450.99999997,0.019113513513513515,48,0.42066259808195294,-0.052540248084950836,0.21088779413665426,2017-05-02,2026-08-28,,,-0.052540248084950836,0.21088779413665426,-0.2634280422216051
MIRA,5146,20.42063492063492,954600.9999999995,0.0256,69,0.2578701904391761,-0.032589882494365896,0.007105276995598375,2005-09-29,2026-08-28,0.03759673872550362,0.1475561894232571,-0.07189521632963314,-0.07222080809971743,-0.03969515948996427
MITI,6434,25.53174603174603,49745451.000000045,0.01151715976331361,130,0.36897730805097917,-0.18325519586518835,-0.07518102941200433,2000-10-10,2026-08-28,-0.266977438979653,-0.07487102038384352,-0.09094424013099167,-0.07652417204597572,-0.10807416645318402
MKAP,603,2.392857142857143,256454601.00000018,0.01134712643678161,11,0.41625207296849087,0.5780861736168577,1.3047809711906546,2024-02-12,2026-08-28,,,0.5780861736168577,1.3047809711906546,-0.726694797573797
MKNT,870,3.4523809523809526,99258300.99999997,0.011716207951070336,22,0.3620689655172414,-0.1423097295030149,0.30838842287563084,2015-10-26,2019-04-08,,,-0.1423097295030149,0.30838842287563084,-0.45069815237864574
MKPI,4208,16.6984126984127,7500001.000000002,0.0069698630136986305,81,0.44272813688212925,0.021034510181219046,0.15814697418544288,2009-07-13,2026-08-28,0.07805013586822462,0.3431041357512301,0.0044391541107124954,0.10753732003838423,-0.13711246400422383
MKTR,908,3.6031746031746033,147002400.99999994,0.013600000000000001,24,0.4107929515418502,-0.25664393744119995,-0.0060177319979668464,2022-11-08,2026-08-28,,,-0.25664393744119995,-0.0060177319979668464,-0.2506262054432331
MLBI,6087,24.154761904761905,111075000.99999994,0.009600000000000001,116,0.5281747987514375,0.14585588941123273,0.23764626823930124,2002-02-07,2026-08-28,0.3097564894520135,0.5683159362898016,0.018300132617714793,0.004187834202315388,-0.09179037882806851
MLIA,6403,25.408730158730158,33385875.999999978,0.01671111111111111,150,0.4877401218178979,-0.05664404329121553,0.04994407722376648,2000-11-22,2026-08-28,-0.08823915030592155,0.03559283311960382,-0.020600452825012217,0.06562769906623633,-0.10658812051498201
MLPL,5147,20.424603174603174,1918687275.999999,0.011413953488372094,107,0.43928502040023315,0.1011589929071448,-0.05725039860631731,2005-09-29,2026-08-28,0.0655696584985559,0.07873880328351168,0.12278622916862347,-0.13294981552678176,0.15840939151346212
MLPT,3223,12.78968253968254,41352252.291275024,0.027626430977760654,73,0.5007756748371083,0.2270814857476553,0.41544246414994124,2013-07-08,2026-08-28,,,0.2270814857476553,0.41544246414994124,-0.18836097840228594
MMIX,889,3.5277777777777777,1291703750.9999979,0.01530873786407767,23,0.532058492688414,0.23398347417529042,0.6811396238710707,2022-12-06,2026-08-28,,,0.23398347417529042,0.6811396238710707,-0.4471561496957803
MMLP,2749,10.908730158730158,480839150.99999934,0.00963225806451613,66,0.43688614041469626,-0.17941757373189016,-0.09137580209792318,2015-06-12,2026-08-28,,,-0.17941757373189016,-0.09137580209792318,-0.08804177163396698
MNCN,4705,18.67063492063492,17540010501.000015,0.0109475935828877,107,0.4718384697130712,-0.06675246422741177,-0.06645041240741267,2007-06-22,2026-08-28,0.20476268698272793,0.24963584480808176,-0.1692860460826625,-0.1810820042595661,-0.00030205181999909403
MOLI,1949,7.734126984126984,22521401.000000015,0.01144795321637427,50,0.46228835300153925,-0.23027312280831813,-0.1360475392416064,2018-08-31,2026-08-28,,,-0.23027312280831813,-0.1360475392416064,-0.09422558356671173
MORA,973,3.861111111111111,75397201.00000006,0.009910344827586206,27,0.4193216855087359,0.6273827616355887,0.8754169341667142,2022-08-08,2026-08-28,,,0.6273827616355887,0.8754169341667142,-0.24803417253112547
MPIX,604,2.3968253968253967,259108850.99999976,0.019885714285714284,13,0.5695364238410596,0.26740806098514924,-0.34984655618207317,2024-02-07,2026-08-28,,,0.26740806098514924,-0.34984655618207317,0.6172546171672224
MPMX,3253,12.908730158730158,1758704750.9999976,0.010835602094240837,74,0.49093144789425147,0.02540969861919118,0.1023195325269175,2013-05-29,2026-08-28,,,0.025584908927924976,0.1253156585962505,-0.07690983390772632
MPOW,2249,8.924603174603174,81575400.99999987,0.015215384615384617,59,0.40373499333036905,-0.20811210820086623,-0.13771424763194584,2017-07-06,2026-08-28,,,-0.20811210820086623,-0.13771424763194584,-0.07039786056892039
MPPA,6432,25.523809523809526,1922000000.9999993,0.013933333333333332,149,0.47372512437810943,-0.06790120195980398,-0.056685131662572275,2000-10-12,2026-08-28,-0.08632921479395295,0.2302827348705574,-0.028614519982485875,-0.2722202486738161,-0.011216070297231706
MPRO,1922,7.626984126984127,3501250.999999997,0.009060207612456747,49,0.5031217481789803,0.4676173193175701,0.6644461987552142,2018-10-10,2026-08-28,,,0.4676173193175701,0.6644461987552142,-0.19682887943764404
MPXL,788,3.126984126984127,573025550.9999998,0.012496551724137932,18,0.49746192893401014,-0.13081891952819857,0.05872381678173144,2023-05-09,2026-08-28,,,-0.13081891952819857,0.05872381678173144,-0.18954273630993002
MRAT,5960,23.650793650793652,24532501.00000001,0.011482352941176471,152,0.48053691275167787,-0.13622703467926967,0.005019853128595209,2002-08-05,2026-08-28,-0.1672366115136188,0.029325611102314575,-0.1091747631040535,-0.015035006629068093,-0.14124688780786487
MREI,3253,12.908730158730158,999.64502,0.008843783217775524,75,0.5395019981555488,-0.008246803147635151,0.40750884572888757,2005-09-29,2019-04-08,0.1656280625594806,0.6692092393216524,-0.19199945656473694,0.1337256394933546,-0.4157556488765227
MSIE,729,2.892857142857143,57630575.99999997,0.042637037037037036,22,0.48559670781893005,-0.031046227587110842,0.054731945716931296,2023-08-10,2026-08-28,,,-0.031046227587110842,0.054731945716931296,-0.08577817330404214
MSIN,2008,7.968253968253968,2125826250.999997,0.00979287211740042,45,0.39143426294820716,0.3515965681761142,0.2617603999416793,2018-06-08,2026-08-28,,,0.3515965681761142,0.2617603999416793,0.08983616823443485
MSJA,624,2.4761904761904763,2545553101.0000033,0.011811180124223601,14,0.5048076923076923,0.10314715579863787,0.14220790872639566,2024-01-10,2026-08-28,,,0.10314715579863787,0.14220790872639566,-0.03906075292775779
MSKY,3471,13.773809523809524,269479126.00000006,0.01118659217877095,81,0.4093921060213195,-0.2009618789341504,-0.20699851205182185,2012-07-09,2026-08-28,0.16770505758575216,0.5614601909203751,-0.22306729224464583,-0.24384189512791843,0.006036633117671442
MSTI,666,2.642857142857143,1675750251.0000029,0.009108771929824561,18,0.4264264264264264,-0.13091309720475697,0.06623736177980688,2023-11-08,2026-08-28,,,-0.13091309720475697,0.06623736177980688,-0.19715045898456385
MTDL,6509,25.82936507936508,271652000.9999999,0.025476786127255287,176,0.5002304501459518,-0.15761690461291422,0.11526017469907379,2000-06-27,2026-08-28,-0.17225906442636074,0.009549919297807463,-0.1425157785848119,0.22829048838845,-0.272877079311988
MTEL,1144,4.5396825396825395,16224792001.000029,0.013175757575757577,22,0.3994755244755245,-0.03625008724265222,-0.07153289376730365,2021-11-22,2026-08-28,,,-0.03625008724265222,-0.07153289376730365,0.03528280652465143
MTLA,3733,14.813492063492063,15633275.999999989,0.010625125628140704,101,0.4671845700508974,-0.11545378239631288,0.07537121160301163,2011-06-20,2026-08-28,0.5700514909434968,0.4783788423861328,-0.19073180235020948,0.020537355405840563,-0.1908249939993245
MTMH,1042,4.134920634920635,7278901500.999997,0.009758004158004159,34,0.34452975047984646,-0.32800337994161066,-0.10909488607287077,2022-04-20,2026-08-28,,,-0.32800337994161066,-0.10909488607287077,-0.2189084938687399
MTRA,798,3.1666666666666665,32405401.000000045,0.011929113924050633,16,0.4674185463659148,0.0257407211597096,0.19880450203525268,2016-02-10,2019-04-08,,,0.0257407211597096,0.19880450203525268,-0.17306378087554308
MTSM,3822,15.166666666666666,1.0,0.013600000000000001,78,0.38304552590266877,-0.36229845230673396,-0.0017990684208570862,2003-01-06,2019-04-08,-0.3968181125897584,0.12723952814970096,-0.3003743434468761,-0.18474298555903856,-0.3604993838858769
MTWI,2181,8.654761904761905,102200651.31629568,0.014695793265010328,55,0.4497936726272352,-0.13513535077622263,0.052376231834984965,2017-10-11,2026-08-28,,,-0.13513535077622263,0.052376231834984965,-0.1875115826112076
MUTU,729,2.892857142857143,244049025.99999988,0.0156,18,0.48148148148148145,-0.06179591159117015,-0.012195996786620422,2023-08-09,2026-08-28,,,-0.06179591159117015,-0.012195996786620422,-0.04959991480454973
MYOH,6334,25.134920634920636,38440501.00000001,0.010685349067125241,100,0.3808020208399116,0.07734961197845514,0.02573814310280098,2001-02-26,2026-08-28,0.11645765283964682,-0.08750433981531569,0.04110357497315764,0.1496117135960391,0.051611468875654154
MYOR,6403,25.408730158730158,1090399814.554119,0.0106,142,0.5342808058722474,0.10220777612408205,0.20682467651403336,2000-11-22,2026-08-28,0.3483443156831554,0.3896362117150183,-0.09545134331670746,0.05040579624917951,-0.1046169003899513
MYRX,4536,18.0,582735001.0000004,0.06889113924050631,104,0.37720458553791886,-0.5164152227266487,0.08775746715708199,2000-11-17,2019-04-08,-0.5635839016528383,0.1674866248557374,-0.38150389946414,-0.06206960920885207,-0.6041726898837307
MYRXP,4328,17.174603174603174,3470351.0,0.0256,67,0.2959796672828096,-0.2910392794463029,-0.0654826135263451,2000-12-14,2019-04-05,-0.38506805570800096,-0.05247743450252462,-0.03638597003890698,-0.10056260362402736,-0.22555666591995782
MYTX,4274,16.96031746031746,2037510.5765364997,0.015246085229394371,121,0.4606925596630791,-0.37794711989331164,-0.06507637812469491,2001-11-15,2019-04-08,-0.37434937904828625,-0.018382239943318,-0.38501140817867563,-0.15109933776341233,-0.31287074176861673
NAGA,1428,5.666666666666667,239951.0000000002,0.010676142131979694,44,0.48249299719887956,-0.4000473593167775,-0.03448276654042448,2013-07-09,2019-04-08,,,-0.4000473593167775,-0.03448276654042448,-0.365564592776353
NAIK,424,1.6825396825396826,2339384151.000004,0.013204562737642585,7,0.3891509433962264,0.0060072611167649725,-0.21668536473115196,2024-11-13,2026-08-28,,,0.0060072611167649725,-0.21668536473115196,0.22269262584791694
NANO,1070,4.246031746031746,228337501.00000033,0.044061538461538464,22,0.3813084112149533,-0.017878551006554333,-0.24158282521535956,2022-03-10,2026-08-28,,,-0.017878551006554333,-0.24158282521535956,0.22370427420880523
NASA,2228,8.841269841269842,5760000.999999997,0.021729032258064516,41,0.38195691202872534,-0.10644299922988221,-0.1808371037078591,2017-08-07,2026-08-28,,,-0.10644299922988221,-0.1808371037078591,0.0743941044779769
NASI,1129,4.48015873015873,562465350.9999995,0.0155009900990099,29,0.43312666076173606,-0.2413602618648899,-0.08023214054418937,2021-12-13,2026-08-28,,,-0.2413602618648899,-0.08023214054418937,-0.16112812132070053
NATO,1848,7.333333333333333,10681153000.999998,0.015123809523809525,50,0.4837662337662338,0.05489035864543945,0.20452620612153605,2019-01-18,2026-08-28,,,0.05489035864543945,0.20452620612153605,-0.1496358474760966
NAYZ,845,3.3531746031746033,277176300.9999997,0.024830769230769233,20,0.450887573964497,0.06981388596400429,-0.0682393318835296,2023-02-06,2026-08-28,,,0.06981388596400429,-0.0682393318835296,0.13805321784753388
NCKL,801,3.1785714285714284,27895114000.99999,0.0109475935828877,20,0.4893882646691635,-0.09091917299788577,-0.04927858101071092,2023-04-12,2026-08-28,,,-0.09091917299788577,-0.04927858101071092,-0.041640591987174846
NELY,3407,13.51984126984127,18245701.00000002,0.011734969325153374,88,0.4713824479013795,-0.24671824239627527,0.046677142373063196,2012-10-11,2026-08-28,-0.06293952809567394,-0.09002737976837982,-0.25557001978639815,0.05463935960458666,-0.29339538476933846
NEST,492,1.9523809523809523,2667534600.9999986,0.01106448087431694,12,0.4796747967479675,0.06781071463848654,0.622998408196588,2024-08-08,2026-08-28,,,0.06781071463848654,0.622998408196588,-0.5551876935581015
NETV,1098,4.357142857142857,329233200.9999995,0.011869592476489027,24,0.31693989071038253,-0.19194589120017813,-0.41781536403605024,2022-01-26,2026-08-28,,,-0.19194589120017813,-0.41781536403605024,0.2258694728358721
NFCX,1984,7.873015873015873,256403750.99999976,0.009624144869215291,39,0.42338709677419356,0.19810842901285275,-0.0626082823904407,2018-07-12,2026-08-28,,,0.19810842901285275,-0.0626082823904407,0.26071671140329344
NICE,625,2.4801587301587302,2294834001.0,0.010501960784313726,14,0.3536,-0.1943442110459802,-0.11847604502604481,2024-01-09,2026-08-28,,,-0.1943442110459802,-0.11847604502604481,-0.0758681660199354
NICK,2034,8.071428571428571,3697500.9999999986,0.012010256410256409,55,0.5442477876106194,-0.006352864864942576,0.23557759995686522,2018-05-02,2026-08-28,,,-0.006352864864942576,0.23557759995686522,-0.2419304648218078
NICL,1236,4.904761904761905,3670583201.000006,0.013697165991902835,24,0.5024271844660194,0.3036209515989816,0.35122615872733287,2021-07-09,2026-08-28,,,0.3036209515989816,0.35122615872733287,-0.04760520712835126
NIKL,4103,16.28174603174603,304985001.00000024,0.0109475935828877,82,0.4128686327077748,0.20112257597753413,-0.020933613226922,2009-12-14,2026-08-28,-0.0553339068030787,-0.1185467348645417,0.2814386875042909,0.00759733187799827,0.22205618920445613
NINE,889,3.5277777777777777,42271801.000000015,0.027822222222222224,25,0.42407199100112486,0.3294810512406592,0.09813338618367684,2022-12-05,2026-08-28,,,0.3294810512406592,0.09813338618367684,0.23134766505698234
NIPS,4000,15.873015873015873,1570001.0000000005,0.01595598705501618,99,0.4775,-0.28875288796535614,0.23055304135229737,2002-06-26,2019-04-08,-0.3517671306671323,0.31675241342085947,-0.16031866377175008,0.09014733445595735,-0.5193059293176535
NIRO,3427,13.59920634920635,40671950.999999955,0.012742857142857143,101,0.4114385760140064,-0.10354820346865323,-0.0078087605652916725,2012-09-13,2026-08-28,-0.042528304245912696,0.9210333743221459,-0.10710283274671384,-0.04531085092347886,-0.09573944290336156
NISP,5825,23.115079365079364,11802395.613983162,0.013223105901988745,146,0.5138197424892704,-0.11942842678712329,0.1334316045358661,2003-02-10,2026-08-28,-0.03554532341314509,0.21105744505917623,-0.1813797515125376,0.07480566119350773,-0.2528600313229894
NOBU,3261,12.94047619047619,595366000.9999992,0.012726082689177617,83,0.46918123275068996,-0.14740229716979036,0.016201882325619588,2013-05-20,2026-08-28,,,-0.14862137724687485,-0.015872763669502188,-0.16360417949540995
NPGF,1293,5.130952380952381,276254275.99999964,0.023457142857142857,29,0.419953596287703,-0.058546780865944004,-0.15219057043261663,2021-04-14,2026-08-28,,,-0.058546780865944004,-0.15219057043261663,0.09364378956667263
NRCA,3233,12.829365079365079,222597501.00000036,0.01070204081632653,71,0.4729353541602227,0.09832631856410012,0.006403715560133971,2013-06-27,2026-08-28,,,0.09839008350470158,0.007654439877212038,0.09192260300396615
NSSS,821,3.257936507936508,4038975000.9999986,0.0134125,16,0.5773447015834349,0.5828680424738863,0.7730945729040231,2023-03-10,2026-08-28,,,0.5828680424738863,0.7730945729040231,-0.1902265304301367
NTBK,1089,4.321428571428571,36637500.99999994,0.0256,17,0.3673094582185491,0.06148111176318438,-0.112273032502197,2022-02-09,2026-08-28,,,0.06148111176318438,-0.112273032502197,0.17375414426538138
NZIA,1671,6.630952380952381,54375775.99999999,0.012692198581560284,45,0.4069419509275883,-0.28402509490574457,-0.11203021697237836,2019-09-25,2026-08-28,,,-0.28402509490574457,-0.11203021697237836,-0.1719948779333662
OASA,2492,9.88888888888889,157998596.6932335,0.018277480323703642,54,0.5032102728731942,0.13888951084061207,0.18034906866741296,2016-07-18,2026-08-28,,,0.13888951084061207,0.18034906866741296,-0.041459557826800886
OBMD,1132,4.492063492063492,253106001.00000036,0.01485925925925926,25,0.4293286219081272,0.07997861168728115,0.03373404357248733,2021-12-08,2026-08-28,,,0.07997861168728115,0.03373404357248733,0.04624456811479383
OILS,1198,4.753968253968254,179924401.00000024,0.011020054200542004,28,0.4265442404006678,-0.09247788661733225,-0.07375055692943433,2021-09-06,2026-08-28,,,-0.09247788661733225,-0.07375055692943433,-0.01872732968789792
OKAS,5004,19.857142857142858,13072400.999999996,0.012266666666666667,123,0.4182653876898481,-0.27032316840687565,-0.1445828425531187,2006-04-20,2026-08-28,-0.3244211930549499,-0.33539632991219803,-0.23884590540392325,-0.016611982509943668,-0.12574032585375694
OLIV,1030,4.087301587301587,52507250.99999997,0.05105454545454546,24,0.3766990291262136,-0.2675250657463025,-0.17503979840316675,2022-05-17,2026-08-28,,,-0.2675250657463025,-0.17503979840316675,-0.09248526734313578
OMED,908,3.6031746031746033,648743301.0000007,0.010650505050505051,23,0.45044052863436124,-0.06684357247949779,-0.0029505045193219948,2022-11-08,2026-08-28,,,-0.06684357247949779,-0.0029505045193219948,-0.0638930679601758
OMRE,6046,23.99206349206349,1.0,0.013476236746196996,89,0.3599073767780351,-0.08952072688170665,0.010299797712802539,2002-04-05,2026-08-28,-0.09307058593702178,-0.09332513162563705,-0.08642072865548411,0.1100520430169496,-0.09982052459450919
OPMS,1673,6.638888888888889,318567025.99999976,0.015123809523809525,33,0.5074716078900179,0.17857820531625923,-0.08989122237310365,2019-09-23,2026-08-28,,,0.17857820531625923,-0.08989122237310365,0.2684694276893629
PACK,843,3.3452380952380953,1767326401.000001,0.01530873786407767,19,0.46737841043890865,0.5012037342755424,0.4534003109631404,2023-02-08,2026-08-28,,,0.5012037342755424,0.4534003109631404,0.04780342331240206
PADA,886,3.515873015873016,46198251.00000007,0.0256,14,0.3871331828442438,1.0038117256306633,0.2231892064486063,2022-12-08,2026-08-28,,,1.0038117256306633,0.2231892064486063,0.780622519182057
PADI,3596,14.26984126984127,39035000.99999995,0.013322007722007721,75,0.41601779755283647,0.004293674460134733,0.0015703691449102664,2012-01-09,2026-08-28,0.0075263571811277075,0.7457856097809727,0.003930248044684781,-0.05798152705394144,0.002723305315224467
PALM,3407,13.51984126984127,8837501.000000002,0.010419277108433735,100,0.41884355738186085,-0.2586136648468629,-0.003942769230831145,2012-10-12,2026-08-28,-0.1730437471680335,-0.07610828701337524,-0.26295930607617113,9.723477977074957e-05,-0.25467089561603173
PAMG,1729,6.861111111111111,220412700.99999973,0.018933333333333333,44,0.42857142857142855,-0.28624472631841746,-0.14942823364936197,2019-07-05,2026-08-28,,,-0.28624472631841746,-0.14942823364936197,-0.1368164926690555
PANI,1937,7.686507936507937,1949450799.084228,0.011314285714285714,53,0.5188435725348477,0.7700820947647677,1.2180746537588094,2018-09-18,2026-08-28,,,0.7700820947647677,1.2180746537588094,-0.44799255899404167
PANR,6188,24.555555555555557,216249925.85375232,0.013318489029454417,133,0.49256625727213965,0.11714529798507667,0.03450741124696699,2001-09-19,2026-08-28,0.1594451857566943,-0.013879037745063272,0.07983400737494217,0.08080705922901443,0.08263788673810968
PANS,6525,25.892857142857142,60739125.99999994,0.009446153846153847,144,0.5284291187739464,0.04029914891226949,0.19832389574852227,2000-06-02,2026-08-28,0.17848383692830216,0.4443081522107537,-0.0762889763530823,-0.007790915210171612,-0.15802474683625278
PART,516,2.0476190476190474,1849000501.000003,0.014449557522123894,10,0.42829457364341084,-0.022389607243481158,-0.03368527333494975,2024-07-05,2026-08-28,,,-0.022389607243481158,-0.03368527333494975,0.011295666091468592
PBID,2136,8.476190476190476,228708751.0000002,0.010695541401273885,56,0.5093632958801498,0.0008002223928840202,0.19240377391773844,2017-12-13,2026-08-28,,,0.0008002223928840202,0.19240377391773844,-0.19160355152485442
PBRX,5845,23.194444444444443,285357483.0102784,0.016841440186021683,139,0.46894781864841745,-0.06837644302484513,-0.04389594809908226,2003-01-13,2026-08-28,0.0039986092867425604,0.15879280277151664,-0.12302128284171632,-0.18036189266011893,-0.024480494925762875
PBSA,2442,9.69047619047619,4597250.999999998,0.011314285714285714,56,0.5167895167895168,-0.05381749053998053,0.12653543271613987,2016-09-28,2026-08-28,,,-0.05381749053998053,0.12653543271613987,-0.1803529232561204
PCAR,2123,8.424603174603174,26551526.000000007,0.011155555555555556,37,0.3702308054639661,-0.13952589849117158,-0.19465175068958696,2017-12-29,2026-08-28,,,-0.13952589849117158,-0.19465175068958696,0.05512585219841537
PDES,4454,17.674603174603174,255001.0000000001,0.014147008547008549,77,0.4342164346654692,0.10180207408470543,0.009455245452076877,2008-07-08,2026-08-28,-0.027091482477018536,-0.14407249202298122,0.15480744097751353,0.0743529957464204,0.09234682863262855
PDPP,907,3.5992063492063493,1319107200.9999993,0.0109475935828877,23,0.5060639470782801,-0.01599328717645143,0.12832086209503446,2022-11-09,2026-08-28,,,-0.01599328717645143,0.12832086209503446,-0.1443141492714859
PEGE,5213,20.686507936507937,999878.6564636236,0.01464615303494252,115,0.4427393055821984,-0.1738498371522912,0.05265096734006236,2005-06-24,2026-08-28,-0.0034961957371257846,0.1193570587320234,-0.26353180920866714,0.01374501817563134,-0.22650080449235355
PEHA,1865,7.400793650793651,64522000.999999985,0.011413953488372094,37,0.3962466487935657,-0.12859157281089184,-0.20592119607705095,2018-12-26,2026-08-28,,,-0.12859157281089184,-0.20592119607705095,0.07732962326615911
PEVE,854,3.388888888888889,156012150.99999973,0.013292307692307694,19,0.5257611241217799,-0.010115411013230324,0.1402171958441898,2023-01-24,2026-08-28,,,-0.010115411013230324,0.1402171958441898,-0.15033260685742011
PGAS,5604,22.238095238095237,70080956251.00002,0.010316981132075471,125,0.5460385438972163,0.10260429462766907,0.12061219254345379,2003-12-15,2026-08-28,0.23679480936841024,0.4037226033277541,0.013476519352287442,-0.0526684018847412,-0.01800789791578472
PGEO,831,3.2976190476190474,18054424625.999977,0.010005286343612335,15,0.42358604091456076,0.144812872215911,0.0966539341408037,2023-02-24,2026-08-28,,,0.144812872215911,0.0966539341408037,0.048158938075107294
PGJO,1592,6.317460317460317,19151500.999999974,0.01794567901234568,34,0.4780150753768844,0.21468044413347598,0.5025493611086136,2020-01-20,2026-08-28,,,0.21468044413347598,0.5025493611086136,-0.2878689169751376
PGLI,6097,24.194444444444443,151500.99999999997,0.013933333333333332,118,0.38133508282762013,-0.1678446621675529,-0.03902934663464408,2002-01-23,2026-08-28,-0.05488168091153722,-0.11704896160306899,-0.25663864318356777,0.03587636592033516,-0.12881531553290881
PGUN,1479,5.869047619047619,7190850.999999997,0.009801680672268907,30,0.4726166328600406,0.780243238409607,1.0330535265243577,2020-07-07,2026-08-28,,,0.780243238409607,1.0330535265243577,-0.2528102881147507
PICO,5990,23.76984126984127,265001.00000000006,0.011005405405405407,170,0.46928213689482473,-0.2556916300466985,0.023814479262504573,2002-06-24,2026-08-28,-0.32348938123410975,0.06326808845673404,-0.19253395186563083,-0.00867166087293636,-0.27950610930920305
PIPA,803,3.1865079365079363,123682150.99999985,0.0256,12,0.4259028642590286,1.6005672683424703,0.1053261259487841,2023-04-10,2026-08-28,,,1.6005672683424703,0.1053261259487841,1.4952411423936862
PJAA,5461,21.67063492063492,31170001.00000001,0.011413953488372094,146,0.47994872733931515,-0.09630287155417194,0.03137110200836868,2004-07-02,2026-08-28,0.02980732813278686,0.16727085370377504,-0.17410338073501563,-0.05404368877371557,-0.12767397356254062
PKPK,4693,18.623015873015873,80100750.99999991,0.011482352941176471,100,0.4095461325378223,0.08514568653947907,0.10192148423841152,2007-07-11,2026-08-28,-0.08454129538105681,-0.19008039170500324,0.17175783721189286,0.26518588861002135,-0.01677579769893245
PLAN,1433,5.686507936507937,28312701.00000002,0.035903030303030305,40,0.479413817166783,-0.31094652718735893,-0.1687466656603246,2020-09-15,2026-08-28,,,-0.31094652718735893,-0.1687466656603246,-0.14219986152703434
PLIN,3270,12.976190476190476,1.0,0.008138071065989847,65,0.4917431192660551,0.026148358251507853,0.1733721516775497,2005-09-29,2019-04-05,0.054358063814097024,0.21149864125352158,-0.008913251682995282,0.12624654444916472,-0.14722379342604186
PMJS,1611,6.392857142857143,18275450.99999999,0.013351937984496125,41,0.441340782122905,-0.15127223913582577,-0.03701176801697725,2019-12-18,2026-08-28,,,-0.15127223913582577,-0.03701176801697725,-0.11426047111884852
PNBN,5939,23.567460317460316,3676580250.999995,0.011624096385542168,133,0.5115339282707526,0.023081881190375686,0.08095644454951856,2002-09-03,2026-08-28,0.07040556187782765,0.15073789984688424,-0.014915364604145553,0.025813877149155173,-0.05787456335914287
PNBS,3103,12.313492063492063,405606450.9999998,0.020092753623188405,60,0.4218498227521753,-0.08650336936595837,-0.0523954803472263,2014-01-15,2026-08-28,,,-0.08650336936595837,-0.0523954803472263,-0.034107889018732074
PNGO,1444,5.73015873015873,9563000.999999989,0.009048275862068966,37,0.5090027700831025,-0.0074148554555295565,0.6024556079292718,2020-08-31,2026-08-28,,,-0.0074148554555295565,0.6024556079292718,-0.6098704633848013
PNIN,5743,22.78968253968254,202734125.99999994,0.013175757575757577,128,0.4885948110743514,-0.00844637721554753,0.07052497048613415,2003-06-03,2026-08-28,0.08405602145088853,0.16048281912831608,-0.07482930002448229,0.003239314945943539,-0.07897134770168168
PNLF,5705,22.63888888888889,4121832100.9999986,0.010650505050505051,121,0.4794040315512708,-0.031892799950718254,0.037793989512009185,2003-07-28,2026-08-28,0.03423155024369717,0.07770381265064241,-0.079585745582743,0.008278338194347201,-0.06968678946272744
PNSE,6305,25.01984126984127,1.0,0.01070204081632653,110,0.3812846946867565,-0.08116825514761461,0.08858758818980927,2001-04-09,2026-08-28,-0.0228202692498084,0.2012333241312374,-0.13337925735834733,-0.00864548981284563,-0.16975584333742388
POLA,1893,7.511904761904762,16057700.999999981,0.020305882352941177,41,0.4252509244585314,-0.05323316141147971,-0.178618766490116,2018-11-16,2026-08-28,,,-0.05323316141147971,-0.178618766490116,0.12538560507863628
POLI,1854,7.357142857142857,4568000.999999996,0.011413953488372094,46,0.43797195253505933,-0.08741556728624267,-0.13752231956127758,2019-01-10,2026-08-28,,,-0.08741556728624267,-0.13752231956127758,0.050106752275034916
POLU,1736,6.888888888888889,3774200.999999999,0.012178947368421053,42,0.40725806451612906,-0.25544938818632656,0.7239165414896389,2019-06-26,2026-08-28,,,-0.25544938818632656,0.7239165414896389,-0.9793659296759655
POLY,4193,16.63888888888889,45336951.00000001,0.010919148936170213,74,0.38468876699260673,-0.1531372946170284,-0.08915972817941109,2002-06-13,2019-04-08,-0.2124370272630267,-0.14015467451819885,-0.026195033378098143,0.014970407920252837,-0.06397756643761732
POOL,2758,10.944444444444445,1741.7296000000003,0.014921488871640718,45,0.3868745467730239,-0.1491875434850085,-0.0985307146915867,2004-04-22,2019-04-08,-0.5730462468233801,-0.5132852390653413,0.608111844226332,0.5925544582015647,-0.050656828793421815
PORT,2323,9.218253968253968,3635801.000000003,0.013474015748031497,58,0.47008179078777446,-0.2377685312936848,0.048530670566284906,2017-03-16,2026-08-28,,,-0.2377685312936848,0.048530670566284906,-0.2862992018599697
POWR,2510,9.96031746031746,1640433500.999998,0.012593006993006993,60,0.46374501992031875,-0.10087876038117782,0.03126159743038981,2016-06-14,2026-08-28,,,-0.10087876038117782,0.03126159743038981,-0.13214035781156763
PPGL,1470,5.833333333333333,115944201.0000002,0.014295652173913043,32,0.47619047619047616,-0.07983183665454907,0.2588185078783758,2020-07-20,2026-08-28,,,-0.07983183665454907,0.2588185078783758,-0.33865034453292486
PPRE,2149,8.527777777777779,1063000101.0000015,0.01177283950617284,46,0.4243834341554211,-0.13440561615639923,-0.14095242533045893,2017-11-24,2026-08-28,,,-0.13440561615639923,-0.14095242533045893,0.006546809174059698
PPRI,730,2.8968253968253967,1485054151.0000012,0.012425938566552901,11,0.46301369863013697,0.5904572604863016,0.06472125077289426,2023-08-08,2026-08-28,,,0.5904572604863016,0.06472125077289426,0.5257360097134074
PPRO,2773,11.003968253968255,1937330301.0000005,0.025207843137254902,43,0.37829065993508837,0.06193212383084612,-0.09757331852632933,2015-05-19,2026-08-28,,,0.06193212383084612,-0.09757331852632933,0.15950544235717545
PRAS,4062,16.11904761904762,2043751.0000000012,0.013062686567164179,129,0.45937961595273263,-0.541303580376109,0.10816497491732746,2001-11-15,2019-04-08,-0.6384777237025816,0.22216636127114953,-0.290418782519383,-0.07696926214358402,-0.6494685552934365
PRAY,908,3.6031746031746033,15684751.00000001,0.012742857142857143,18,0.41409691629955947,0.002126319582454572,-0.04815751135731294,2022-11-08,2026-08-28,,,0.002126319582454572,-0.04815751135731294,0.050283830939767515
PRDA,2389,9.48015873015873,697926000.9999995,0.008385515320334262,54,0.428212641272499,-0.0041964199416876236,-0.05286780976362904,2016-12-09,2026-08-28,,,-0.0041964199416876236,-0.05286780976362904,0.04867138982194141
PRIM,2024,8.031746031746032,177699600.99999988,0.01516937799043062,46,0.38883399209486164,-0.1311877874334395,-0.2174574937919631,2018-05-17,2026-08-28,,,-0.1311877874334395,-0.2174574937919631,0.0862697063585236
PSAB,5772,22.904761904761905,354044900.9999994,0.014241975227243162,87,0.3004158004158004,0.07861898288251634,0.21109518903505053,2003-04-23,2026-08-28,0.10775980054669199,0.2524557517549164,0.05625644617466663,0.1795510860316476,-0.1324762061525342
PSDN,5772,22.904761904761905,177401.00000000012,0.014295652173913043,130,0.43277893277893276,-0.26706375428879836,0.012859658761915194,2003-04-24,2026-08-28,-0.09389307831303173,0.10759550127850703,-0.3676104018700588,-0.0558237474231843,-0.27992341305071355
PSGO,1628,6.4603174603174605,23968700.999999993,0.012051612903225806,45,0.45515970515970516,-0.2141331449487166,0.03321575902288987,2019-11-25,2026-08-28,,,-0.2141331449487166,0.03321575902288987,-0.24734890397160647
PSKT,4594,18.23015873015873,1.0,0.01658130684522014,44,0.21419242490204615,-0.0648782673469751,0.05374838008183702,2007-12-03,2026-08-28,-0.1891892662186211,0.00039727213474227696,-0.007005702293293892,0.07705006735336117,-0.11862664742881213
PSSI,2141,8.496031746031745,277084351.00000024,0.011482352941176471,52,0.49182624941616065,-0.011778923707774891,0.16157916996865485,2017-12-05,2026-08-28,,,-0.011778923707774891,0.16157916996865485,-0.17335809367642974
PTBA,5859,23.25,29974133750.999996,0.009732231404958679,127,0.5456562553336747,0.17406422979526792,0.23130945406080872,2002-12-23,2026-08-28,0.32025823874561143,0.40763793999729736,0.0672480636006807,0.10569860489034255,-0.057245224265540795
PTIS,3718,14.753968253968255,1440001.0000000002,0.010625125628140704,97,0.3991393222162453,-0.2785616675625725,-0.08672742791584975,2011-07-13,2026-08-28,-0.20857797313062887,-0.08538081453162205,-0.2885125328767387,-0.0869292696548648,-0.19183423964672275
PTMP,825,3.2738095238095237,1748860601.0000005,0.016835955056179776,16,0.45696969696969697,-0.004121869604212014,-0.2151422830140206,2023-03-06,2026-08-28,,,-0.004121869604212014,-0.2151422830140206,0.2110204134098086
PTPP,4067,16.13888888888889,21830998801.00002,0.010650505050505051,81,0.4671748217359233,0.0750788366332733,-0.04932561293815518,2010-02-09,2026-08-28,0.5090881478967046,0.3198464910544023,-0.015101638031271403,-0.12557225372884906,0.12440444957142849
PTPS,688,2.7301587301587302,1144339201.0000007,0.012846376811594203,16,0.47674418604651164,0.07444033652784543,0.12157542418267475,2023-10-09,2026-08-28,,,0.07444033652784543,0.12157542418267475,-0.04713508765482932
PTPW,1578,6.261904761904762,65802250.99999997,0.010919148936170213,31,0.4923954372623574,0.15834207724484983,0.03669431586036853,2020-02-07,2026-08-28,,,0.15834207724484983,0.03669431586036853,0.1216477613844813
PTRO,6026,23.91269841269841,485766000.9999995,0.013474015748031497,122,0.5144374377696648,0.22813085456129456,0.2959237308661322,2002-05-03,2026-08-28,0.19769267008442104,0.18203671098496743,0.25504859869051266,0.40040996651929683,-0.06779287630483766
PTSN,4611,18.297619047619047,14846200.987030009,0.01417142875827089,130,0.45521578833224896,-0.2504882384704348,0.024904835113826795,2007-11-08,2026-08-28,-0.41870357274687864,-0.27466905313978873,-0.1647316877619227,0.1859620813094045,-0.27539307358426157
PTSP,5147,20.424603174603174,1.0,0.009766666666666667,76,0.371867107052652,0.03457303967322778,0.039933268397329025,2005-09-29,2026-08-28,0.1612171062426091,0.334253889318753,-0.0337933522374384,-0.10271710246407784,-0.005360228724101246
PUDP,6055,24.02777777777778,39551.0,0.01112486187845304,140,0.4227910817506193,-0.1729099077212659,0.07892414630328504,2002-03-25,2026-08-28,-0.07877278983839964,0.11945247622893662,-0.2471816920456884,0.04474923821892052,-0.25183405402455095
PURA,1585,6.2896825396825395,71722501.00000001,0.0256,23,0.38296529968454257,0.1833819561330956,-0.24261462889538965,2020-01-29,2026-08-28,,,0.1833819561330956,-0.24261462889538965,0.42599658502848525
PURI,1438,5.7063492063492065,27604200.999999955,0.012472852233676977,36,0.4916550764951321,-0.25122161042535074,-0.06845986352546463,2020-09-08,2026-08-28,,,-0.25122161042535074,-0.06845986352546463,-0.1827617468998861
PWON,5146,20.42063492063492,12671084690.715382,0.010781347150259067,133,0.5044694908666926,-0.06328278658580644,0.15417735874423322,2005-09-29,2026-08-28,0.11262515049949418,0.4765040163543284,-0.15404544951257737,-0.005767112013729814,-0.21746014533003966
PYFA,6168,24.476190476190474,19800500.99999998,0.011380346820809248,166,0.47487029831387806,-0.2543776127342322,0.01113755616640355,2001-10-16,2026-08-28,-0.2724674873661558,-0.015755442839593736,-0.23755488413035364,0.035718876954631495,-0.26551516890063576
PZZA,2020,8.015873015873016,195839001.0000001,0.014371929824561404,40,0.38514851485148516,-0.03446631808725331,-0.1877994286522524,2018-05-23,2026-08-28,,,-0.03446631808725331,-0.1877994286522524,0.1533331105649991
RAAM,789,3.130952380952381,1520974001.0000007,0.011380346820809248,14,0.30671736375158426,-0.3104044141195136,-0.1305278594122914,2023-05-08,2026-08-28,,,-0.3104044141195136,-0.1305278594122914,-0.1798765547072222
RAJA,5841,23.178571428571427,309598751.0000002,0.032337966823558835,103,0.4240712206813902,0.2369538768138102,0.2880813384055605,2003-01-22,2026-08-28,0.26786618537486473,0.2830591492398127,0.2126177186430911,0.2921385100395375,-0.0511274615917503
RALS,5381,21.353174603174605,3266101400.999998,0.011969426751592356,116,0.49042928823638726,-0.003891249874564684,0.011180953724706288,2004-10-22,2026-08-28,0.03213151302018247,0.08320916007087908,-0.02712682524833443,-0.03458293417648206,-0.015072203599270972
RANC,3493,13.86111111111111,21610125.99999997,0.01530873786407767,79,0.43000286286859435,-0.08235727978787977,-0.00621039226569875,2012-06-07,2026-08-28,-0.09448754217856081,0.35820173991760473,-0.08137063889094709,-0.030141169164710213,-0.07614688752218102
RBMS,6459,25.63095238095238,5574976.978309635,0.02415926143564111,163,0.4489859111317541,-0.28883454510087236,-0.022620866053389865,2000-09-04,2026-08-28,-0.3232796235406633,-0.023581161926120586,-0.25269361090147135,-0.01478267822975865,-0.2662136790474825
RCCC,977,3.876984126984127,260870701.5295754,0.013730081300813008,20,0.4216990788126919,0.34633916754560823,-0.011718483786858913,2022-08-02,2026-08-28,,,0.34633916754560823,-0.011718483786858913,0.35805765133246714
RDTX,6293,24.97222222222222,1.0,0.00762020202020202,135,0.44525663435563323,-0.047891748543396284,0.13294095319071486,2001-04-27,2026-08-28,0.09531454709246856,0.15611873021802292,-0.16600529866963698,0.11145870969599536,-0.18083270173411115
REAL,1619,6.424603174603175,20289501.000000022,0.0256,23,0.34959851760345895,0.087621039747392,-0.1729973537562488,2019-12-06,2026-08-28,,,0.087621039747392,-0.1729973537562488,0.2606183935036408
RELF,759,3.011904761904762,80622301.0000001,0.042637037037037036,17,0.4057971014492754,-0.3539733877868151,-0.280491884228241,2023-06-22,2026-08-28,,,-0.3539733877868151,-0.280491884228241,-0.07348150355857408
RELI,5246,20.817460317460316,254928.8375854493,0.010361904761904763,133,0.4700724361418223,-0.23695750452123177,0.02036335847622106,2005-05-10,2026-08-28,0.022395900529592838,0.03991549537206707,-0.36404053409408355,0.008375532420912046,-0.2573208629974528
RICY,6403,25.408730158730158,5875001.000000005,0.011552380952380953,155,0.46368889583007966,-0.09641866064588234,-0.04939270583349975,2000-11-21,2026-08-28,-0.1323976307157667,-0.0480355179162405,-0.05966907084625006,-0.050722398022248094,-0.04702595481238259
RIGS,5427,21.535714285714285,13171876.00000001,0.009681632653061226,131,0.44665561083471533,-0.0649121082722578,-0.0010529308773004065,2004-08-18,2026-08-28,-0.08922793105007487,-0.09203724648494149,-0.04802900094386764,0.060533211457556746,-0.06385917739495739
RIMO,4542,18.023809523809526,3586251.4768974995,0.028367166494763174,104,0.4092910612065169,-0.23618114932526513,-0.0003006529409586012,2000-11-13,2019-04-08,-0.323716063087637,-0.08826608287264359,-0.005602434987024729,0.2224399042271541,-0.23588049638430653
RISE,1988,7.888888888888889,179812701.74505597,0.009783745564992539,41,0.4834004024144869,0.33547732998308,0.22082357468677305,2018-07-09,2026-08-28,,,0.33547732998308,0.22082357468677305,0.11465375529630695
RMBA,4688,18.603174603174605,120915000.99999988,0.0106,129,0.4761092150170648,-0.3779791836599006,0.030123235647644186,2000-04-26,2019-04-08,-0.3496376087016395,0.07697682476049361,-0.4377943496351744,-0.06877400108382292,-0.40810241930754476
RMKE,1136,4.507936507936508,4195649000.9999995,0.012952941176470587,28,0.47183098591549294,0.3399896158808673,0.6979748642173387,2021-12-07,2026-08-28,,,0.3399896158808673,0.6979748642173387,-0.3579852483364714
RMKO,736,2.9206349206349205,211972100.99999985,0.014449557522123894,15,0.38858695652173914,0.050307181549559044,-0.19241341852946658,2023-07-31,2026-08-28,,,0.050307181549559044,-0.19241341852946658,0.24272060007902563
ROCK,1436,5.698412698412699,398700.99999999965,0.00997636761487965,32,0.4192200557103064,-0.26840467141908286,0.03608909670977978,2020-09-10,2026-08-28,,,-0.26840467141908286,0.03608909670977978,-0.30449376812886264
RODA,6164,24.46031746031746,2822501.0000000005,0.018933333333333333,149,0.4646333549643089,-0.22672873779092706,-0.05194254825608169,2001-10-22,2026-08-28,-0.2965005196248769,0.058492474529570515,-0.15746500878432446,-0.13749903283155984,-0.17478618953484537
RONY,1535,6.091269841269841,680401.0000000003,0.01185,27,0.3022801302931596,0.46487630783408607,0.43724972261239237,2020-04-09,2026-08-28,,,0.46487630783408607,0.43724972261239237,0.0276265852216937
ROTI,3973,15.765873015873016,848076001.0000011,0.009698360655737705,100,0.47394915680845706,-0.08121067337740662,0.07698163036902672,2010-06-28,2026-08-28,0.31435325241385526,0.7723422108436653,-0.15362004949859143,-0.036827249014286245,-0.15819230374643334
RSCH,717,2.8452380952380953,1928210301.000001,0.012093506493506493,15,0.5230125523012552,0.5409492267169158,0.3982320337869669,2023-08-28,2026-08-28,,,0.5409492267169158,0.3982320337869669,0.1427171929299489
RSGK,1196,4.746031746031746,6117001.000000004,0.010024778761061948,22,0.3319397993311037,-0.018471915658952676,-0.12758206715218612,2021-09-08,2026-08-28,,,-0.018471915658952676,-0.12758206715218612,0.10911015149323344
RUIS,4946,19.626984126984127,28911401.000000037,0.014371929824561404,138,0.45369995956328346,-0.21407612161993295,-0.004757413316170633,2006-07-12,2026-08-28,-0.15798842845149064,-0.03854486466220386,-0.24226367716801733,0.013623427487754691,-0.2093187083037623
RUNS,1196,4.746031746031746,36323400.999999985,0.01764819277108434,24,0.3779264214046823,-0.18263257249769227,-0.27080241340257016,2021-09-08,2026-08-28,,,-0.18263257249769227,-0.27080241340257016,0.0881698409048779
SAFE,6291,24.964285714285715,402501.0000000002,0.010863157894736842,136,0.4021618184708313,-0.1434836035737389,0.09988290917230214,2001-04-27,2026-08-28,-0.11359066278345709,0.034413502550785235,-0.17083016721196898,0.16561749665077308,-0.24336651274604104
SAGE,823,3.265873015873016,32849301.00000005,0.035903030303030305,11,0.3560145808019441,-0.037136945492035944,-0.37557515146536913,2023-03-08,2026-08-28,,,-0.037136945492035944,-0.37557515146536913,0.3384382059733332
SAME,3340,13.253968253968255,1058937798.120635,0.011588023952095808,79,0.48233532934131734,0.011734519667105037,0.12521001985035807,2013-01-25,2026-08-28,,,0.007408451942186645,0.020524771998970737,-0.11347550018325303
SAMF,1542,6.119047619047619,69743500.99999997,0.01166060606060606,38,0.4688715953307393,0.1286543133459208,0.2857347149335623,2020-03-31,2026-08-28,,,0.1286543133459208,0.2857347149335623,-0.15708040158764147
SAPX,1926,7.642857142857143,9691501.000000004,0.011624096385542168,47,0.4745586708203531,-0.04577493820198186,-0.06615441521557786,2018-10-03,2026-08-28,,,-0.04577493820198186,-0.06615441521557786,0.020379477013595992
SATU,1903,7.551587301587301,391871350.9999995,0.014774311926605506,46,0.5223331581713084,-0.0041224253003289135,0.02804939606008605,2018-11-05,2026-08-28,,,-0.0041224253003289135,0.02804939606008605,-0.032171821360414965
SBMA,1196,4.746031746031746,142332901.0000001,0.012496551724137932,29,0.41471571906354515,-0.17693896997406255,-0.14568093536721838,2021-09-08,2026-08-28,,,-0.17693896997406255,-0.14568093536721838,-0.031258034606844176
SCCO,6055,24.02777777777778,6382501.000000001,0.009600000000000001,126,0.48075970272502067,-0.02150092741875309,0.054502902539496745,2002-03-25,2026-08-28,0.09504019927634211,0.18919144668080778,-0.11128360878638122,-0.05432058561654973,-0.07600382995824984
SCMA,5974,23.706349206349206,13708346250.999979,0.01485925925925926,138,0.49799129561432876,-0.027619426121326507,0.12355328306535807,2002-07-16,2026-08-28,0.06397982191657925,0.35113918976500846,-0.09907429046636151,-0.037712601406759805,-0.15117270918668457
SCNP,1439,5.7103174603174605,24202300.999999996,0.015215384615384617,41,0.45239749826268244,-0.24464008893421085,0.012701235775783637,2020-09-07,2026-08-28,,,-0.24464008893421085,0.012701235775783637,-0.2573413247099945
SDMU,3719,14.757936507936508,54000000.99999998,0.0157010101010101,71,0.43129873621941384,0.03388265260170353,-0.04490534619764175,2011-07-12,2026-08-28,-0.07525722225657017,0.08829134021475915,0.05136745401602516,-0.06346678247520698,0.07878799879934528
SDPC,6199,24.599206349206348,1842929.3715820306,0.01580408163265306,160,0.4644297467333441,-0.2933233057602679,0.026832567813473984,2001-09-03,2026-08-28,-0.3870932370137078,-0.011618310544166288,-0.1946626857179512,0.06270288110225586,-0.32015587357374187
SDRA,4834,19.182539682539684,33634943.9944573,0.014147008547008549,126,0.48655357881671496,-0.12863194036568792,0.06199744241734684,2006-12-15,2026-08-28,0.266710427050906,0.39194211126370404,-0.27599304040922656,-0.07020691835526549,-0.19062938278303476
SEMA,1110,4.404761904761905,233750000.9999999,0.014774311926605506,20,0.42252252252252254,0.002024969706053703,-0.16034654531299652,2022-01-10,2026-08-28,,,0.002024969706053703,-0.16034654531299652,0.16237151501905023
SFAN,1740,6.904761904761905,428957500.99999976,0.008424858757062146,36,0.5224137931034483,0.08587116305261033,0.2670645608193978,2019-06-20,2026-08-28,,,0.08587116305261033,0.2670645608193978,-0.18119339776678745
SGER,1456,5.777777777777778,1632969979.633902,0.01185,33,0.4532967032967033,0.26902852805244315,0.859610483962366,2020-08-10,2026-08-28,,,0.26902852805244315,0.859610483962366,-0.5905819559099228
SGRO,4709,18.686507936507937,639315001.0000005,0.010187155963302753,104,0.4890634954342748,0.13204009038840803,0.07320695349535988,2007-06-18,2026-08-28,0.2667392336367529,-0.04298698832439063,0.0753478113345567,0.12983636087896544,0.058833136893048144
SHID,6267,24.86904761904762,5242500.999999999,0.010044444444444444,152,0.4734322642412638,-0.14249878251537085,0.0530636680383485,2001-05-31,2026-08-28,-0.2806374138454716,0.06871484602343036,0.011174192014294926,0.03858440659971718,-0.19556245055371935
SHIP,2509,9.956349206349206,662544001.0000001,0.011482352941176471,72,0.5089677162216022,-0.06345747328983753,0.29034864913965674,2016-06-16,2026-08-28,,,-0.06345747328983753,0.29034864913965674,-0.3538061224294943
SICO,1049,4.162698412698413,300825800.9999997,0.014003361344537814,24,0.4156339370829361,-0.20472675100755966,-0.1424168286831785,2022-04-08,2026-08-28,,,-0.20472675100755966,-0.1424168286831785,-0.06230992232438115
SIDO,3111,12.345238095238095,5505842377.008984,0.015403921568627452,71,0.4683381549341048,-0.08942575339033909,0.05165169592371788,2013-12-18,2026-08-28,,,-0.08942575339033909,0.05165169592371788,-0.14107744931405697
SILO,3177,12.607142857142858,2821005001.000004,0.009551259439829872,75,0.48190116462071136,-0.035758795736404836,0.05283239049163191,2013-09-12,2026-08-28,,,-0.035758795736404836,0.05283239049163191,-0.08859118622803674
SIMA,4389,17.416666666666668,1625001.000000001,0.011697560975609755,86,0.33264980633401686,-0.2730869265742686,-0.11608899763185632,2001-01-31,2019-04-08,-0.3281577842121869,-0.15047536883220425,-0.14495558095453875,-0.04077793809828856,-0.15699792894241227
SIMP,3740,14.841269841269842,2785796251.0000043,0.009616064257028111,76,0.477807486631016,0.05665311319838673,-0.02626427762958472,2011-06-09,2026-08-28,0.08879641567464214,-0.14314418898118553,0.05841299311044512,-0.005629815930731086,0.08291739082797145
SINI,1639,6.503968253968254,14672625.999999989,0.010728205128205128,46,0.4612568639414277,0.04340595884538634,0.8390771394394525,2019-11-08,2026-08-28,,,0.04340595884538634,0.8390771394394525,-0.7956711805940662
SIPD,5493,21.797619047619047,17275000.999999985,0.012051612903225806,122,0.4321864190788276,-0.09183025865271266,-0.033399522165526885,2004-05-19,2026-08-28,-0.0621162234347038,-0.13786954272881935,-0.11204074593862967,0.04547548578002014,-0.058430736487185775
SKBM,3416,13.555555555555555,567100.9999999995,0.009947826086956522,95,0.4560889929742389,-0.38737072492993474,0.10204012192292744,2012-09-28,2026-08-28,-0.10345520674343733,3.9729405035787826,-0.40050871269974553,0.009881683445130962,-0.4894108468528622
SKLT,6403,25.408730158730158,1.0,0.030600000000000002,102,0.35452131813212556,-0.03927198600929338,0.0660002077646693,2000-11-22,2026-08-28,0.0043302955812294375,-0.08286947560664437,-0.07795522985188585,0.23379073882789703,-0.10527219377396269
SKRN,1920,7.619047619047619,296232406.0140378,0.013233587786259542,41,0.5635416666666667,0.11105277499509181,0.15367160957901604,2018-10-11,2026-08-28,,,0.11105277499509181,0.15367160957901604,-0.04261883458392424
SKYB,2173,8.623015873015873,1.0,0.010361904761904763,31,0.3041877588587207,-0.15562089642738675,-0.07647552629305987,2010-07-07,2019-04-05,-0.35173320667678054,-0.038212327291642145,-0.034025706249338095,-0.09536404855600678,-0.07914537013432688
SLIS,1663,6.599206349206349,1150881332.151185,0.011298678050341859,35,0.4533974744437763,0.037581343193997085,-0.11164705295219979,2019-10-07,2026-08-28,,,0.037581343193997085,-0.11164705295219979,0.14922839614619687
SMAR,6435,25.535714285714285,22075001.000000007,0.0081706940874036,156,0.5024087024087024,0.005077806874351998,0.16147098260318105,2000-10-09,2026-08-28,0.08200210455441792,0.3307030976801064,-0.05520455065741736,0.017546944671930298,-0.15639317572882905
SMBR,3225,12.797619047619047,2099253325.9999998,0.010407692307692309,65,0.4254263565891473,0.09144401931108548,-0.0863337858134181,2013-06-28,2026-08-28,,,0.09147364226473975,-0.08635937320076281,0.17777780512450359
SMCB,4278,16.976190476190474,2383336001.000001,0.010650505050505051,100,0.517531556802244,0.06714004020372322,0.10935021454301475,2002-01-04,2019-04-08,0.13606338070314972,0.1778642429997117,-0.05742907693981303,-0.026836926916417703,-0.04221017433929153
SMDM,6291,24.964285714285715,1380001.0000000005,0.013062686567164179,165,0.463519313304721,-0.20911644851027378,0.12274914414692417,2001-04-27,2026-08-28,-0.23066836397634816,0.16428675760411515,-0.18817578680597258,0.0848245814743025,-0.33186559265719795
SMDR,6127,24.313492063492063,45543750.99999993,0.023457142857142857,138,0.4690713236494206,0.026426615831498523,0.18388862408863793,2001-12-13,2026-08-28,-0.09075616744393122,0.10534190431087453,0.14407639870301603,0.2589220956277365,-0.1574620082571394
SMGA,610,2.4206349206349205,2974022601.000002,0.017364705882352942,16,0.4,-0.1440249454818303,-0.2046666493942283,2024-01-30,2026-08-28,,,-0.1440249454818303,-0.2046666493942283,0.06064170391239798
SMGR,5147,20.424603174603174,50859743137.22626,0.008465091888309316,119,0.5232174081989508,-0.013188411339105865,0.019597874826275286,2005-09-29,2026-08-28,0.1740830643079474,0.39119137053771125,-0.10965625034125026,-0.15095755756828522,-0.03278628616538115
SMIL,785,3.115079365079365,26303242401.0,0.014371929824561404,15,0.49171974522292994,0.5133293215340933,0.4426337935839899,2023-05-12,2026-08-28,,,0.5133293215340933,0.4426337935839899,0.07069552795010337
SMKL,1725,6.845238095238095,48146901.00000006,0.0156,42,0.47246376811594204,-0.1355113727946291,-0.055779768389810136,2019-07-11,2026-08-28,,,-0.1355113727946291,-0.055779768389810136,-0.07973160440481897
SMKM,1071,4.25,353951925.9999998,0.016016666666666665,20,0.4584500466853408,0.5421226128411196,-0.16427725435813723,2022-03-09,2026-08-28,,,0.5421226128411196,-0.16427725435813723,0.7063998671992568
SMLE,624,2.4761904761904763,499114401.00000006,0.013600000000000001,12,0.4823717948717949,0.8702686999643297,-0.1366939516776845,2024-01-10,2026-08-28,,,0.8702686999643297,-0.1366939516776845,1.0069626516420143
SMMA,5809,23.0515873015873,15225000.999999996,0.007797802197802198,120,0.45532793940437255,0.02241204202933056,0.19599773894697514,2003-03-04,2026-08-28,0.07618154295203561,0.3054366283446457,-0.01284693004558235,0.11540434376637432,-0.17358569691764458
SMMT,4594,18.23015873015873,85691500.9999999,0.010993830000364604,85,0.4312146277753592,0.4185579603954728,0.3330958913817128,2007-12-03,2026-08-28,1.3466000669559413,1.4729914245106803,0.14922341625104596,0.027083518433388853,0.08546206901375997
SMRA,5954,23.626984126984127,11199829124.405754,0.014371929824561404,137,0.5120927107826672,0.016459239308582507,0.14395914778825802,2002-08-13,2026-08-28,0.23873406348616788,0.5068519502518813,-0.139395357541381,-0.09225456267598031,-0.12749990847967552
SMRU,1862,7.388888888888889,52307551.00000002,0.012665078089274851,48,0.40816326530612246,-0.15549761605409884,-0.04321315945377768,2011-10-10,2019-04-08,-0.30387900671215207,-0.21594615235475267,-0.08332126402678719,0.035285014387356206,-0.11228445660032116
SMSM,6110,24.246031746031747,661812500.9999989,0.01118659217877095,138,0.5522094926350245,0.04148590209307157,0.19432545368778342,2002-01-07,2026-08-28,0.1681183365424117,0.2688477946953063,-0.055281126306402584,0.1333791216993796,-0.15283955159471185
SNLK,1304,5.174603174603175,2824326750.9999967,0.013474015748031497,27,0.48236196319018404,0.006162569238015836,0.020178921913775127,2021-03-29,2026-08-28,,,0.006162569238015836,0.020178921913775127,-0.014016352675759292
SOCI,2877,11.416666666666666,1644777601.0000002,0.010625125628140704,71,0.46993395898505386,-0.0478952236681387,-0.0049383046740976155,2014-12-03,2026-08-28,,,-0.0478952236681387,-0.0049383046740976155,-0.04295691899404108
SOFA,1479,5.869047619047619,27528350.999999993,0.02832727272727273,31,0.41244083840432727,0.4352233265373495,0.22617024244234774,2020-07-07,2026-08-28,,,0.4352233265373495,0.22617024244234774,0.20905308409500178
SOHO,1438,5.7063492063492065,12915000.99999999,0.014003361344537814,34,0.4666203059805285,0.07516395857948899,0.3864245144996503,2020-09-08,2026-08-28,,,0.07516395857948899,0.3864245144996503,-0.31126055592016133
SOLA,552,2.1904761904761907,848583101.0000006,0.015215384615384617,12,0.4076086956521739,0.13140299691069868,-0.20172687750087337,2024-05-08,2026-08-28,,,0.13140299691069868,-0.20172687750087337,0.33312987441157205
SONA,6545,25.97222222222222,800001.0000000003,0.010145454545454544,140,0.43284950343773876,0.0019417423959617874,0.11096706394429745,2000-05-08,2026-08-28,0.16347681334484143,0.15860288089841745,-0.13717278287218293,0.06419746697153528,-0.10902532154833566
SOSS,1903,7.551587301587301,9690901.000000004,0.010272897196261682,54,0.48712559117183396,-0.24763770780325234,0.10230945178156414,2018-11-06,2026-08-27,,,-0.24763770780325234,0.10230945178156414,-0.3499471595848165
SOTS,1876,7.444444444444445,2789201.0000000014,0.012593006993006993,45,0.43923240938166314,0.19846797972115948,0.07983377590290353,2018-12-11,2026-08-28,,,0.19846797972115948,0.07983377590290353,0.11863420381825596
SPMA,6502,25.8015873015873,26998689.37577818,0.016281372677649775,159,0.47523838818824976,-0.0680076521750278,0.027081907551020024,2000-07-11,2026-08-28,-0.0703288332683838,0.004432363329570865,-0.06565907574065843,0.04877395384361405,-0.09508955972604782
SPRE,518,2.0555555555555554,1362097400.9999979,0.013007407407407409,12,0.5540540540540541,-0.22710435437641963,-0.18486997436473918,2024-07-03,2026-08-28,,,-0.22710435437641963,-0.18486997436473918,-0.04223438001168045
SPTO,2027,8.043650793650794,400350125.99999964,0.014003361344537814,47,0.46768623581647756,0.0042189296616552685,-0.00042967237205238096,2018-05-14,2026-08-28,,,0.0042189296616552685,-0.00042967237205238096,0.0046486020337076495
SQMI,5450,21.626984126984127,2812295.824218748,0.013085926478780603,119,0.4023853211009174,-0.22944116873983456,-0.04618940487373202,2004-07-16,2026-08-28,-0.30492527888778775,0.0864994266315171,-0.17294817322108136,-0.12774776269481902,-0.18325176386610253
SRAJ,3781,15.003968253968255,24227331.334442142,0.013562946346040296,99,0.4937847130388786,-0.12233381391430098,0.3509460435130989,2011-04-11,2026-08-28,-0.5637196336628443,0.23806759860116333,-0.011938394528020257,0.37107449760472666,-0.47327985742739986
SRIL,1444,5.73015873015873,17957400401.00003,0.012255574043261231,36,0.4660664819944598,-0.08628835626195863,0.06592679568268345,2013-06-17,2019-04-08,,,-0.08686316536182903,0.07407904488584816,-0.15221515194464208
SRSN,6220,24.682539682539684,43725500.99999996,0.02199344262295082,146,0.4170418006430868,-0.2567875321636829,-0.058642599741825396,2001-08-06,2026-08-28,-0.36508616851006215,-0.15603113875290942,-0.1403795387973784,0.041295132194943296,-0.1981449324218575
SRTG,3235,12.837301587301587,274286751.0,0.010808333333333333,88,0.4649149922720247,-0.1513269844692201,0.08503950409030403,2013-06-26,2026-08-28,,,-0.15145623023755062,0.08465820237245736,-0.23636648855952413
SSIA,6054,24.023809523809526,5087329201.000005,0.010166210045662101,141,0.4948794185662372,0.18517120145090016,0.18407071540196762,2002-03-25,2026-08-28,0.326371697918437,0.3692533699404552,0.07423229226339778,0.043610333183451866,0.0011004860489325363
SSMS,3114,12.357142857142858,26424291250.99996,0.009552569169960473,80,0.47784200385356457,-0.021901822161517037,0.04862446147064903,2013-12-12,2026-08-28,,,-0.021901822161517037,0.04862446147064903,-0.07052628363216606
SSTM,6044,23.984126984126984,931750.9999999997,0.013600000000000001,147,0.45251489080079416,-0.1564880771346271,0.00810025384470947,2002-04-09,2026-08-28,-0.21963639832636472,-0.10986060284703536,-0.09744365520591092,0.12329777349297788,-0.16458833097933656
STAA,1070,4.246031746031746,7251316001.000009,0.01106448087431694,25,0.45607476635514016,-0.01240873499935835,0.17892658664461614,2022-03-10,2026-08-28,,,-0.01240873499935835,0.17892658664461614,-0.1913353216439745
STAR,3718,14.753968253968255,8739000.999999996,0.018258227848101265,80,0.38999462076385155,0.11526590873477804,0.07623912619498041,2011-07-13,2026-08-28,-0.14440008591241582,-0.40992244503770936,0.16050325085902672,0.17777617613784313,0.03902678253979763
STRK,687,2.7261904761904763,339618001.0000002,0.02199344262295082,9,0.34643377001455605,0.06496228928697945,-0.209991573314952,2023-10-10,2026-08-28,,,0.06496228928697945,-0.209991573314952,0.27495386260193144
STTP,6122,24.293650793650794,1157500.9999999993,0.010145454545454544,146,0.4828487422410977,-0.08133129370260728,0.16010057420606572,2001-12-20,2026-08-28,-0.06088988616100777,0.17905655853160085,-0.09922093984771652,0.13833662366566357,-0.241431867908673
SUGI,4114,16.325396825396826,314006.6677779998,0.01251319101206911,84,0.3760330578512397,-0.2692804334627067,-0.053561539978281836,2002-06-19,2019-04-08,-0.33578755004871674,0.12002005616423794,-0.12661678950799593,-0.3120223156953411,-0.21571889348442486
SULI,5996,23.793650793650794,120293505.6414336,0.015123809523809525,136,0.416444296197465,0.014820569967643582,0.018242102585951603,2002-06-13,2026-08-28,0.09135089747366609,0.051931227592355134,-0.046356051416407085,-0.009711542848152677,-0.003421532618308021
SUNI,864,3.4285714285714284,377210001.0000002,0.013062686567164179,19,0.4861111111111111,0.14369927292313633,0.3114549891285465,2023-01-09,2026-08-28,,,0.14369927292313633,0.3114549891285465,-0.1677557162054102
SUPR,3664,14.53968253968254,1.0,0.008805128205128205,50,0.33979257641921395,0.10643213277900787,0.19006889751019407,2011-10-11,2026-08-27,0.08603378167724052,0.3186612463508476,0.10915137456386059,0.1740698739661588,-0.0836367647311862
SURE,1924,7.634920634920635,11500500.999999983,0.009819409282700422,44,0.4682952182952183,-0.03717908007129034,0.35132436154935,2018-10-05,2026-08-28,,,-0.03717908007129034,0.35132436154935,-0.3885034416206403
SURI,645,2.5595238095238093,3384668600.9999948,0.016016666666666665,12,0.4496124031007752,-0.22893068375836922,-0.24093240011731276,2023-12-07,2026-08-28,,,-0.22893068375836922,-0.24093240011731276,0.012001716358943537
SWID,995,3.9484126984126986,76855850.99999996,0.01794567901234568,21,0.3758793969849246,-0.14340667685829056,-0.13058903708158165,2022-07-07,2026-08-28,,,-0.14340667685829056,-0.13058903708158165,-0.012817639776708911
TALF,3093,12.273809523809524,130001.00000000009,0.011482352941176471,96,0.5082444228903976,-0.47292867704322006,0.056064107177971056,2014-01-17,2026-08-28,,,-0.47292867704322006,0.056064107177971056,-0.5289927842211911
TAMA,1577,6.257936507936508,7834175.999999998,0.0256,33,0.44324667089410275,0.01955073094832871,-0.043560351930720276,2020-02-10,2026-08-28,,,0.01955073094832871,-0.043560351930720276,0.06311108287904899
TAMU,2289,9.083333333333334,77033951.0,0.0256,34,0.3669724770642202,0.1687779966841907,0.0369495344564037,2017-05-10,2026-08-28,,,0.1687779966841907,0.0369495344564037,0.131828462227787
TAPG,1295,5.138888888888889,16670003751.00001,0.012846376811594203,28,0.5405405405405406,0.27834456979506217,0.6628220959690365,2021-04-12,2026-08-28,,,0.27834456979506217,0.6628220959690365,-0.38447752617397435
TARA,2984,11.841269841269842,111563800.99999988,0.010650505050505051,64,0.4152144772117963,-0.057587175405800606,-0.1428803947429843,2014-07-11,2026-08-28,,,-0.057587175405800606,-0.1428803947429843,0.0852932193371837
TAXI,3392,13.46031746031746,119733000.99999993,0.0256,42,0.2806603773584906,0.1315557163611374,-0.24597083854894186,2012-11-02,2026-08-28,0.02558034106553375,2.6828481883592548,0.13707762568035986,-0.3016720801115885,0.37752655491007925
TBIG,3894,15.452380952380953,12863487500.999989,0.009446153846153847,95,0.5,0.007878018476447313,0.09706560422322208,2010-10-26,2026-08-28,0.151569321001928,0.34861648830750447,-0.019215169626834117,0.05251711500849021,-0.08918758574677477
TBLA,6158,24.436507936507937,890546751.000001,0.01441071767016747,151,0.4975641442026632,-0.024918281107179863,0.06601426407538069,2001-10-31,2026-08-28,-0.023371432764491717,0.05618058457321884,-0.026315653877068024,0.07498997901928561,-0.09093254518256055
TBMS,6307,25.02777777777778,427001.00000000035,0.0156,130,0.42318059299191374,-0.060722281394811284,0.16209564769215845,2001-04-05,2026-08-28,0.02732828496569817,0.14286100457541884,-0.13743335852947614,0.1806844764660025,-0.22281792908696973
TCID,6536,25.936507936507937,7900001.000000005,0.008688803088803088,154,0.48500611995104037,-0.0503787633817373,0.02989145117790626,2000-05-19,2026-08-28,0.007369262708839308,0.09503347930144446,-0.10595983809014986,-0.03616206856461879,-0.08027021455964356
TCPI,1988,7.888888888888889,58065356251.000084,0.008944481605351171,42,0.4954728370221328,0.07492545487801405,0.34811079171861814,2018-07-06,2026-08-28,,,0.07492545487801405,0.34811079171861814,-0.2731853368406041
TEBE,1633,6.48015873015873,216589500.99999967,0.012010256410256409,38,0.44764237599510104,0.06013304204093384,0.09315176065183484,2019-11-18,2026-08-28,,,0.06013304204093384,0.09315176065183484,-0.033018718610901
TELE,1795,7.123015873015873,2090238251.0000002,0.011969426751592356,45,0.4863509749303621,-0.03454640558235089,0.12455280695018045,2012-01-12,2019-04-08,0.23233986542671703,0.5519665189418486,-0.09208156569852355,0.043048603499937554,-0.15909921253253134
TFAS,1677,6.654761904761905,82159000.99999999,0.0134125,36,0.4460345855694693,0.2857198892599031,-0.05936403818741576,2019-09-17,2026-08-28,,,0.2857198892599031,-0.05936403818741576,0.34508392744731886
TFCO,5148,20.428571428571427,1.0,0.013933333333333332,116,0.4415306915306915,-0.2587833072564856,0.0540903358182514,2005-09-29,2026-08-28,-0.2759591411346032,0.07236155871413308,-0.24842670208495565,0.04342374096505908,-0.312873643074737
TGKA,5168,20.50793650793651,340000.99999999994,0.009338317757009346,116,0.5044504643962848,0.004461775788511035,0.23781228010802646,2005-08-30,2026-08-28,0.2864809497241705,0.4984750945367553,-0.13965419591226946,0.09742766801119496,-0.23335050431951543
TGRA,494,1.9603174603174602,387173000.9999999,0.014774311926605506,11,0.5182186234817814,0.023546786552895993,0.5224150930416895,2017-05-16,2019-04-08,,,0.023546786552895993,0.5224150930416895,-0.49886830648879354
TGUK,753,2.988095238095238,4322501.000000002,0.015403921568627452,8,0.28419654714475434,0.044804600565654606,-0.24860721571908917,2023-07-10,2026-08-28,,,0.044804600565654606,-0.24860721571908917,0.2934118162847438
TIFA,3719,14.757936507936508,5062021.755580898,0.016769532890223156,84,0.4796988437752084,0.0911782969873669,0.11282303896837909,2011-07-12,2026-08-28,0.06340557078319464,0.015092739223229401,0.0954154806864882,0.12649465107036817,-0.021644741981012183
TINS,6322,25.08730158730159,12339826501.00002,0.01100065339203819,130,0.4919329326162607,0.27615109636082513,0.19527851155382425,2001-03-14,2026-08-28,0.3861545243254394,0.21945710347189973,0.17915326581777635,0.17261061842939918,0.08087258480700088
TIRA,6397,25.384920634920636,1.0,0.01134712643678161,77,0.21385024230107863,-0.0342725787887157,0.063514945492124,2000-11-30,2026-08-28,0.00812580961047038,0.05473364219577603,-0.07403910587187401,0.07217961633122005,-0.0977875242808397
TIRT,4670,18.53174603174603,5797051.000000003,0.01671111111111111,112,0.44839400428265525,-0.21733028704114676,-0.08979224235549377,2000-05-16,2019-04-08,-0.3309930759327365,-0.13737771686447953,0.11522579571211344,0.024479327051360134,-0.127538044685653
TKIM,6398,25.38888888888889,581099793.5893555,0.008606799948555531,122,0.4929665520475148,0.32121310489108135,0.11950191185079406,2000-11-28,2026-08-28,0.338446922220049,0.09318260467053086,0.30454638612514184,0.14589804007866358,0.20171119304028728
TLDN,1047,4.154761904761905,93474376.0,0.014945794392523363,23,0.45463228271251194,-0.02505936382230145,0.03148873968732557,2022-04-12,2026-08-28,,,-0.02505936382230145,0.03148873968732557,-0.056548103509627023
TLKM,5398,21.42063492063492,244237851001.00037,0.00924963503649635,143,0.5281585772508336,-0.06276705508299174,0.10285825007358174,2004-09-28,2026-08-28,0.008876440795160256,0.17045162665240676,-0.1079105316806469,0.062372488040137286,-0.16562530515657348
TMAS,5147,20.424603174603174,129775851.78382498,0.0681,126,0.38624441422187683,-0.8573745515867383,0.17616983388752794,2005-09-29,2026-08-28,-0.9913032651717726,0.09249488350327595,-0.2528516837492315,0.22869655581517345,-1.0335443854742663
TMPO,6368,25.26984126984127,2095251.0000000012,0.013807413522595433,165,0.45650125628140703,-0.3256179863427201,-0.017058736878320047,2001-01-09,2026-08-28,-0.42282395391129524,-0.054225284409500474,-0.21567545376587283,0.020399437288944666,-0.30855924946440005
TNCA,1995,7.916666666666667,110841100.99999994,0.013536507936507937,41,0.4095238095238095,0.2555398478571882,-0.05670683796103859,2018-06-28,2026-08-28,,,0.2555398478571882,-0.05670683796103859,0.3122466858182268
TOBA,3472,13.777777777777779,39953751.000000045,0.010891005291005292,86,0.45910138248847926,-0.04104927560404803,0.01882581181870102,2012-07-06,2026-08-28,-0.45440570813521797,-0.613191095836837,0.009764222651988064,0.0947951647436085,-0.05987508742274905
TOOL,972,3.857142857142857,115243100.99999982,0.02199344262295082,32,0.448559670781893,-0.2747933993146072,-0.22095319427510807,2022-08-09,2026-08-28,,,-0.2747933993146072,-0.22095319427510807,-0.053840205039499156
TOPS,472,1.873015873015873,26834889001.000034,0.01185,13,0.4576271186440678,0.1938276466243014,2.0188074635648117,2017-06-16,2019-04-08,,,0.1938276466243014,2.0188074635648117,-1.8249798169405103
TOSK,604,2.3968253968253967,2756239200.9999986,0.021225,14,0.5182119205298014,-0.3086973918517891,-0.20644600183988637,2024-02-07,2026-08-28,,,-0.3086973918517891,-0.20644600183988637,-0.10225139001190275
TOTL,4936,19.58730158730159,712647500.9999996,0.015215384615384617,107,0.5135737439222042,0.10982411678344617,0.16130293218691905,2006-07-25,2026-08-28,0.24284292939505048,0.2755978011910887,0.045525289679955616,0.10449974920063698,-0.05147881540347288
TOTO,5784,22.952380952380953,19500001.017272975,0.014449557522123894,113,0.42513831258644535,0.007805378732939072,0.15687721317188186,2003-04-08,2026-08-28,0.11806621911200743,0.37613732014778933,-0.07146620584132224,0.007829742738066248,-0.14907183443894279
TOWR,4049,16.067460317460316,1324457050.999999,0.012196306068601583,84,0.498394665349469,0.1608983188681712,0.20190180350981812,2010-03-08,2026-08-28,0.8302266349936336,1.3337681710902105,0.034703586096660244,0.016293855203910468,-0.04100348464164694
TPIA,5946,23.595238095238095,67499997.8238831,0.009766666666666667,96,0.37184661957618564,0.027960590711461508,0.04043212085828829,2002-08-23,2026-08-28,-0.009121721651789594,-0.15633036236487774,0.060147303446282496,0.2405431498514301,-0.012471530146826781
TPMA,3321,13.178571428571429,1457401.0000000002,0.011397101449275363,88,0.4601023788015658,-0.1924566878336198,0.07246238962466167,2013-02-20,2026-08-28,,,-0.19557885640562367,0.092163294220448,-0.26491907745828147
TRGU,994,3.9444444444444446,51707401.000000015,0.0156,30,0.3722334004024145,-0.13137417930901651,-0.0985645357861683,2022-07-08,2026-08-28,,,-0.13137417930901651,-0.0985645357861683,-0.03280964352284821
TRIL,2754,10.928571428571429,38092250.99999996,0.021225,55,0.38743645606390703,-0.13228232120076777,-0.21245117930904944,2008-01-28,2019-04-08,0.05177183737270963,-0.2853658247865294,-0.26626756805262386,-0.1361610838578069,0.08016885810828167
TRIM,6554,26.00793650793651,13148742.881704312,0.013600000000000001,169,0.48382667073542873,-0.1660524272959214,0.019797880133795465,2000-04-24,2026-08-28,-0.2536509146067515,-0.1056277004589039,-0.0652884584514436,0.1650038997862251,-0.18585030742971687
TRIN,1595,6.329365079365079,2088962200.999999,0.014690909090909091,37,0.3780564263322884,0.16045582295283323,-0.0018680231798220426,2020-01-15,2026-08-28,,,0.16045582295283323,-0.0018680231798220426,0.16232384613265527
TRIS,3477,13.797619047619047,508192200.99999964,0.013322007722007721,86,0.4285303422490653,-0.2301841888528381,-0.016192810365736054,2012-07-02,2026-08-28,0.17416855341690418,0.5235345974920504,-0.25432501771717997,-0.04730703006169834,-0.21399137848710204
TRJA,1446,5.738095238095238,158314901.00000027,0.010808333333333333,28,0.5027662517289073,-0.03802483554865388,-0.14080036671638374,2020-08-27,2026-08-28,,,-0.03802483554865388,-0.14080036671638374,0.10277553116772986
TRON,823,3.265873015873016,787583300.9999998,0.013007407407407409,16,0.4240583232077764,0.010872449722165722,-0.23355846294518012,2023-03-08,2026-08-28,,,0.010872449722165722,-0.23355846294518012,0.24443091266734585
TRST,6434,25.53174603174603,13500000.999999993,0.012051612903225806,186,0.4972023624494871,-0.17848403091970666,0.08384481585777737,2000-10-10,2026-08-28,-0.11658053358872023,0.12522303543242574,-0.23550025647752493,0.04437543748893069,-0.262328846777484
TRUK,2019,8.011904761904763,212922551.0000001,0.014147008547008549,37,0.48439821693907875,0.25180894920522867,0.08307758372647567,2018-05-24,2026-08-28,,,0.25180894920522867,0.08307758372647567,0.168731365478753
TRUS,5877,23.321428571428573,66501.00000000003,0.015356097560975609,134,0.4451250638080653,-0.17554253332272662,0.07889619665481584,2002-11-28,2026-08-28,-0.06622006284417625,0.09828659328799527,-0.25536440679387096,0.06329315723132622,-0.25443872997754247
TSPC,5147,20.424603174603174,676612500.9999995,0.00863951367781155,117,0.4866912764717311,0.0646887831714027,0.12432825900783384,2005-09-29,2026-08-28,0.15300792824580123,0.3468346839702081,0.015624342512604805,0.013240300111577286,-0.059639475836431144
TUGU,2018,8.007936507936508,382536000.9999994,0.010034589800443458,42,0.466798810703667,0.08345296443075201,0.0232856751698296,2018-05-28,2026-08-28,,,0.08345296443075201,0.0232856751698296,0.06016728926092241
TURI,3271,12.98015873015873,779136501.0000006,0.0134125,64,0.5087129318251299,0.23961214594235414,0.30140309832168954,2005-09-29,2019-04-08,0.30166600299235036,0.5201866307482976,0.16442183997266446,0.06650106561457103,-0.061790952379335407
TYRE,789,3.130952380952381,38337151.00000005,0.013474015748031497,27,0.45373891001267425,-0.19160432500751556,-0.14301278749523605,2023-05-08,2026-08-28,,,-0.19160432500751556,-0.14301278749523605,-0.048591537512279515
UANG,1480,5.873015873015873,13784200.999999989,0.014147008547008549,32,0.45675675675675675,0.30822614312594565,0.5871010353568076,2020-07-06,2026-08-28,,,0.30822614312594565,0.5871010353568076,-0.2788748922308619
UCID,1609,6.384920634920635,303587900.99999976,0.009966812227074236,40,0.42075823492852704,-0.1319874328420091,-0.16348425141711098,2019-12-20,2026-08-28,,,-0.1319874328420091,-0.16348425141711098,0.03149681857510189
UDNG,672,2.6666666666666665,432262001.0000007,0.014003361344537814,14,0.4806547619047619,1.9258650350111899,1.7194978388515567,2023-10-31,2026-08-28,,,1.9258650350111899,1.7194978388515567,0.20636719615963317
UFOE,1342,5.325396825396825,437993528.99834365,0.010728205128205128,34,0.47466467958271236,-0.24984381378066967,0.0567242044583951,2021-02-01,2026-08-28,,,-0.24984381378066967,0.0567242044583951,-0.30656801823906477
ULTJ,5146,20.42063492063492,357924500.9999997,0.010251162790697675,124,0.5091333074232414,0.029989579657107912,0.1802036801130109,2005-09-29,2026-08-28,0.21342549755721807,0.4654251523984607,-0.0653040984847233,0.03203427848754847,-0.150214100455903
UNIC,6440,25.555555555555557,1175001.0,0.009269724770642203,146,0.5259316770186335,-0.09051967300335328,0.13611997486339256,2000-10-02,2026-08-28,-0.17063021237885623,0.036438162647178585,-0.0034103732370803774,0.24446954030626045,-0.22663964786674584
UNIQ,1318,5.23015873015873,2053036400.9999979,0.013536507936507937,31,0.5,0.26973468369609144,-0.05200805065081926,2021-03-08,2026-08-28,,,0.26973468369609144,-0.05200805065081926,0.3217427343469107
UNIT,3695,14.662698412698413,84250.99999999994,0.01379672131147541,90,0.4027063599458728,-0.4366651532546849,-0.11006891928460805,2004-04-29,2019-04-08,-0.3445866062596584,-0.10579396267828356,-0.5405159659462717,-0.11676780219338467,-0.32659623397007687
UNSP,3488,13.841269841269842,5282710001.000006,0.009236363636363636,62,0.387901376146789,0.02169602507867041,-0.23059889311645965,2004-11-04,2019-04-08,0.14811259838381652,-0.22349842256326446,-0.14253084753038037,-0.24114304712339607,0.25229491819513006
UNTD,604,2.3968253968253967,1169873250.9999993,0.016835955056179776,13,0.4304635761589404,-0.09526851114362545,-0.3369190769954492,2024-02-07,2026-08-28,,,-0.09526851114362545,-0.3369190769954492,0.24165056585182376
UNTR,6458,25.626984126984127,66514610000.999985,0.00691578947368421,135,0.5735521833384949,0.14401803930157642,0.2168470798427642,2000-09-05,2026-08-28,0.27652338011790367,0.35914731453882465,0.035901224266378096,0.0913201713057239,-0.07282904054118777
UNVR,5678,22.53174603174603,39557033750.99996,0.008259574468085106,141,0.5172595984501585,-0.027321657643128883,0.08171753760021394,2003-09-03,2026-08-28,0.07054425600894154,0.30284655923614534,-0.09534721041167937,-0.05810788089561825,-0.10903919524334282
URBN,1877,7.448412698412699,37805900.99999995,0.015033962264150942,44,0.40756526371870005,-0.19889151372135438,-0.24866878430988792,2018-12-10,2026-08-28,,,-0.19889151372135438,-0.24866878430988792,0.04977727058853354
UVCR,1225,4.861111111111111,380464500.99999964,0.013864462809917356,25,0.39918367346938777,-0.03952866006249012,0.05617985685633986,2021-07-27,2026-08-28,,,-0.03952866006249012,0.05617985685633986,-0.09570851691882998
VAST,843,3.3452380952380953,234068251.0000003,0.01671111111111111,20,0.5136417556346382,-0.0843388036140531,0.03138559696208176,2023-02-08,2026-08-28,,,-0.0843388036140531,0.03138559696208176,-0.11572440057613487
VERN,450,1.7857142857142858,339626001.00000006,0.0134125,10,0.47333333333333333,0.39605768246770934,0.13310356851322536,2024-10-08,2026-08-28,,,0.39605768246770934,0.13310356851322536,0.262954113954484
VICI,1370,5.436507936507937,324375001.0000002,0.01407457627118644,32,0.4751824817518248,-0.13550859347838673,0.4034022313532708,2020-12-17,2026-08-28,,,-0.13550859347838673,0.4034022313532708,-0.5389108248316575
VICO,3228,12.80952380952381,3706399.018905639,0.013526614949826085,65,0.38135068153655516,-0.06317092349221298,-0.02031586846923883,2013-07-08,2026-08-28,,,-0.06317092349221298,-0.02031586846923883,-0.04285505502297415
VINS,2679,10.630952380952381,8877551.000000002,0.014295652173913043,70,0.45278088839119074,-0.2034701812276526,0.05468433222498792,2015-09-28,2026-08-28,,,-0.2034701812276526,0.05468433222498792,-0.2581545134526405
VISI,593,2.3531746031746033,1266448775.9999998,0.014609009009009008,11,0.5345699831365935,0.7814722134025194,1.2195206034148431,2024-02-27,2026-08-28,,,0.7814722134025194,1.2195206034148431,-0.43804839001232376
VIVA,3630,14.404761904761905,1076482800.9999988,0.013233587786259542,61,0.349862258953168,0.10267117766830669,-0.14390037249763976,2011-11-21,2026-08-28,0.05549067682364628,-0.07186324655858589,0.10862512990765483,-0.15319612634813962,0.24657155016594645
VKTR,762,3.0238095238095237,9150049201.000008,0.013351937984496125,19,0.4566929133858268,0.47178277179843997,1.0445748216440314,2023-06-19,2026-08-28,,,0.47178277179843997,1.0445748216440314,-0.5727920498455914
VOKS,6058,24.03968253968254,6127150.999999997,0.01151715976331361,144,0.4641795972268075,-0.046820778844040345,0.07916954975011015,2002-03-19,2026-08-28,0.0617289856486547,0.22280518906579094,-0.12809931603640523,-0.03296108345240012,-0.1259903285941505
VRNA,4463,17.71031746031746,16586751.000000013,0.015897598167248762,124,0.4752408693703787,-0.2880173099206442,-0.0013111846311609776,2008-06-25,2026-08-28,-0.203906965015626,0.04729463803379419,-0.31763040478323334,-0.01920518307485586,-0.28670612528948325
VTNY,881,3.496031746031746,3748356101.0000043,0.0121359477124183,20,0.4086265607264472,-0.29996345116237266,-0.3648748742939383,2022-12-15,2026-08-28,,,-0.29996345116237266,-0.3648748742939383,0.06491142313156562
WAPO,6251,24.805555555555557,4689401.0,0.01858701298701299,170,0.43353063509838424,-0.39365106894444724,-0.039387775674179615,2001-06-22,2026-08-28,-0.5159171858190259,-0.12029024855257098,-0.2450634439155175,0.050090869873206545,-0.3542632932702676
WEGE,2144,8.507936507936508,1235313000.9999979,0.011314285714285714,45,0.4594216417910448,-0.05157822679017887,-0.1605285798585957,2017-11-30,2026-08-28,,,-0.05157822679017887,-0.1605285798585957,0.10895035306841683
WEHA,4720,18.73015873015873,287331434.4577183,0.01235728483683677,111,0.4588983050847458,0.0025785150473340845,-0.06178111835852995,2007-06-04,2026-08-28,0.04570723891307105,-0.13679038871416127,-0.01665657020839506,-0.025125773414878427,0.06435963340586404
WGSH,1134,4.5,171474650.9999998,0.01858701298701299,25,0.47883597883597884,-0.1842965761230032,0.1826853761556715,2021-12-06,2026-08-28,,,-0.1842965761230032,0.1826853761556715,-0.3669819522786747
WICO,4370,17.341269841269842,3079501.000000001,0.018258227848101265,109,0.41350114416475975,-0.36402622390349637,0.061278496588278,2001-04-05,2019-04-08,-0.4990137228538124,-0.10138467773259285,0.036523829358806825,0.48759286854188266,-0.42530472049177437
WIDI,750,2.9761904761904763,132966200.99999978,0.0456,18,0.4533333333333333,-0.19560295871216904,-0.3840817074009776,2023-07-10,2026-08-28,,,-0.19560295871216904,-0.3840817074009776,0.18847874868880854
WIFI,1363,5.408730158730159,27984625851.0,0.009616064257028111,33,0.43066764490095377,0.14680987300360515,0.23169329131156324,2020-12-30,2026-08-28,,,0.14680987300360515,0.23169329131156324,-0.08488341830795809
WIIM,3358,13.325396825396826,1037032600.9999982,0.015033962264150942,71,0.4523525908278737,0.14764680867141844,0.10719822236844267,2012-12-26,2026-08-28,-0.2027446132427787,0.23479308351453954,0.16406203301581912,0.10354272542023946,0.040448586302975764
WIKA,4622,18.341269841269842,17387110000.999996,0.010526108374384236,86,0.4558632626568585,0.06984040779678535,-0.039240420847684976,2007-10-29,2026-08-27,0.3162719777971428,0.2897284130002771,-0.021051155582108017,-0.15621739580205163,0.10908082864447033
WINE,863,3.4246031746031744,226544326.00000018,0.012311409395973154,21,0.37543453070683663,-0.35619851836908567,-0.06841365691207624,2023-01-10,2026-08-28,,,-0.35619851836908567,-0.06841365691207624,-0.28778486145700943
WINR,1039,4.123015873015873,34402601.000000015,0.02940952380952381,17,0.39557266602502406,-0.13835560653146484,-0.3706968398231779,2022-04-25,2026-08-28,,,-0.13835560653146484,-0.3706968398231779,0.23234123329171308
WINS,3872,15.365079365079366,752747963.5432348,0.0119958633005235,93,0.4682334710743802,-0.05258231005478553,0.03423751153293875,2010-11-29,2026-08-28,-0.013271798748980657,0.21934665079290627,-0.05483631869245842,0.002540754184907401,-0.08681982158772428
WIRG,1053,4.178571428571429,13439220750.999998,0.014774311926605506,22,0.4131054131054131,0.12299452384518883,-0.23696046414273642,2022-04-04,2026-08-28,,,0.12299452384518883,-0.23696046414273642,0.35995498798792525
WMPP,1134,4.5,232501.00000000017,0.027822222222222224,9,0.2583774250440917,0.21488510104986203,-0.3201841082511818,2021-12-06,2026-08-28,,,0.21488510104986203,-0.3201841082511818,0.5350692093010438
WMUU,1341,5.321428571428571,1810753676.0000005,0.025207843137254902,26,0.41312453392990306,-0.10492637276414163,-0.25483216073926396,2021-02-02,2026-08-28,,,-0.10492637276414163,-0.25483216073926396,0.14990578797512233
WOMF,5345,21.21031746031746,44308201.00000007,0.013536507936507937,139,0.4671655753040225,-0.14285927808253718,-0.00827766403748964,2004-12-13,2026-08-28,-0.16478363980863076,-0.12434956197958036,-0.12111314300714882,0.07573441754831767,-0.13458161404504754
WOOD,2259,8.964285714285714,4286025501.0,0.010478048780487805,55,0.43293492695883135,-0.015766157979322015,-0.02360770118554556,2017-06-22,2026-08-28,,,-0.015766157979322015,-0.02360770118554556,0.007841543206223545
WOWS,1639,6.503968253968254,62635751.00000008,0.0256,29,0.3849908480780964,-0.031930485280370235,-0.27076510941025167,2019-11-08,2026-08-28,,,-0.031930485280370235,-0.27076510941025167,0.23883462412988143
WSBP,657,2.607142857142857,31027636976.000004,0.010407692307692309,13,0.380517503805175,-0.03730908630776664,-0.07479246696294117,2016-09-20,2019-04-08,,,-0.03730908630776664,-0.07479246696294117,0.037483380655174536
WTON,3038,12.055555555555555,3410481000.9999995,0.01134712643678161,66,0.4381171823568137,-0.05576677384246942,-0.1551615573645314,2014-04-08,2026-08-28,,,-0.05576677384246942,-0.1551615573645314,0.09939478352206199
YELO,1908,7.571428571428571,307807163.57102543,0.024830769230769233,42,0.41352201257861637,-0.12633142366959615,-0.11587294454544184,2018-10-29,2026-08-28,,,-0.12633142366959615,-0.11587294454544184,-0.010458479124154318
YPAS,4535,17.996031746031747,623801.0000000001,0.01379672131147541,124,0.4654906284454245,-0.27875977246779426,0.04951824905209712,2008-03-05,2026-08-28,-0.24782561074563092,0.02896431073077621,-0.29086823182200117,0.05792036202373407,-0.3282780215198914
YULE,5345,21.21031746031746,80966.96755981445,0.01291722322008065,152,0.5030869971936389,-0.35585309455338066,0.15304713150627514,2004-12-10,2026-08-28,-0.4948910605513297,-0.021087234634377783,-0.24486699331113926,0.28331257615814587,-0.5089002260596558
ZATA,906,3.5952380952380953,45293151.000000045,0.0256,16,0.4139072847682119,0.009790861852571275,-0.17590518466456928,2022-11-10,2026-08-28,,,0.009790861852571275,-0.17590518466456928,0.18569604651714056
ZINC,2181,8.654761904761905,15973614401.000017,0.016469565217391305,45,0.3626776707932141,-0.10449415061290523,-0.05185203031130248,2017-10-16,2026-08-27,,,-0.10449415061290523,-0.05185203031130248,-0.05264212030160276
ZONE,1874,7.436507936507937,78292500.99999994,0.014528571428571429,47,0.45090715048025615,-0.013606749786594818,0.05772086565220147,2018-12-13,2026-08-28,,,-0.013606749786594818,0.05772086565220147,-0.07132761543879629
ZYRX,1303,5.170634920634921,74653576.00000003,0.01118659217877095,29,0.3231005372217959,-0.3180848079118944,-0.13319527243373008,2021-03-30,2026-08-28,,,-0.3180848079118944,-0.13319527243373008,-0.18488953547816434
