ticker,tv,bars,cost,beat,trades,expo,win,mean_tr,med_tr,null_beat,null_win,null_mean
AADI,94427166250.99998,409,0.008794888178913739,False,9,0.5525672371638142,0.5555555555555556,0.06444803056247589,0.002699367980891522,0.0,0.5444444444444444,0.025626537752104717
AALI,13658842501.000021,6307,0.007862443438914027,False,146,0.531155858569843,0.3561643835616438,0.019928532885060392,-0.029531144888007246,0.0,0.4794520547945205,0.018755117971230473
ABBA,1779501.0000000007,3258,0.016352688172043012,False,76,0.39594843462246776,0.13157894736842105,-0.044967061927101655,-0.05641679073614554,0.2,0.22236842105263158,-0.003971047847203594
ABDA,1.0,6171,0.008541176470588236,False,123,0.4997569275644142,0.34146341463414637,0.005902292427311485,-0.008541176470588236,0.0,0.3703252032520325,0.013681460055257213
ABMM,55248751.0,3620,0.009303703703703703,False,98,0.4740331491712707,0.1836734693877551,-0.024633499067583296,-0.04384698536413639,0.15,0.3795918367346939,-0.002430576618236824
ACES,10849414750.999992,4612,0.012266666666666667,False,109,0.5197311361665221,0.29357798165137616,-0.0015416300882048642,-0.03448877286599097,0.0,0.4596330275229358,0.00044134170156887324
ACRO,341235201.0000005,623,0.01858701298701299,False,16,0.4317817014446228,0.25,-0.05283108341953845,-0.05957235595489341,0.55,0.36875,-0.013269904492156629
ACST,475941544.29199207,3238,0.014504956654101678,True,67,0.42063001852995674,0.2835820895522388,-0.0004907678233080657,-0.033922461481952104,0.65,0.3283582089552239,-0.025155479947145686
ADES,57062501.00000004,6287,0.009732231404958679,True,144,0.46349610306982664,0.2986111111111111,0.06464859625836614,-0.029651759910002316,0.0,0.39479166666666665,0.02392559909492382
ADHI,6972943801.000007,5538,0.013171570379927944,True,116,0.4624413145539906,0.3103448275862069,0.04083953636236076,-0.041907791024110796,0.05,0.3887931034482759,-0.000529642092784065
ADMF,60320001.000000015,5528,0.009698360655737705,False,107,0.43216353111432704,0.2897196261682243,0.021313310780686788,-0.01679035903616244,0.0,0.37149532710280375,0.010462805075986046
ADMG,180165000.9999998,5985,0.01070204081632653,False,137,0.4456140350877193,0.2846715328467153,0.016578874902903225,-0.04011380552220889,0.05,0.38686131386861317,0.0014299254566976936
ADMR,45653711126.000046,1115,0.009290036900369003,False,26,0.4609865470852018,0.38461538461538464,0.005476398121278574,-0.0490259699696905,0.0,0.47884615384615387,0.033489433988992935
ADRO,75464018500.99986,4447,0.008603003003003002,False,108,0.5367663593433776,0.42592592592592593,0.020284557883969326,-0.016571741979911587,0.0,0.4930555555555556,0.008901016795075191
AEGS,250958850.99999982,707,0.02832727272727273,True,15,0.43988684582743987,0.3333333333333333,0.0033046525446676447,-0.06999393939393936,0.45,0.37,-0.016187625426025195
AGAR,2298300.999999999,1624,0.012334006734006734,False,41,0.3620689655172414,0.12195121951219512,0.1337190660554676,-0.061114494538884824,0.05,0.3280487804878049,0.06310119246425741
AGII,300572001.0000001,2441,0.009929004329004329,True,50,0.3969684555510037,0.4,0.037389093252800765,-0.027401665153926932,0.15,0.374,0.015384188748274078
AGRO,369855678.76101655,5471,0.015152478286244348,True,97,0.36483275452385305,0.31958762886597936,0.049017299066427884,-0.03128149310790064,0.05,0.2690721649484536,0.0009465931293135412
AGRS,63171354.15777578,2865,0.016328959768447258,False,76,0.39092495636998253,0.21052631578947367,-4.784461262536428e-05,-0.0557210205849519,0.3,0.30855263157894736,0.0027262868309367587
AHAP,1349991.654903412,5670,0.021729032258064516,False,150,0.47354497354497355,0.20666666666666667,-0.03879938000849284,-0.07053858830821394,0.0,0.365,-0.004379169375086766
AIMS,510000.9999999998,6231,0.012266666666666667,False,137,0.39897287754774513,0.24817518248175183,-0.004265552485993109,-0.06754304857621442,0.1,0.29781021897810217,0.011635751098132455
AISA,1022370876.0000007,5889,0.014220689655172414,False,127,0.42333163525216505,0.25196850393700787,0.01354655582277159,-0.04320614033515745,0.05,0.3291338582677165,-0.006145701772943653
AKKU,299994.34663000004,3559,0.0256,False,98,0.3810059005338578,0.11224489795918367,-0.29286569604438806,-0.45743830008367675,0.1,0.21326530612244898,0.06654858092812786
AKPI,1000.9999999999998,6025,0.012794244604316548,False,145,0.44,0.2,-0.02969159517787666,-0.0469822551918373,0.15,0.2827586206896552,0.0001463919874089084
AKRA,32567891250.999966,5147,0.011482352941176471,False,130,0.5523605984068389,0.35384615384615387,0.0094827879466722,-0.029739288311479067,0.0,0.48423076923076924,0.013946714986369867
AKSI,285000.99999999994,4579,0.013600000000000001,False,77,0.3282376064642935,0.22077922077922077,0.04229259573345381,-0.030694045805347903,0.1,0.2525974025974026,0.020907753417262014
ALDO,73529701.0,3718,0.015297990666483071,False,87,0.5134480903711673,0.3103448275862069,0.0018646990111439838,-0.02244088700493529,0.0,0.3545977011494253,0.011013329796040116
ALII,1862125501.000001,604,0.01485925925925926,False,14,0.5298013245033113,0.42857142857142855,0.03465462668811806,-0.03208314238475942,0.0,0.4035714285714286,0.00441711550875393
ALKA,195301.00000000003,6119,0.01185,False,98,0.3230920084981206,0.2653061224489796,0.06710937719392142,-0.031028921568627493,0.0,0.2576530612244898,0.043151120446046735
ALMI,7625200.9999999935,4191,0.012266666666666667,False,112,0.49558577905034595,0.29464285714285715,0.003203126245892735,-0.0446990990990991,0.05,0.43973214285714285,0.0056868296015433915
ALTO,102323651.00000003,1672,0.0112657223796034,False,42,0.48086124401913877,0.11904761904761904,-0.01304877677694429,-0.024469042486721066,0.1,0.25595238095238093,-0.0023277542397113224
AMAG,24149801.000000026,5088,0.012544444444444445,False,135,0.5037342767295597,0.26666666666666666,0.0013142291669252942,-0.02544754174690209,0.0,0.37074074074074076,0.0018546253005342055
AMAN,151017000.99999994,1553,0.013664516129032259,False,39,0.48036059240180295,0.28205128205128205,0.0010275410991630529,-0.03366451304331537,0.25,0.36538461538461536,0.0038424005340293725
AMAR,286512350.9999999,1599,0.0132043192013237,True,34,0.45528455284552843,0.3235294117647059,0.034798959439223405,-0.02990001401823944,0.05,0.3161764705882353,-0.012607684530021621
AMFG,56951875.999999955,6015,0.007931002331002331,True,133,0.5035743973399833,0.3458646616541353,0.021344761858349364,-0.024690644333116657,0.05,0.412406015037594,0.0019540188479717255
AMIN,8957951.000000015,2627,0.014003361344537814,False,72,0.47011800532927295,0.25,-0.019022385980656222,-0.05897206125795749,0.1,0.4076388888888889,0.0018949269824239249
AMMN,233402286251.00006,751,0.009048275862068966,False,14,0.4540612516644474,0.42857142857142855,0.00447050288096118,-0.027350436766662045,0.05,0.4785714285714286,0.034465666661518665
AMMS,60052051.0000001,975,0.02733913043478261,False,18,0.41435897435897434,0.3888888888888889,0.0600815259370407,-0.0829513753327418,0.0,0.35555555555555557,0.02504112914548221
AMOR,27477001.0,1372,0.010575124378109452,True,30,0.4096209912536443,0.3,-0.018062973857668183,-0.047401425506572364,0.75,0.31333333333333335,-0.024688103759884138
AMRT,196312500.99999973,4330,0.013292307692307694,False,106,0.5020785219399538,0.24528301886792453,-0.0047180468289742,-0.03850954627089146,0.0,0.41226415094339625,0.008309012426804476
ANDI,16106951.000000017,1958,0.0256,True,29,0.29775280898876405,0.2413793103448276,-0.032794684521960805,-0.08115555555555558,0.6,0.23620689655172414,-0.0074968158220975805
ANJT,60993501.00000002,3260,0.010005286343612335,True,67,0.4539877300613497,0.3283582089552239,0.02022116730079078,-0.02523370042302578,0.1,0.3567164179104478,0.0014790708625932927
ANTM,46060843000.99992,5147,0.009320340480183691,False,97,0.4557994948513697,0.35051546391752575,0.02833475072645291,-0.03191912669611684,0.05,0.40309278350515465,0.024766047008058963
APEX,36341600.99999997,4579,0.008408988764044945,True,72,0.30268617602096526,0.2777777777777778,0.01336284896657804,-0.020105295193593498,0.75,0.2375,-0.003216634911867296
APIC,38374987.251090966,5561,0.015229147212332057,False,111,0.4094587304441647,0.21621621621621623,-0.053567350807492906,-0.034646622940487384,0.3,0.27207207207207207,0.0036535390729763436
APII,1656051.0000000002,3147,0.010754639175257732,False,97,0.4744200826183667,0.14432989690721648,-0.025828284682738064,-0.03158792510764183,0.15,0.31082474226804124,-0.008584375052186332
APLI,3255000.999999999,6471,0.01794567901234568,False,197,0.4679338587544429,0.15228426395939088,-0.0471680954677853,-0.046791903263417096,0.0,0.31725888324873097,-0.008422022517985408
APLN,2880562500.9999957,3882,0.010728205128205128,True,88,0.4750128799587841,0.3522727272727273,-0.0025802890626918625,-0.0400139113743396,0.35,0.38977272727272727,-0.008308984654047252
ARCI,2425988001.000004,1245,0.011005405405405407,True,24,0.4570281124497992,0.375,0.07325427388310668,-0.013878937150169142,0.25,0.4354166666666667,0.03004808005565634
AREA,1084362751.0000005,572,0.0121359477124183,False,14,0.5034965034965035,0.2857142857142857,0.015497580319379896,-0.06141895853389065,0.25,0.4607142857142857,0.06038063913918066
ARGO,1.0,5706,0.0106,True,32,0.16859446196985628,0.25,0.08494288434587055,-0.0106,0.1,0.1625,0.004694066740291413
ARII,18411101.000000007,3639,0.010197701149425288,False,94,0.4413300357241,0.24468085106382978,-0.007904549056618077,-0.04621870825476974,0.55,0.3627659574468085,-0.005542678253168461
ARKO,2218724751.000003,994,0.011171030640668524,False,22,0.48490945674044267,0.3181818181818182,0.195912574471647,-0.027048046769700775,0.0,0.47954545454545455,0.10804966803277782
ARMY,1896391400.9999983,469,0.012178947368421053,True,10,0.3752665245202559,0.1,-0.023080803379765986,-0.04517298036245403,0.5,0.325,-0.011382725759635661
ARNA,614372900.9999989,5146,0.00987807486631016,False,133,0.5198212203653323,0.3082706766917293,-0.005813009661595558,-0.03326994569937165,0.0,0.45338345864661656,0.009718956128303218
ARTA,712501.0000000002,5893,0.010538271604938271,False,131,0.44595282538605124,0.1984732824427481,0.02625509705442441,-0.03276054865523205,0.05,0.33396946564885494,0.01631554783319154
ARTI,19160000.999999985,3919,0.012379661016949152,True,79,0.396274559836693,0.26582278481012656,0.006275118447210217,-0.030236803874092055,0.5,0.25126582278481013,-0.005383353717663731
ARTO,5079744751.000003,2609,0.008523976608187135,False,62,0.4695285550019164,0.3225806451612903,0.13890853748437965,-0.03322707347387025,0.05,0.4459677419354839,0.06503166212773635
ASBI,1222100.9999999998,6439,0.01420215053763441,False,173,0.4933995962105917,0.1907514450867052,-0.027792404075925595,-0.04017634227840139,0.1,0.35028901734104045,0.00010908592515007867
ASDM,740751.0000000003,6007,0.010145454545454544,False,178,0.5228899617113367,0.2696629213483146,-0.011447248811394355,-0.030050351934757556,0.0,0.3851123595505618,0.007956075326813689
ASGR,394649500.9999994,5146,0.010863157894736842,False,124,0.5097162844928099,0.29838709677419356,0.015568701129960543,-0.028800792219708205,0.0,0.41774193548387095,0.009791214790389097
ASHA,1179247900.9999995,1023,0.023457142857142857,True,18,0.4066471163245357,0.2222222222222222,0.12156457415000713,-0.05336013315617279,0.75,0.3416666666666667,0.06633638692037604
ASII,170553087501.0001,6428,0.010316981132075471,False,151,0.5469819539514623,0.32450331125827814,0.023317873793114174,-0.02460255503301257,0.0,0.4870860927152318,0.01210900572672301
ASJT,316062.19370269775,5595,0.011405946754429165,False,90,0.33011617515638964,0.23333333333333334,0.004030666529009443,-0.03138414353795558,0.05,0.255,0.0056268987246753535
ASLC,1715287301.0000005,1099,0.016126315789473683,True,24,0.38034576888080074,0.25,-0.028419712596846742,-0.05678565644881431,0.8,0.34375,-0.023570983554584958
ASLI,46300001.000000075,627,0.0256,True,12,0.4003189792663477,0.25,0.19903769652631711,-0.03540392156862747,0.25,0.21666666666666667,0.12706506932062397
ASMI,126491050.99999984,3094,0.010976344086021505,True,62,0.4793148028442146,0.3225806451612903,0.00726064624504712,-0.02230829626984705,0.3,0.3943548387096774,-0.010371888297425375
ASPI,229651101.00000033,1572,0.012544444444444445,False,37,0.47837150127226463,0.2702702702702703,0.07568058095485183,-0.0466353535353535,0.1,0.43513513513513513,0.02303859286963477
ASRI,6448888951.000002,4583,0.013600000000000001,True,98,0.4837442723107135,0.336734693877551,0.030848675572247776,-0.03806503045158771,0.2,0.4061224489795918,-0.0016344218897120103
ASRM,152500.9966430665,5147,0.015527271556759807,False,98,0.3738099863998446,0.20408163265306123,-0.007193370968947309,-0.02878088448970078,0.0,0.23469387755102042,0.002470219840902327
ASSA,3186169450.0186467,3386,0.00968916215416034,True,70,0.4616066154754873,0.34285714285714286,0.08790200796575846,-0.034329966194960274,0.05,0.4,0.012134547673857438
ATAP,40181700.99999995,1374,0.017364705882352942,False,26,0.4279475982532751,0.19230769230769232,0.17497091985355265,-0.05098398660860797,0.25,0.3096153846153846,0.09511535878427797
ATIC,7297500.9999999935,2732,0.013351937984496125,False,69,0.462298682284041,0.15942028985507245,-0.04015765120801226,-0.044601937984496125,0.15,0.3521739130434783,-0.005603550932375125
ATLA,435977500.9999998,567,0.0256,True,9,0.3315696649029982,0.1111111111111111,-0.08628877222318349,-0.044467916287088835,0.85,0.13333333333333333,-0.03908449172703188
AUTO,608849609.9411916,6386,0.009197122302158273,False,142,0.5089257751331037,0.4014084507042254,0.029411198014068198,-0.02277997843831689,0.0,0.4545774647887324,0.008847561385979672
AVIA,8346935500.999987,1132,0.0155009900990099,False,24,0.4037102473498233,0.25,-0.03180282129899121,-0.06468274555357861,0.6,0.33125,-0.02066069138610741
AWAN,3186905851.000003,797,0.013007407407407409,False,19,0.45796737766624845,0.21052631578947367,-0.049317110500816996,-0.06706146146146147,0.15,0.44473684210526315,-0.01225445547625293
AXIO,173029250.99999982,986,0.012742857142857143,False,21,0.41683569979716023,0.2857142857142857,-0.015475515907356217,-0.021363544436552615,0.25,0.3547619047619048,-0.01745598984205224
AYAM,13638794301.0,650,0.012311409395973154,False,12,0.5938461538461538,0.5,0.14176678765522205,0.006220059135495322,0.15,0.6083333333333333,0.09060810296184066
AYLS,348584900.99999994,1575,0.01858701298701299,True,28,0.4438095238095238,0.25,0.08774539249264876,-0.05315161764507559,0.45,0.2910714285714286,0.044165601788624366
BABP,11242500.999999993,5975,0.01709425287356322,False,123,0.43665271966527197,0.22764227642276422,-0.024442462812843093,-0.040903776683087055,0.15,0.29227642276422766,-0.006558689383646095
BABY,854542400.9999999,709,0.013536507936507937,False,13,0.44992947813822287,0.46153846153846156,-0.005322985403954951,-0.0041025456723568846,0.55,0.5,0.021088216214822562
BACA,28343250.99999998,4633,0.013062686567164179,False,142,0.45262249082667816,0.11267605633802817,-0.02663427731006618,-0.042693943798880515,0.0,0.2676056338028169,-0.009467830524966171
BAIK,210978900.9999999,604,0.015909278350515463,True,13,0.5447019867549668,0.3076923076923077,0.16148510824047102,-0.03257594501718218,0.8,0.48846153846153845,0.10764075377952327
BAJA,103164601.00000007,3609,0.01185,True,77,0.4344693821003048,0.2597402597402597,0.054141874173169555,-0.04126176470588236,0.3,0.36688311688311687,0.011511602078622334
BALI,35612501.00000003,3055,0.010919148936170213,False,74,0.46088379705400984,0.28378378378378377,-0.006240055761985491,-0.03690313036057899,0.0,0.3993243243243243,0.01095363030069331
BANK,13484888501.000023,1342,0.010187155963302753,False,34,0.3859910581222057,0.058823529411764705,-0.06357218374247442,-0.05047574221492399,0.0,0.33676470588235297,-0.011752450093963014
BAPA,3187501.0000000023,4573,0.016835955056179776,False,100,0.40454843647496175,0.14,-0.018172624951259084,-0.03644379819343472,0.1,0.2115,-0.007072266424515275
BAPI,382501.00000000006,1678,0.0256,True,12,0.1364719904648391,0.16666666666666666,0.07564573702159909,-0.05685,0.9,0.2,-0.03169319009801317
BATA,468001.0000000003,3032,0.01407457627118644,False,76,0.4795514511873351,0.18421052631578946,0.008206768829052375,-0.03302476168559196,0.0,0.29407894736842105,-0.016051603661069287
BATR,199352701.00000012,533,0.017364705882352942,False,14,0.4878048780487805,0.2857142857142857,-0.030221050605013962,-0.032389503011729985,0.5,0.3392857142857143,-0.006543610155530301
BAUT,17470001.000000004,1096,0.02807191011235955,True,18,0.41514598540145986,0.2777777777777778,-0.009104330159765583,-0.05188143392188338,0.65,0.24722222222222223,-0.03545943729163724
BAYU,375251.0000000003,6156,0.010251162790697675,False,175,0.5207927225471085,0.21142857142857144,-0.03190070144589598,-0.047845116766401206,0.0,0.40685714285714286,0.00799583749908063
BBCA,166295927500.99997,5479,0.009402281368821293,False,136,0.5745574009855813,0.4117647058823529,0.005830689843772805,-0.015671760307224697,0.0,0.5235294117647059,0.011039752156408655
BBHI,314414001.0000001,2711,0.015024593722943895,False,58,0.4382146809295463,0.3448275862068966,0.13126346060931027,-0.046472021935126666,0.0,0.3586206896551724,0.06265223862677761
BBKP,3396343351.0000014,4948,0.011995457601256452,True,113,0.4385610347615198,0.2920353982300885,0.014072751487091549,-0.03141292386198272,0.1,0.3730088495575221,-0.009962480156318709
BBLD,373954.25549316395,6137,0.009844444402706948,False,151,0.5137689424800391,0.23178807947019867,-0.0011215335401844977,-0.04263125221518073,0.0,0.4009933774834437,0.015863539979978313
BBMD,164751.0,3221,0.008705590062111801,False,88,0.4892890406705992,0.17045454545454544,-0.020913310757761535,-0.02743603860162841,0.05,0.3039772727272727,-0.00567028346676846
BBNI,117201651250.99988,5599,0.009685801838610827,False,120,0.5425968923021969,0.36666666666666664,0.021735930836295003,-0.02044602367784125,0.0,0.4925,0.012407730008292282
BBRI,255974872390.05112,5630,0.00817013790898198,False,133,0.5699822380106572,0.39097744360902253,0.012031644120219336,-0.016044218751986097,0.0,0.5447368421052632,0.016911920335759265
BBRM,1610461.899234773,3350,0.020354807368668234,False,60,0.3465671641791045,0.15,-0.005021057406572838,-0.051045516340731956,0.05,0.17166666666666666,-0.02739630415412042
BBSI,52179562.33544922,1439,0.008084155472956578,False,31,0.4975677553856845,0.3870967741935484,0.06329323354714972,-0.02036916775796891,0.0,0.4338709677419355,0.04980781113505399
BBSS,130884201.00000006,1532,0.015909278350515463,False,34,0.44321148825065276,0.29411764705882354,-0.0018599312864685728,-0.04958274773827058,0.3,0.37058823529411766,-0.008559459342844323
BBTN,31331463315.96273,4101,0.009401692012826998,False,100,0.5142648134601316,0.35,0.00835012877964617,-0.027159845905370537,0.0,0.4495,-0.003937864668474007
BBYB,865602745.3213117,2861,0.012979571033156835,True,68,0.4330653617616218,0.2647058823529412,0.03125916947003223,-0.039876356060171814,0.25,0.37426470588235294,0.014781547168256694
BCAP,6007151.000000001,6261,0.01761204723878343,False,121,0.39690145344194216,0.23140495867768596,0.008956009655964083,-0.03027022716631514,0.0,0.2413223140495868,-0.0009565886028958277
BCIC,1.0,6508,0.005605,True,83,0.21450522433927474,0.20481927710843373,-0.03430175899342373,-0.04642132653061229,0.9,0.20180722891566266,-0.015026568139730261
BCIP,496535700.99999917,4104,0.013968200836820082,False,100,0.43835282651072127,0.16,-0.014355085306926802,-0.038068084692801527,0.1,0.335,-0.006187519637532669
BDKR,3231006051.0,826,0.01485925925925926,True,14,0.6331719128329297,0.42857142857142855,0.09341690154178263,-0.03066269026773257,0.45,0.5285714285714286,0.011506688078354612
BDMN,7687708501.000013,5838,0.008008982399019468,False,133,0.5226104830421378,0.3609022556390977,0.014450477658808285,-0.018216550846156795,0.0,0.48947368421052634,0.008394021859617571
BEEF,504334922.0745993,1855,0.01235356704190033,True,44,0.5029649595687331,0.29545454545454547,0.06249040472515501,-0.041691727210076635,0.45,0.4193181818181818,0.023176279800088465
BEER,152896001.00000006,865,0.010650505050505051,True,19,0.3213872832369942,0.15789473684210525,0.014540720593761061,-0.02453939393939389,0.9,0.3105263157894737,-0.016650925646378382
BEKS,6794138.797603606,6236,0.0256,False,126,0.37572161642078256,0.15873015873015872,-0.05937486243185239,-0.07321902712308902,0.05,0.24325396825396825,-0.020433884183547236
BELI,800233701.0000008,908,0.010024778761061948,True,27,0.32709251101321585,0.07407407407407407,-0.01275013745347933,-0.014449557522123901,0.75,0.1648148148148148,-0.014730698086830307
BELL,339197089.1290431,2186,0.0155009900990099,False,52,0.47118023787740165,0.2692307692307692,0.10894429826934353,-0.032158590901858186,0.1,0.3346153846153846,0.037650616925950495
BESS,126824425.99999991,1557,0.013062686567164179,True,34,0.46563904945407836,0.4117647058823529,0.15570905698312804,-0.029213668029059323,0.1,0.3926470588235294,0.046910986311686644
BEST,3827649101.0,3525,0.014147008547008549,True,77,0.4499290780141844,0.3246753246753247,-0.000626573493808497,-0.047204859786677975,0.25,0.38961038961038963,-0.009441543282625147
BFIN,129375000.9999999,6279,0.01376326530612245,False,142,0.5239687848383501,0.323943661971831,0.028071294968966563,-0.03808003868975748,0.0,0.4376760563380282,0.017856131042981047
BGTG,485489245.70282805,2534,0.017480170813710852,False,54,0.4123914759273875,0.2777777777777778,-0.004940872352489902,-0.049234203071775354,0.0,0.2740740740740741,-0.00599228332658132
BHIT,1298029550.9999995,6307,0.017504761904761905,True,124,0.4144601236721104,0.28225806451612906,0.03351201899167427,-0.03897894821772096,0.05,0.3088709677419355,-0.014492863120525317
BIKA,5127200.999999996,937,0.0106,True,28,0.38847385272145146,0.17857142857142858,-0.04549058073218164,-0.04893904948554628,0.9,0.26964285714285713,-0.02419269020739616
BIMA,1.0,3822,0.010044444444444444,False,46,0.22030350601779172,0.10869565217391304,-0.08526519131969103,-0.04871439518336066,1.0,0.12391304347826088,-0.008243789305282098
BINA,218625200.99999985,3103,0.010676142131979694,False,89,0.5078955849178215,0.2247191011235955,0.021036869881535466,-0.02853328893631173,0.0,0.35280898876404493,0.019142697221126135
BINO,174012650.99999988,1141,0.013292307692307694,True,25,0.45574057843996496,0.28,0.005202319553439316,-0.020868109543471604,0.55,0.374,-0.0072986612381120385
BIPI,3880928500.9999967,4066,0.01671111111111111,False,85,0.36866699458927693,0.17647058823529413,-0.02133761345627807,-0.055172626807551736,0.15,0.25176470588235295,-0.004282079482748057
BIPP,5251251.0,6126,0.023457142857142857,False,155,0.4464577211883774,0.17419354838709677,-0.04476868665551012,-0.048148500881834214,0.0,0.25193548387096776,-0.008364416750248736
BIRD,2024030125.9999983,2897,0.01055049504950495,True,67,0.4445978598550224,0.208955223880597,-0.004930545847794336,-0.04513248785374774,0.6,0.3805970149253731,-0.008610595229091977
BISI,222338750.99999973,4724,0.010407692307692309,False,79,0.35182049110922947,0.3037974683544304,0.02386543960562566,-0.031097370675955607,0.1,0.31772151898734174,0.008216945937194048
BJBR,8981894708.18415,3966,0.009885294753683957,False,102,0.48940998487140697,0.27450980392156865,0.00803924034170129,-0.023430963475722565,0.0,0.40441176470588236,-0.0009236917842916438
BJTM,4239346751.000002,3468,0.014220689655172414,False,78,0.5074971164936563,0.38461538461538464,0.0072976324898708,-0.017668915069747427,0.0,0.39166666666666666,-0.00317580329038984
BKDP,5837000.999999998,2903,0.016469565217391305,False,78,0.47640372028935585,0.16666666666666666,-0.039135182196297635,-0.05933545621555421,0.15,0.35192307692307695,-0.01748783836851951
BKSL,1.0,5147,0.015958080499241273,True,41,0.1869049931999223,0.2926829268292683,0.025990894014051847,-0.015958080499241273,0.75,0.22195121951219512,-0.002474532451031672
BKSW,910901.0,5882,0.012794244604316548,False,149,0.46684801088065286,0.174496644295302,-0.023302538899709582,-0.040963286367983964,0.15,0.3345637583892617,-0.007126851141920664
BLES,726202101.0,515,0.011314285714285714,False,14,0.4155339805825243,0.14285714285714285,-0.010279480615913463,-0.03412375573148168,0.35,0.39285714285714285,-0.009743208547100693
BLTA,57914862.035293505,6088,0.01070204081632653,True,63,0.26576872536136664,0.30158730158730157,0.03564331201727588,-0.037968072143657494,0.8,0.21746031746031746,-0.0003879132713668585
BLTZ,1.0,1245,0.008933333333333333,False,27,0.5445783132530121,0.2962962962962963,0.039916646364686593,-0.04226666666666666,0.15,0.37777777777777777,0.027096462794369443
BLUE,57579000.999999925,1728,0.010625125628140704,False,40,0.53125,0.25,0.22725284099936838,-0.028760098316162427,0.05,0.4225,0.09672373150707635
BMAS,1604898.2584991467,3224,0.012261528756608825,False,99,0.4857320099255583,0.18181818181818182,-0.03788632949085553,-0.0533574427139101,0.0,0.3661616161616162,0.004386763604876064
BMBL,56170701.00000008,862,0.04131428571428571,True,18,0.4466357308584687,0.16666666666666666,0.07984656472573354,-0.05195258358662616,0.65,0.33055555555555555,-0.025909015116404872
BMHS,344411000.9999999,1239,0.011552380952380953,False,33,0.3454398708635997,0.15151515151515152,-0.04565608003714925,-0.05051343678478257,0.25,0.2681818181818182,-0.024486334332664207
BMRI,212722765000.99973,5715,0.009723711340206186,False,132,0.5623797025371828,0.4015151515151515,0.014589345811676847,-0.020308404081583152,0.0,0.5253787878787879,0.012926847151862169
BMSR,720000.9999999995,6078,0.01185,False,147,0.4629812438302073,0.2108843537414966,-0.014169235445421034,-0.061850000000000044,0.1,0.34217687074829933,0.015561659568065983
BMTR,7536543751.000005,5146,0.010663291139240506,True,113,0.44850369218810726,0.2920353982300885,0.017204932095806653,-0.04422033811910623,0.05,0.38893805309734514,-0.004222272793823387
BNBA,37474927.46941381,4975,0.015297838547768804,False,114,0.49829145728643215,0.2807017543859649,0.037942691041195055,-0.035341518444740615,0.0,0.38903508771929823,0.0072621486358161276
BNBR,1.0,6446,0.008231578947368421,False,72,0.17700899782811044,0.19444444444444445,-0.05470778175949639,-0.09156490822245722,0.55,0.19444444444444445,0.004455392243361072
BNGA,2728279245.341154,5867,0.010781347150259067,False,125,0.49531276632009547,0.352,0.028589564470558174,-0.024670216486172777,0.0,0.438,0.011841377258661544
BNII,253373600.99999967,5389,0.013292307692307694,False,120,0.4273520133605493,0.21666666666666667,0.005227200018305911,-0.03622644949192736,0.0,0.32875,-0.006700000478360627
BNLI,175110206.06127936,5479,0.010891005291005292,False,120,0.4838474174119365,0.30833333333333335,0.01821857103701702,-0.024927722655919644,0.1,0.4058333333333333,0.006669602196958413
BOAT,905337850.999999,425,0.013175757575757577,True,6,0.4470588235294118,0.5,0.1609371686865874,0.10854990614105658,0.4,0.425,0.012540674366353166
BOBA,38047200.999999955,1159,0.011155555555555556,False,29,0.44089732528041414,0.1724137931034483,-0.02750512566829644,-0.036665948777261786,0.55,0.35172413793103446,-0.004972070406458379
BOGA,4922028501.000001,2384,0.010104504504504504,False,61,0.45931208053691275,0.26229508196721313,0.010538928547480802,-0.021053409613993598,0.0,0.380327868852459,0.009000139003862652
BOLA,102542201.00000012,1742,0.011034782608695653,True,35,0.38002296211251435,0.22857142857142856,0.08626671785856584,-0.04346721504112809,0.5,0.32,0.007633222037520165
BOLT,94977500.99999997,2732,0.011217977528089888,False,67,0.4791361639824305,0.23880597014925373,-0.024781419548506718,-0.032839616610421944,0.05,0.37089552238805973,-0.008823028908158908
BPFI,327405.4739074704,4238,0.011869285999152629,False,86,0.4933931099575271,0.26744186046511625,0.011060877544700807,-0.018652118070828533,0.0,0.34244186046511627,0.003023232891825118
BPII,1.0,2925,0.010898013245033113,False,51,0.4300854700854701,0.3333333333333333,0.03560169581106946,-0.010898013245033113,0.0,0.3480392156862745,0.019224867479328892
BPTR,64503601.00000011,1988,0.0181,False,53,0.40090543259557343,0.18867924528301888,-0.01865748843397729,-0.050708662447933706,0.15,0.30283018867924527,-0.008921029544985802
BRAM,1.0,6015,0.008933333333333333,False,127,0.45270157938487116,0.2440944881889764,0.0028662473412448325,-0.03218914728682175,0.05,0.36181102362204726,0.017217410103076626
BREN,145977716251.00012,688,0.009184229390681004,False,15,0.45930232558139533,0.26666666666666666,-0.033880226546316776,-0.03851763253416099,0.0,0.44333333333333336,-0.0005807229264565924
BRIS,32214721251.000034,2030,0.008621148036253776,False,42,0.42758620689655175,0.2857142857142857,0.036010555820290745,-0.040833730708165344,0.05,0.39404761904761904,0.03143838775550293
BRMS,8160739681.121371,3864,0.011929113924050633,False,78,0.452639751552795,0.3076923076923077,0.020937122284190986,-0.029099376543896743,0.3,0.37756410256410255,0.014932999856872948
BRNA,2787426.0419235206,6432,0.014814926921759963,False,159,0.48802860696517414,0.2389937106918239,-0.011316077012022526,-0.035867531940937794,0.0,0.3786163522012579,-0.00024778439001256887
BRPT,8873064873.587368,5988,0.013981810820805733,True,126,0.46993987975951906,0.373015873015873,0.11252459223094274,-0.038446824838444464,0.0,0.41388888888888886,0.0377295516271279
BSBK,997788501.000001,908,0.024467924528301887,True,16,0.45044052863436124,0.1875,-0.03771303698653072,-0.044075767665556834,0.35,0.225,-0.043954100923868186
BSDE,18424355001.000008,4475,0.010145454545454544,False,105,0.515754189944134,0.29523809523809524,0.04161135147272765,-0.03591865042174322,0.05,0.44142857142857145,0.006632262643347576
BSIM,21632500.999999963,3823,0.01407457627118644,False,98,0.44676955270729796,0.22448979591836735,-0.01108170761732867,-0.03169879987367094,0.0,0.31581632653061226,-0.00583769430164204
BSML,5289463001.000005,1126,0.010821932114882506,False,23,0.46536412078152756,0.391304347826087,0.07172807092249199,-0.07137980859728169,0.15,0.4956521739130435,0.06884388142434436
BSSR,8450001.000000004,3387,0.008112562814070351,False,75,0.4924712134632418,0.3466666666666667,0.023072797572271056,-0.013214233375857027,0.0,0.42333333333333334,0.014884466471046963
BSWD,1.0,6030,0.010044444444444444,True,60,0.2933665008291874,0.3,0.12396219321839679,-0.010044444444444444,0.05,0.24,0.02669517007357245
BTEK,130804525.99999997,5495,0.0256,False,116,0.3776160145586897,0.1810344827586207,-0.025547250461308714,-0.08314166366389374,0.05,0.24698275862068966,0.0016167060617832997
BTEL,1089325000.9999995,3236,0.0256,True,37,0.2515451174289246,0.2702702702702703,0.022189291336026595,-0.05337777777777779,0.7,0.20945945945945946,-0.009449509459253548
BTON,1170000.9999999998,6231,0.013616032064128255,False,149,0.4864387738725726,0.24161073825503357,-0.006741020067459731,-0.04251776616817454,0.0,0.34496644295302015,0.004881499074198331
BTPN,135342001.0000002,4531,0.009387878787878789,False,100,0.46479805782387995,0.33,0.0211015416354962,-0.024626495843017304,0.05,0.375,0.0060086727058177155
BTPS,17413401501.0,2030,0.010251162790697675,False,50,0.4719211822660099,0.24,0.001949862998528058,-0.04261939495973307,0.35,0.409,-0.004385455398054089
BUAH,313284751.0000003,972,0.012667137809187278,False,19,0.4742798353909465,0.3157894736842105,0.03222978619221203,-0.0300887962899803,0.1,0.4263157894736842,0.014539586706931947
BUDI,49622851.00000003,6014,0.014528571428571429,False,160,0.4679082141669438,0.21875,-0.02135244755064731,-0.04372375199087079,0.0,0.3553125,-0.004166889517647493
BUKA,30852320526.0,1217,0.0109475935828877,True,31,0.39194741166803615,0.22580645161290322,-0.039962772139287055,-0.03972457200015393,1.0,0.3564516129032258,-0.027420960121800373
BUKK,13074751.000000019,2747,0.010501960784313726,False,77,0.45467783036039316,0.19480519480519481,0.00038067809812080886,-0.029193549569360457,0.1,0.32857142857142857,-0.003668380545874445
BULL,2168646801.000002,3753,0.011413953488372094,True,63,0.4201971755928591,0.4126984126984127,0.040168393612391544,-0.021413964590038578,0.55,0.3412698412698413,0.002909928873539645
BUMI,37499114901.00005,6262,0.01485925925925926,False,145,0.4568827850526988,0.27586206896551724,0.04684154629091364,-0.05525720491819044,0.0,0.37689655172413794,0.0157789354579705
BUVA,15196376.000000011,3963,0.015356097560975609,False,89,0.44259399444865,0.15730337078651685,0.02255935435821957,-0.05333078110527939,0.05,0.3146067415730337,0.010282720932157123
BVIC,25458455.544876076,6475,0.015049262122438997,False,164,0.4594594594594595,0.21951219512195122,-0.03536043579077706,-0.049989743589155464,0.0,0.3329268292682927,-0.0063471808637673415
BWPT,7513139739.855519,4136,0.010715089514066497,True,87,0.4497098646034816,0.2988505747126437,0.035578808091495204,-0.038492867291844285,0.25,0.3816091954022989,-0.0043173324694119565
BYAN,240075000.99999973,4430,0.009310575139146567,False,100,0.4891647855530474,0.26,0.08845222639626256,-0.022271992495551226,0.0,0.389,0.02620928464931179
CAKK,130068900.99999994,1905,0.013175757575757577,False,41,0.4561679790026247,0.3170731707317073,0.015487565748485239,-0.029935534112070464,0.2,0.38902439024390245,0.010511372553454535
CAMP,357493901.0,2131,0.012266666666666667,True,49,0.4218676677616143,0.2653061224489796,0.0031215762886777163,-0.03061529051987768,0.35,0.34183673469387754,-0.013419853130947618
CANI,17401.000000000015,1304,0.013175757575757577,False,35,0.3197852760736196,0.14285714285714285,-0.09404147643860337,-0.10719285159285159,0.35,0.21571428571428572,-6.309203347348001e-05
CARE,34653043851.0,1553,0.011155555555555556,False,37,0.5524790727623954,0.35135135135135137,0.054352293184386925,-0.01922007168458781,0.15,0.5054054054054054,0.02344074510974554
CARS,367694551.0000003,2306,0.016469565217391305,False,44,0.3490893321769297,0.22727272727272727,-0.00867701327150999,-0.04042939305096378,0.5,0.3,-0.002049678177138898
CASA,1376907000.9999993,2490,0.010501960784313726,False,66,0.47630522088353416,0.2727272727272727,0.017338576326088626,-0.023447080181046045,0.0,0.3795454545454545,0.01908327267151777
CASH,208916901.00000036,1520,0.012356756756756758,True,36,0.42039473684210527,0.25,0.03309049334544576,-0.03854723294723291,0.5,0.4,0.006465420573381015
CASS,57726601.00000006,3621,0.012178947368421053,False,96,0.5186412593206297,0.25,0.0017887799121811127,-0.02985810162789425,0.0,0.4,0.005341215697465671
CBPE,38150101.00000001,865,0.01118659217877095,False,25,0.46705202312138727,0.2,0.022839715070871843,-0.03408735011137877,0.0,0.356,0.008048386757067313
CBRE,46989451.00000003,864,0.0256,True,16,0.41087962962962965,0.1875,0.718501692890584,-0.08142191780821921,0.0,0.28125,0.11546767412937646
CBUT,29890000.999999993,908,0.00951389432485323,False,18,0.3920704845814978,0.3888888888888889,-0.012131611701766564,-0.02826389432485322,0.4,0.3972222222222222,0.023301280746710236
CCSI,105007499.58184811,1742,0.011344375215268349,False,42,0.3978185993111366,0.21428571428571427,-0.011125293061159383,-0.03581822725608466,0.15,0.33690476190476193,-0.00039102531798846296
CEKA,18297501.000000015,6286,0.012356756756756758,False,150,0.5103404390709513,0.26,-0.0025986669081736204,-0.03888362597042868,0.0,0.38766666666666666,0.009053048650225378
CENT,6292201.000000003,6156,0.02247665378414913,False,150,0.43193632228719947,0.23333333333333334,-0.013019293166366118,-0.05958452315580175,0.0,0.306,-0.0018474309170491865
CFIN,348183901.00000036,5722,0.01185,False,132,0.48287312128626353,0.30303030303030304,0.01371763098331679,-0.03114276109606004,0.0,0.4018939393939394,-0.00016022872900878343
CGAS,681449900.9999992,626,0.013007407407407409,True,14,0.41533546325878595,0.2857142857142857,0.023089353945560737,-0.04367072673980299,0.6,0.2857142857142857,-0.025152526499247426
CHEM,976992450.9999988,994,0.0157010101010101,False,29,0.40543259557344064,0.20689655172413793,-0.05952151860277042,-0.06199733597523849,0.5,0.36551724137931035,-0.013429135558572
CHIP,210882500.9999998,843,0.009108771929824561,False,16,0.37129300118623965,0.1875,-0.03208857606641337,-0.04562014891747356,0.0,0.365625,0.014063670695819952
CINT,31901500.99999997,2992,0.013474015748031497,False,81,0.40106951871657753,0.1728395061728395,-0.03045084746647489,-0.031225495037972305,0.05,0.2611111111111111,-0.011166123766435177
CITA,168501.0,6058,0.012846376811594203,False,89,0.32436447672499175,0.30337078651685395,0.016983733862801456,-0.019580299919444127,0.0,0.26741573033707866,0.013273418133118565
CITY,10527001.0,1927,0.012692198581560284,False,47,0.4229372080954852,0.23404255319148937,0.010418195326772973,-0.05898849487785657,0.25,0.32127659574468087,0.010494276938860453
CLAY,1835001.0,1848,0.011413953488372094,False,42,0.41504329004329005,0.23809523809523808,0.07104248322051918,-0.07132381926675951,0.0,0.35,0.056755307585255814
CLEO,2794364651.000005,2292,0.014003361344537814,False,56,0.49214659685863876,0.25,0.02612016270192282,-0.035837882297396796,0.0,0.4276785714285714,0.015131514512709344
CLPI,49050251.00000001,6134,0.011413953488372094,False,138,0.5081512879034887,0.3115942028985507,0.03415184481655649,-0.02096056609462998,0.0,0.36594202898550726,0.00953436817486614
CMNP,118397157.81089787,6213,0.009739074102462091,False,140,0.5005633349428618,0.2857142857142857,0.014405095559773179,-0.03687305686793156,0.05,0.4139285714285714,0.008847723738345368
CMNT,35716310251.00006,1196,0.01112486187845304,False,32,0.46321070234113715,0.21875,-0.018986625803985083,-0.03035131927755621,0.2,0.390625,-0.012370229792847512
CMPP,168792.95309650002,4042,0.015202550437396174,False,105,0.47525977238990597,0.20952380952380953,0.0068323668963394734,-0.08662724506456622,0.2,0.36047619047619045,0.036793973258333175
CMRY,6883605000.999995,1134,0.007812389380530973,False,30,0.47354497354497355,0.36666666666666664,-0.010101077541088214,-0.026040282129155715,0.05,0.4716666666666667,0.004765640025861482
CNKO,468007200.99999946,3809,0.020525373134328357,False,71,0.39511682856392755,0.2112676056338028,0.024783025662921326,-0.057562410171365444,0.4,0.22605633802816902,0.006485018869720082
CNMA,2235176981.4656672,734,0.01205569614018601,True,15,0.3569482288828338,0.26666666666666666,-0.029398296065654504,-0.04009310023820281,1.0,0.28,-0.028089865058027286
CNTX,1.0,3024,0.014021052631578948,False,70,0.43716931216931215,0.2,0.051471705307759165,-0.06248565647592964,0.0,0.2935714285714286,0.05636478949850484
COAL,1075028350.9999995,953,0.0256,True,18,0.41028331584470096,0.2777777777777778,-0.015562900721541055,-0.11867359307359308,0.5,0.2861111111111111,-0.05140358526495806
COCO,105601351.00000016,1806,0.013233587786259542,True,42,0.40476190476190477,0.21428571428571427,0.001010947203810984,-0.03941203896471073,0.7,0.29523809523809524,0.006617655296047309
COWL,1030132001.0000001,2775,0.010430917874396135,False,66,0.505945945945946,0.22727272727272727,0.003923595858938046,-0.0275261667747249,0.05,0.4053030303030303,-0.002222932818318978
CPIN,25872112501.00001,5146,0.008377777777777777,False,124,0.5299261562378547,0.3225806451612903,0.03347069241993082,-0.037405265290622505,0.0,0.4975806451612903,0.021280143075787145
CPRO,1575690100.9999986,4847,0.025207843137254902,False,54,0.26181142975036104,0.12962962962962962,0.013233472325707334,-0.060933520968195896,0.2,0.12037037037037036,-0.020289346547072644
CRSN,57064301.0000001,750,0.014945794392523363,False,19,0.43733333333333335,0.15789473684210525,-0.023072191551962527,-0.041032708346997404,0.3,0.35789473684210527,-0.011508628000160058
CSAP,92351686.7661132,4587,0.010699197267024473,False,121,0.46675386963156745,0.18181818181818182,-0.012484433016398162,-0.042230557471578965,0.05,0.3785123966942149,-0.0009232251368678451
CSIS,39496251.00000002,2288,0.017795121951219513,False,54,0.4458041958041958,0.2222222222222222,0.007903760693344102,-0.03862844514770841,0.3,0.32222222222222224,0.004955582410144097
CSMI,616001.0000000005,1536,0.009108771929824561,True,21,0.4270833333333333,0.42857142857142855,0.20375585836077986,-0.009108771929824561,0.55,0.4023809523809524,0.08603944393412372
CSRA,310053001.00000024,1599,0.014220689655172414,False,45,0.5015634771732332,0.24444444444444444,-0.007466874856730102,-0.03677709570516173,0.0,0.41333333333333333,0.00038118479733745855
CTBN,1.0,5997,0.008825806451612904,False,89,0.3736868434217109,0.30337078651685395,0.025576475838983828,-0.008825806451612904,0.1,0.24044943820224718,0.011792317949291411
CTRA,8933992241.610157,6417,0.01266326484932449,False,154,0.5049088359046283,0.35064935064935066,0.0198356374978481,-0.03835725653521836,0.0,0.4405844155844156,0.004402723950403972
CTTH,6394151.000000005,6222,0.020525373134328357,False,151,0.423657987785278,0.17880794701986755,-0.01158747798591009,-0.051294603903559124,0.0,0.26225165562913905,-0.013423607237076637
CUAN,67849788126.000015,823,0.011889308176100628,False,22,0.5370595382746051,0.4090909090909091,0.15217833822438456,-0.03968433923200127,0.0,0.5204545454545455,0.10810205379705626
CYBR,14841113001.000002,731,0.012742857142857143,False,16,0.533515731874145,0.375,0.10017375653112806,-0.038543308850044616,0.0,0.515625,0.06454316701524525
DAAZ,2526905501.000004,426,0.008784713375796178,False,9,0.2981220657276995,0.3333333333333333,-0.016601125993690943,-0.06740546775422657,0.0,0.3111111111111111,-0.015346210980322541
DADA,27432201.00000004,1573,0.0256,True,17,0.29243483788938335,0.058823529411764705,0.4686861534391644,-0.0256,0.65,0.13823529411764707,0.10006079264639905
DART,1810651.0000000012,5993,0.013147169811320754,False,103,0.3647588853662606,0.2912621359223301,0.024640313827497776,-0.029407308506536785,0.15,0.3024271844660194,0.009849957035373681
DATA,8391155000.999996,553,0.008774603174603175,False,12,0.46835443037974683,0.25,0.14653321916313175,-0.07455155877714016,0.1,0.5458333333333333,0.16191317375309103
DAYA,2609700.9999999995,2501,0.013730081300813008,False,77,0.5045981607357057,0.2597402597402597,-0.029791912656609118,-0.039240253702041,0.0,0.38441558441558443,0.0017227657431683483
DCII,34395001.00000004,1360,0.0061973715651135,False,30,0.4051470588235294,0.26666666666666666,0.19892810813158485,-0.014561799759456633,0.0,0.37666666666666665,0.11158903358901805
DEFI,1.0,6287,0.014946205567606646,True,77,0.32479720057261013,0.3116883116883117,0.11440101780384947,-0.014946205567606646,0.0,0.22467532467532467,0.005958094797556106
DEPO,33981251.00000001,1141,0.010976344086021505,False,28,0.3444347063978966,0.07142857142857142,-0.0430500024820155,-0.03254773518807465,0.8,0.2517857142857143,-0.017463257825321564
DEWA,1427295250.9999995,4639,0.0256,True,57,0.2886397930588489,0.3333333333333333,0.048120662678228295,-0.04345717219320215,0.1,0.21754385964912282,-0.012767520127731812
DEWI,3569708901.0000033,988,0.015403921568627452,False,24,0.5566801619433198,0.20833333333333334,-0.010556861407770077,-0.04828741234685506,0.25,0.5375,0.016499804207489834
DFAM,61991401.0,2039,0.012496551724137932,True,42,0.4242275625306523,0.19047619047619047,0.004906310916121335,-0.036360188087774296,0.3,0.31666666666666665,-0.01787473088015321
DGIK,474483825.99999976,4581,0.01658901098901099,True,89,0.40886269373499234,0.29213483146067415,0.04453229691166774,-0.03619685412626593,0.0,0.30337078651685395,-0.0028212174708093707
DGNS,310727851.00000006,1353,0.013292307692307694,True,28,0.3532889874353289,0.25,0.022834645095582386,-0.05753998840355621,0.2,0.3142857142857143,-0.01712875162744212
DILD,1377968850.9999976,6054,0.015123809523809525,False,136,0.4710934919061777,0.23529411764705882,0.02332124622179573,-0.04577916743180409,0.0,0.3698529411764706,0.0077586203398036764
DIVA,247818000.99999964,1887,0.011697560975609755,True,40,0.4350821409644939,0.3,0.017738804091073056,-0.06436221658144187,0.95,0.3925,-0.01290437541860292
DKFT,229359201.00000027,4592,0.015033962264150942,False,72,0.32360627177700346,0.25,0.07722973021178263,-0.0430183051348832,0.0,0.2722222222222222,0.017421489345168364
DLTA,23267000.99999999,6006,0.008955704697986577,False,127,0.4995004995004995,0.3228346456692913,0.01475274221368064,-0.01617576289115198,0.0,0.3775590551181102,0.009293597210002032
DMAS,4089231100.999995,2758,0.011155555555555556,False,65,0.4767947788252357,0.3076923076923077,0.0026684545477455687,-0.02820109441182936,0.0,0.4015384615384615,0.0053345825985368425
DMMX,2009335000.999999,1653,0.01144795321637427,True,35,0.4591651542649728,0.37142857142857144,0.1854593318465337,-0.05564687038533168,0.35,0.42714285714285716,0.026492809545713435
DMND,9101750.99999999,1590,0.011811180124223601,False,55,0.4748427672955975,0.12727272727272726,-0.021239622878036976,-0.024233582800964486,0.1,0.26181818181818184,-0.01609767758736716
DNAR,14234564.708953861,2983,0.01112486187845304,False,84,0.45021790144150187,0.14285714285714285,-0.04674080260827626,-0.07801519611123012,0.3,0.38095238095238093,-0.0015616435906776849
DNET,15524968.338928241,6389,0.012356756756756758,False,140,0.3967757082485522,0.16428571428571428,0.04361743185160105,-0.02893188035141433,0.0,0.24535714285714286,0.03173828166165423
DOID,4084606500.999993,6255,0.011929113924050633,True,128,0.4800959232613909,0.328125,0.06683192734851591,-0.055864198328218845,0.15,0.408203125,0.024151227306998185
DOOH,17690049000.999996,790,0.01580408163265306,True,17,0.4316455696202532,0.47058823529411764,0.3287110358766072,-0.01580408163265306,0.25,0.40588235294117647,0.09999618758868022
DOSS,485293051.0000008,493,0.01185,True,10,0.4239350912778905,0.6,0.10002508651660062,0.06957859204546382,0.45,0.445,0.021129579002909175
DPNS,42301.00000000003,3308,0.010538271604938271,False,109,0.4356106408706167,0.1926605504587156,-0.06112824470049673,-0.057049950699285215,0.3,0.3610091743119266,-0.0015953736563689032
DPUM,10667500.999999998,2629,0.017504761904761905,True,43,0.3290224419931533,0.13953488372093023,0.09437035273979649,-0.044290476190476206,0.7,0.21395348837209302,-0.004778781024860728
DRMA,2912908500.9999957,1124,0.010754639175257732,False,28,0.5071174377224199,0.2857142857142857,0.012834990074186222,-0.053844044328489576,0.05,0.45535714285714285,0.01357186314379554
DSFI,69185550.99999997,6359,0.018933333333333333,False,151,0.39613146721182574,0.18543046357615894,-0.040458409809950864,-0.04237083333333333,0.05,0.271523178807947,-0.013651330814765123
DSNG,3210225701.000004,3242,0.014937068160597571,False,74,0.4855027760641579,0.35135135135135137,0.026528018298206155,-0.0323038700243574,0.05,0.41486486486486485,0.007976634376160788
DSSA,2516250.9427795415,4106,0.023113135319140523,False,74,0.4649293716512421,0.2702702702702703,0.11149788201474516,-0.024366296785230914,0.0,0.29324324324324325,0.03629527768427975
DUTI,2217501.0000000005,6108,0.008457142857142858,False,138,0.5047478716437459,0.2898550724637681,0.0016249177122169716,-0.01971583039807115,0.0,0.35507246376811596,0.009035953173015964
DVLA,9400001.000000015,6126,0.008825806451612904,False,157,0.505713352921972,0.2484076433121019,-0.005777331213762438,-0.029515205747084217,0.0,0.3866242038216561,0.0043626688530583844
DWGL,14206501.000000015,2135,0.010891005291005292,False,62,0.44824355971896956,0.16129032258064516,-0.014157744469362386,-0.05426475111040325,0.15,0.3379032258064516,0.009453947685142955
DYAN,219475501.00000012,3298,0.017364705882352942,True,73,0.45542753183747725,0.2876712328767123,-0.0017903385205789157,-0.03934272786037495,0.35,0.3116438356164384,-0.020835097727476482
EAST,153031301.00000012,1727,0.016126315789473683,False,41,0.47712796757382747,0.2926829268292683,-0.001865524104107702,-0.02676458741573287,0.0,0.35121951219512193,-0.017118905704239098
ECII,9520001.000000015,3222,0.01185,False,79,0.4267535692116698,0.17721518987341772,-0.04111189524507556,-0.05662611940298509,0.95,0.3018987341772152,-0.020089821669558392
EKAD,66867801.00000004,5147,0.01530873786407767,False,108,0.517971633961531,0.3888888888888889,0.03205766778233995,-0.018813455592667182,0.0,0.38842592592592595,0.017666714040560895
ELIT,996105250.9999996,865,0.01185,False,22,0.47167630057803467,0.2727272727272727,0.003510126392426881,-0.04753839814851188,0.05,0.4409090909090909,0.0171881764034517
ELPI,1760363900.9999995,974,0.011869592476489027,False,23,0.47741273100616016,0.2608695652173913,0.010715752401309888,-0.03575723383015697,0.1,0.41739130434782606,0.03899750768478523
ELSA,9902574901.000008,4553,0.011482352941176471,True,99,0.4875905996046563,0.35353535353535354,0.038496458700762314,-0.03148237135727869,0.0,0.4222222222222222,0.0012776270095201474
ELTY,775001.0000000007,5996,0.0156,True,82,0.2941961307538359,0.25609756097560976,0.09224933637847808,-0.05141707707067478,0.55,0.21890243902439024,0.023176505930925365
EMDE,12183400.999999983,3841,0.012311409395973154,False,104,0.41473574589950535,0.15384615384615385,-0.021871867579292548,-0.03415914928495019,0.3,0.26634615384615384,-0.011449970039055634
EMTK,25960001.000000022,4088,0.012692198581560284,False,99,0.49755381604696675,0.29292929292929293,0.003116251486017468,-0.042542910430901026,0.0,0.41919191919191917,0.010571367352642504
ENAK,212716001.00000027,1090,0.0106,True,22,0.41009174311926605,0.18181818181818182,0.005929749226842738,-0.0254106212790825,0.9,0.2863636363636364,-0.013208511403481026
ENRG,9875002800.999989,5481,0.01331604938271605,True,117,0.44243751140302867,0.27350427350427353,0.05584895066181793,-0.051777587844254486,0.25,0.3645299145299145,0.016231422707372236
ENZO,9122501.000000013,1434,0.0256,True,28,0.4072524407252441,0.2857142857142857,-0.008911995557426328,-0.0256,0.35,0.2982142857142857,-0.006927807277692304
EPAC,10109601.000000004,1483,0.0256,True,29,0.36277815239379635,0.20689655172413793,0.023978695944764813,-0.08220377358490565,0.75,0.28793103448275864,0.006471299772564895
EPMT,22499778.32958983,5146,0.010064285714285713,False,118,0.5085503303536728,0.288135593220339,0.010389979901136309,-0.02561144143433982,0.0,0.38940677966101694,0.0077148761287266915
ERAA,16272652701.000002,3614,0.0109475935828877,False,87,0.475650249031544,0.2988505747126437,0.017652102029069156,-0.055607834919719254,0.1,0.4339080459770115,0.007263523977972905
ERAL,1779463501.000002,730,0.012266666666666667,True,16,0.5041095890410959,0.3125,-0.0021390120203200365,-0.046122661561091426,0.45,0.44375,-0.004709113007512493
ERTX,206400.99999999983,6127,0.024423529411764705,False,145,0.45389260649583807,0.22758620689655173,-0.03144006066962757,-0.07705510835913318,0.0,0.31448275862068964,-0.0036282604994897043
ESIP,144796196.32416546,1635,0.021473015873015873,True,36,0.44954128440366975,0.2777777777777778,0.06448382925121297,-0.044097481227976305,0.25,0.2972222222222222,-0.005870052005297355
ESSA,2254160600.999998,3580,0.013192286257551769,False,85,0.46089385474860334,0.24705882352941178,0.00933484434773475,-0.049889633946713766,0.0,0.39176470588235296,0.008350909467222896
ESTA,156371901.00000015,1557,0.017795121951219513,True,37,0.5105973025048169,0.32432432432432434,0.1283308246522528,-0.047498042700704735,0.25,0.3932432432432432,0.04242469974477522
ESTI,487800.9999999996,6389,0.016126315789473683,False,117,0.448896540929723,0.2905982905982906,0.013706737940772542,-0.022337517757676367,0.2,0.28846153846153844,0.003037493377155673
ETWA,2746800.9999999977,4458,0.010728205128205128,False,104,0.42799461641991926,0.2403846153846154,0.007139811942681097,-0.04103120125667678,0.55,0.3735576923076923,0.0036134042852761254
EURO,551624001.0000006,973,0.015033962264150942,True,17,0.5457348406988695,0.47058823529411764,0.48136817613655,-0.0007370186548383909,0.05,0.4823529411764706,0.20772539791075617
EXCL,18461669791.553986,5147,0.009303703703703703,False,133,0.5133087235282688,0.2781954887218045,-0.004664814433801338,-0.041561712497654835,0.1,0.4270676691729323,-0.0011083251405852766
FAPA,60950001.000000104,1362,0.010407692307692309,False,25,0.6299559471365639,0.32,0.026466612756581732,-0.010407692307692309,0.0,0.49,0.020072363321810067
FAST,1957501.0000000002,6387,0.012742857142857143,False,144,0.4449663378738062,0.2152777777777778,-0.005822529725994325,-0.03370346953968387,0.0,0.3107638888888889,0.0003455895133211137
FASW,201706001.00000015,4421,0.008784713375796178,False,105,0.5121013345396969,0.3238095238095238,0.023407710508919776,-0.028392527713124567,0.0,0.4057142857142857,0.009534219266976196
FILM,12355157751.000004,1966,0.009706776180698151,True,38,0.49847405900305186,0.47368421052631576,0.11087447251459995,-0.04910665083743054,0.05,0.48947368421052634,0.044242778133580477
FINN,1695519951.0000021,478,0.014690909090909091,True,9,0.25732217573221755,0.2222222222222222,-0.08249896036633347,-0.11839461279461283,0.85,0.17222222222222222,-0.0782437236325198
FIRE,709294426.0,2267,0.014295652173913043,True,52,0.4477282752536392,0.3076923076923077,0.04385800947372504,-0.09101133844842285,0.65,0.3403846153846154,0.025493823419981618
FISH,272000.9999999999,6101,0.00833224043715847,False,133,0.482543845271267,0.2857142857142857,0.06689881081486244,-0.033973272891283324,0.15,0.3597744360902256,0.03224154712819306
FITT,128775601.00000004,1746,0.015215384615384617,True,39,0.5,0.3076923076923077,0.15526295989052255,-0.035017364813404436,0.25,0.4128205128205128,0.046976697677236244
FLMC,8828675.999999996,1237,0.018258227848101265,True,19,0.33710590137429264,0.3157894736842105,0.18811585610955542,-0.04124673359522767,0.5,0.31842105263157894,0.024062639855771215
FMII,941464.5826110841,5983,0.012814976713380822,False,121,0.4016379742604045,0.2231404958677686,-0.003894403365102968,-0.028521800704465073,0.15,0.2673553719008264,0.004864946530206351
FOLK,118500676.0000001,731,0.020525373134328357,True,13,0.4897400820793434,0.38461538461538464,0.19410095800826518,-0.05331225838023003,0.4,0.3153846153846154,0.09531860665771136
FORU,101500.99999999999,6102,0.011314285714285714,False,148,0.45149131432317274,0.20270270270270271,0.013380007500849144,-0.06536833976833978,0.1,0.3587837837837838,0.028602491777495537
FORZ,5656078001.000007,504,0.012093506493506493,False,10,0.42857142857142855,0.3,0.015658149499916695,-0.021708891108891126,0.0,0.46,0.014599580071888042
FPNI,11389700.999999994,6056,0.010728205128205128,False,146,0.410336856010568,0.2191780821917808,0.020837817323567247,-0.047667776278302626,0.05,0.32465753424657534,0.012094466299096746
FREN,58500397.16177042,3034,0.01616754009710428,True,50,0.3701384311140409,0.24,0.06347088649698845,-0.01616754009710428,0.65,0.229,-0.01356866348382725
FUJI,14855626.000000004,1727,0.013062686567164179,True,44,0.5014475969889982,0.22727272727272727,0.04297494472776224,-0.03158120508568267,0.35,0.40795454545454546,0.027114788332028687
FUTR,1256193750.9999998,830,0.01757604790419162,True,13,0.46987951807228917,0.3076923076923077,1.1102936213609569,-0.01757604790419162,0.3,0.38846153846153847,0.27148568728578437
FWCT,307662650.99999946,848,0.01441057268722467,True,25,0.43042452830188677,0.2,0.003478278775253415,-0.04541837058284425,0.45,0.342,-0.009845991150896688
GAMA,8452500.999999993,1671,0.0256,False,33,0.35368043087971274,0.09090909090909091,-0.07407467316711294,-0.04520784313725494,0.75,0.1484848484848485,-0.019379913902024554
GDST,67899700.99999997,4097,0.015403921568627452,False,102,0.44642421283866246,0.22549019607843138,-0.002484194459995893,-0.04164535481984376,0.1,0.3524509803921569,-0.006931399616561301
GDYR,43501.00000000004,5996,0.009402281368821293,False,139,0.5091727818545697,0.23741007194244604,0.006576099044014838,-0.02792079988733978,0.0,0.360431654676259,0.0020078786919557256
GEMA,2633750.985694885,5955,0.018689004974185384,False,149,0.5148614609571789,0.2214765100671141,-0.01837414891505932,-0.04709806830436372,0.0,0.3560402684563758,-0.0038871141739676915
GEMS,1531250.9999999993,3633,0.009521568627450981,False,73,0.43765483071841454,0.2602739726027397,-0.002362253967093401,-0.02775865069432023,0.05,0.3595890410958904,0.011586332556251428
GGRM,26117456251.000046,6261,0.006538086303939962,False,144,0.49912154607890113,0.2777777777777778,0.0018727570230295332,-0.032841119557671196,0.05,0.4392361111111111,0.0022537010571404203
GGRP,67392701.00000006,1675,0.010339336492890996,False,40,0.4829850746268657,0.275,-0.02019835482546034,-0.0467882491031001,0.3,0.3725,-0.0056365881960566445
GHON,9927751.000000013,2052,0.008515451895043732,False,62,0.4844054580896686,0.1935483870967742,-0.0393038468774947,-0.033146124428913314,0.1,0.3951612903225806,-0.00434732745781343
GIAA,3686104101.000001,3821,0.012169994106293434,True,75,0.39466108348599843,0.25333333333333335,0.00998738729220733,-0.0410955787052078,0.7,0.312,-0.013725824799014612
GJTL,4288018751.0000024,6006,0.01264225352112676,False,146,0.4786879786879787,0.2671232876712329,0.015775059819459453,-0.04733168009503587,0.0,0.4089041095890411,0.004367153477957466
GLOB,371501.0000000003,1672,0.014258008658008657,True,31,0.3145933014354067,0.1935483870967742,-0.014405696449261202,-0.04034496517974775,0.6,0.29838709677419356,0.0006313483279531604
GLVA,16445001.00000002,1608,0.01166060606060606,False,42,0.48383084577114427,0.21428571428571427,-0.01576088858486715,-0.045677814105641666,0.15,0.41309523809523807,0.000496231002844451
GMFI,323598150.9999996,2181,0.018258227848101265,True,46,0.4103622191655204,0.30434782608695654,-0.003388429703745279,-0.034656077310466875,0.65,0.3239130434782609,-0.021139100845967197
GMTD,1.0,6390,0.013933333333333332,False,104,0.3809076682316119,0.2403846153846154,0.09862313391372114,-0.013933333333333332,0.0,0.275,0.0634808171434612
GOLD,4437801.000000002,3967,0.013933333333333332,False,126,0.4487017897655659,0.11904761904761904,-0.053750207345524846,-0.04902227050289224,0.05,0.30634920634920637,-0.008094866152802988
GOLF,892490651.0,515,0.015033962264150942,False,13,0.3825242718446602,0.23076923076923078,-0.04663753249336799,-0.04230671168085482,0.65,0.3192307692307692,-0.017512406816033277
GOOD,356200751.0000003,1921,0.010976344086021505,False,54,0.43206663196251954,0.14814814814814814,-0.015062483875994015,-0.02940978088781505,0.0,0.275,-0.010019236019730158
GOTO,218270653501.0002,1048,0.018933333333333333,True,25,0.4064885496183206,0.2,-0.04229045928246367,-0.04834509803921569,0.85,0.292,-0.043865650872232154
GPRA,112840400.99999993,4628,0.014774311926605506,False,116,0.43215211754537597,0.15517241379310345,-0.022069343746881815,-0.054778269893033645,0.05,0.3426724137931034,-0.009640271894700084
GPSO,670233000.9999988,1198,0.01264225352112676,True,26,0.44991652754590983,0.2692307692307692,0.245241648895468,-0.03523484611371931,0.2,0.3596153846153846,0.03317888321019354
GRIA,285006751.0000003,730,0.014371929824561404,False,18,0.5438356164383562,0.2777777777777778,0.015578075705531444,-0.043355446308077895,0.2,0.44722222222222224,0.01411339903286047
GRPH,15097501.000000007,618,0.0256,True,13,0.3818770226537217,0.23076923076923078,0.01457714050009106,-0.04520784313725494,0.65,0.2230769230769231,0.015319335752801207
GRPM,116596100.99999987,750,0.023143859649122807,True,17,0.404,0.23529411764705882,0.24652500040534578,-0.04536602226221998,0.25,0.2911764705882353,0.05444761098852192
GSMF,211562.00102043143,6154,0.019860244899948615,False,170,0.49333766655833605,0.18823529411764706,-0.02066671469761452,-0.07249184382860022,0.05,0.34558823529411764,0.0064931122022530395
GTBO,18140600.999999985,2413,0.013292307692307694,False,43,0.33858267716535434,0.13953488372093023,0.1557602858074379,-0.07995897435897434,0.25,0.25232558139534883,0.02204964332022782
GTRA,212197351.0000001,809,0.010891005291005292,True,18,0.47095179233621753,0.4444444444444444,0.03434063291315991,-0.017748158872670512,0.45,0.49166666666666664,0.03823646336111235
GTSI,359604801.00000024,1196,0.024830769230769233,False,28,0.4682274247491639,0.17857142857142858,0.04507465818375473,-0.060940013500598994,0.15,0.2982142857142857,0.021382054873949438
GULA,2280015900.999996,976,0.011482352941176471,False,15,0.5870901639344263,0.4,0.1446072935026867,-0.07634721780604134,0.2,0.53,0.0782719919340092
GUNA,162456200.99999982,514,0.012846376811594203,True,9,0.3852140077821012,0.4444444444444444,0.036977781551348336,-0.012846376811594203,0.1,0.36666666666666664,-0.014386186325102437
GWSA,22188001.000000007,3606,0.01222251655629139,False,89,0.44869661674986133,0.21348314606741572,-0.01404461699835901,-0.037348144696994906,0.15,0.36404494382022473,-0.0030783947732597283
GZCO,756753745.4198599,4489,0.01580408163265306,False,100,0.4154600133660058,0.25,-0.004360798188345999,-0.04425607731765845,0.15,0.3285,-0.0022220291544324485
HADE,50001.00000000001,5520,0.0256,False,73,0.288768115942029,0.1917808219178082,0.1244689227672887,-0.04520784313725494,0.2,0.15616438356164383,0.026423097252536627
HAIS,1304844351.0000012,1201,0.01485925925925926,True,25,0.4954204829308909,0.36,0.0003385831879686155,-0.028100053372050814,0.6,0.39,-0.004775975660245464
HAJJ,846693000.9999993,805,0.013292307692307694,True,17,0.4894409937888199,0.4117647058823529,0.0038076866457674523,-0.02619553349875934,0.2,0.4117647058823529,-0.02868365956086315
HALO,551470076.0,843,0.020092753623188405,True,17,0.4472123368920522,0.23529411764705882,-0.011053691593211809,-0.03970059676044335,0.4,0.3176470588235294,-0.016474320914234203
HATM,9895416601.000013,982,0.012952941176470587,False,25,0.5325865580448065,0.32,0.005007750043250721,-0.0558101451209789,0.0,0.462,0.02878607845598957
HBAT,46438200.99999997,731,0.02733913043478261,False,17,0.5020519835841313,0.35294117647058826,0.11802659082020972,-0.06148547189819727,0.1,0.5029411764705882,0.0517753534514743
HDFA,1546750.999999999,3761,0.011413953488372094,False,101,0.4373836745546397,0.09900990099009901,-0.05189361296560755,-0.05686847378387411,0.2,0.30346534653465346,-0.00618238378140381
HDIT,24359000.99999999,1724,0.0192986301369863,True,35,0.345707656612529,0.2857142857142857,0.08417439787973167,-0.08083709167544784,0.5,0.19,-0.010342130422067223
HDTX,1.0,4070,0.0106,False,74,0.3864864864864865,0.20270270270270271,-0.0019312733607007252,-0.030340259740259723,0.4,0.21486486486486486,0.017577662494245083
HEAL,6380567501.000009,2025,0.009910344827586206,False,45,0.43209876543209874,0.37777777777777777,0.002600848100789282,-0.01700249484282931,0.05,0.3877777777777778,-0.006617482412635245
HELI,14710201.000000024,2060,0.014774311926605506,True,47,0.46310679611650485,0.2765957446808511,0.12517392502542374,-0.05517835233064595,0.35,0.3659574468085106,0.026095494027980184
HERO,5436500.999999997,6245,0.012505219872501252,False,142,0.4291433146517214,0.22535211267605634,-0.00040683335647638053,-0.038146217457678266,0.05,0.30985915492957744,0.002482941482925467
HEXA,312612001.0000001,5964,0.008576190476190477,False,124,0.5365526492287056,0.46774193548387094,0.0690970264934795,-0.018677613010186184,0.0,0.49798387096774194,0.03360322984774744
HITS,1387501.000000001,3282,0.01485925925925926,False,79,0.46404631322364415,0.1518987341772152,-0.027148909024507055,-0.03472680838910149,0.45,0.23924050632911392,-0.01117017759571898
HMSP,12136209750.999996,6184,0.01106448087431694,False,139,0.5053363518758085,0.3237410071942446,0.0028649228244495757,-0.0266085513406778,0.0,0.4118705035971223,0.009557329867416123
HOKI,4891854600.999992,2253,0.012356756756756758,False,45,0.4380825565912117,0.24444444444444444,-0.002888323515501279,-0.05023587098511997,0.35,0.38222222222222224,-0.005974357621365026
HOME,4405463.43038,2640,0.012593006993006993,False,71,0.5053030303030303,0.18309859154929578,-0.06057317645042808,-0.05324244624209403,0.1,0.3528169014084507,-0.009809835367398776
HOMI,1129424501.0000014,1436,0.01037326968973747,False,30,0.43036211699164345,0.23333333333333334,0.048958271714243926,-0.06568138439382533,0.45,0.36833333333333335,0.016761177157857403
HOPE,201489101.0000002,1268,0.022991304347826088,True,23,0.37697160883280756,0.30434782608695654,0.14957374742269505,-0.042599147485081035,0.15,0.3130434782608696,0.03681169843564251
HOTL,96978350.99999997,1551,0.012742857142857143,False,52,0.45454545454545453,0.057692307692307696,-0.054572501621353124,-0.054341592383210874,0.3,0.25769230769230766,-0.01579978793629835
HRME,90690051.0,1788,0.025207843137254902,True,35,0.4256152125279642,0.17142857142857143,0.013894908154597159,-0.044815686274509846,0.3,0.26285714285714284,-0.023436316763800206
HRTA,1143124400.9999986,2259,0.012846376811594203,False,61,0.4909251881363435,0.29508196721311475,0.022093385438345183,-0.030703515313578206,0.0,0.43688524590163935,0.016980352161966604
HRUM,14943093750.999989,3908,0.012010256410256409,True,80,0.45445240532241554,0.3625,0.050853418637895775,-0.025827901849276497,0.1,0.42,0.0023935919066170198
HUMI,6867766651.000003,729,0.0155009900990099,True,14,0.4897119341563786,0.35714285714285715,0.12498041500579773,-0.02111899250634563,0.4,0.39285714285714285,0.0514429723080731
HYGN,133789100.99999985,602,0.012544444444444445,False,17,0.49169435215946844,0.23529411764705882,-0.012921796883403072,-0.03268227262107068,0.2,0.3911764705882353,-0.004366730686733102
IATA,69681501.00000006,4901,0.0256,False,83,0.3070801877167925,0.14457831325301204,0.005849909698641808,-0.055675207102398525,0.05,0.172289156626506,-0.013960622263706854
IBFN,154201.0000000001,1074,0.011425991463556894,True,21,0.4925512104283054,0.14285714285714285,-0.028977997905181276,-0.02285544598592699,0.75,0.34285714285714286,-0.04217350777137943
IBOS,721094976.000001,1039,0.015123809523809525,True,21,0.4359961501443696,0.42857142857142855,0.15037757063813983,-0.04845714285714285,0.35,0.42142857142857143,0.016029758147347337
ICBP,31733114375.999966,6439,0.010575124378109452,False,138,0.5284982140083864,0.34782608695652173,0.020685787709335695,-0.03229013514438342,0.0,0.4644927536231884,0.0070890462769848265
ICON,1174694.1020507812,4765,0.014518407647273277,False,87,0.3666316894018888,0.27586206896551724,-0.010573204165143412,-0.03451840764727329,0.55,0.2591954022988506,-0.00643213494482093
IDEA,193846500.99999967,1195,0.02199344262295082,False,27,0.499581589958159,0.2222222222222222,-0.019851545997677085,-0.06366005575867355,0.3,0.42592592592592593,-0.004340727346680952
IDPR,17394750.999999978,2627,0.0128992700729927,False,65,0.4438523030072326,0.16923076923076924,-0.019154812874586116,-0.06240419022306072,0.6,0.35307692307692307,-0.010421304397966017
IFII,28453501.00000001,1617,0.011734969325153374,False,38,0.48608534322820035,0.2631578947368421,-0.017121508541850586,-0.024314194714569012,0.0,0.41710526315789476,-0.011936653809120155
IFSH,8070250.999999995,1620,0.010650505050505051,False,46,0.47901234567901235,0.2826086956521739,0.016119651005436542,-0.03516088330446751,0.15,0.40108695652173915,0.01961413104034258
IGAR,33127500.999999978,6406,0.012266666666666667,False,155,0.4793943178270372,0.2709677419354839,0.008339436812579312,-0.02993446442242533,0.0,0.3664516129032258,0.004297459481877449
IIKP,78487501.00000006,4074,0.01948888888888889,False,114,0.48576337751595483,0.20175438596491227,-0.055961321580098145,-0.05044120536227009,0.35,0.3201754385964912,0.05258363536809586
IKAI,1524877.6587905898,6126,0.025023309735120455,False,137,0.41234084231145934,0.19708029197080293,-0.0010998596443797517,-0.066689979231768,0.1,0.27262773722627737,-0.001876640029195496
IKAN,540529401.0000001,1575,0.017795121951219513,True,35,0.4057142857142857,0.14285714285714285,0.1052917939636757,-0.05415875831485589,0.6,0.2957142857142857,0.052783744858948475
IKBI,911001.0000000007,6026,0.013292307692307694,False,137,0.4653169598406903,0.24087591240875914,0.0037305075079795778,-0.04081521923126128,0.0,0.3200729927007299,0.0018424668923926715
IKPM,225063900.99999976,666,0.014147008547008549,False,17,0.44294294294294295,0.29411764705882354,-0.03121092045874355,-0.04748034188034188,0.05,0.3941176470588235,-0.0133264206486227
IMAS,136850001.00000024,6127,0.010835602094240837,False,126,0.43496001305696097,0.2857142857142857,0.04881335592417247,-0.04192442985992645,0.2,0.34246031746031746,0.01316166248772112
IMJS,609358885.8103034,3116,0.01166060606060606,True,68,0.413992297817715,0.29411764705882354,0.018220483769057817,-0.05251144865206294,0.45,0.35073529411764703,-0.004129120487728359
IMPC,1817812507.4811714,2868,0.014330158624435197,False,70,0.5324267782426778,0.37142857142857144,0.08421214657541842,-0.021652900674907095,0.0,0.40785714285714286,0.03655384032486527
INAF,251575100.99999955,4417,0.011155555555555556,False,99,0.4786053882725832,0.23232323232323232,0.06280422867039456,-0.055600009592304794,0.0,0.39191919191919194,0.027098093831366434
INAI,2180326.0000000005,6025,0.012266666666666667,False,163,0.48896265560165975,0.2331288343558282,-0.015418064163720118,-0.043516804873875235,0.05,0.3825153374233129,0.00042028876756158287
INCF,1.0,3124,0.01309063670411985,False,65,0.37227912932138285,0.13846153846153847,-0.03438681031134457,-0.12309063670411984,0.2,0.24769230769230768,0.04006576428888666
INCI,10869647.217285149,6347,0.012700835856447311,False,158,0.5021269891287222,0.26582278481012656,-0.011509945919344266,-0.034603223144471604,0.0,0.41044303797468357,-0.002667447207276876
INCO,36574462500.999954,5146,0.008370083102493075,True,114,0.5064127477652546,0.35964912280701755,0.02932746275933993,-0.030458645636545413,0.05,0.4662280701754386,0.012310949604301789
INDF,47131888751.00006,6440,0.009801680672268907,False,135,0.5211180124223602,0.37037037037037035,0.022069101449142897,-0.024616514247732667,0.0,0.44962962962962966,0.00535150988980677
INDO,257547050.99999994,1597,0.014371929824561404,True,33,0.5309956167814652,0.3939393939393939,0.03689928206385943,-0.025483040935672475,0.35,0.4621212121212121,0.014030164470905103
INDR,23190000.999999985,6007,0.010145454545454544,False,140,0.47261528217080073,0.2785714285714286,0.03050029161573243,-0.04744623875997514,0.15,0.39,0.011762307726604594
INDS,6335000.999999995,6187,0.011298005698005698,False,126,0.4654921609827057,0.29365079365079366,0.04984089693435848,-0.02452319098913479,0.0,0.3619047619047619,0.033612951565388745
INDX,7940701.0,4263,0.011889308176100628,False,101,0.3823598404879193,0.13861386138613863,-0.05509633544433845,-0.08786466751901639,0.7,0.26633663366336635,0.004441216376786205
INDY,16172454501.000011,4473,0.008764556962025317,True,93,0.4694835680751174,0.3010752688172043,0.05494787898335579,-0.04285549306783147,0.15,0.42473118279569894,0.014299027235937485
INET,26920194926.000004,741,0.01134712643678161,True,14,0.4399460188933873,0.42857142857142855,0.13959313432303092,-0.02096251246334714,0.25,0.46785714285714286,0.09456513121268222
INKP,9508031250.999992,6386,0.009373584905660377,True,134,0.4948324459755716,0.35074626865671643,0.06632036703546405,-0.026736734394248847,0.0,0.45746268656716416,0.020065549269349517
INOV,61767650.99999991,1726,0.012051612903225806,False,39,0.44901506373117034,0.3076923076923077,-0.0296720378812973,-0.052749287321830415,0.6,0.40897435897435896,-0.00795907195394711
INPC,29307434.722675286,6054,0.01658901098901099,False,159,0.4213742979848034,0.16352201257861634,0.0001294118111839917,-0.038567032967032996,0.0,0.2641509433962264,0.0025522273660456537
INPP,495001.0000000004,5033,0.010501960784313726,False,105,0.3832704152592887,0.24761904761904763,-0.018624981422775348,-0.031778502968441286,0.0,0.2752380952380952,0.005471760114495687
INPS,70174700.99999993,2053,0.009929004329004329,False,49,0.4622503653190453,0.2653061224489796,0.033576933104012996,-0.05812177541334172,0.0,0.35714285714285715,0.012358291257293964
INRU,1050001.0000000007,2761,0.013664516129032259,False,67,0.4784498370155741,0.22388059701492538,-0.00021140007336058965,-0.0702682897139379,0.2,0.28955223880597014,0.009986282457537658
INTA,18169950.33142123,4533,0.01373160204261615,False,120,0.4745201853077432,0.225,0.019406617488776066,-0.03802388675829927,0.0,0.3883333333333333,0.010252853599919032
INTD,44000.99999999997,6008,0.016071204188481677,False,99,0.34071238348868177,0.20202020202020202,0.006688347468770654,-0.07033477007995453,0.05,0.2494949494949495,0.007532779082843413
INTP,23420190000.99997,6392,0.008044987775061125,False,162,0.513767209011264,0.35802469135802467,0.0027399799702605174,-0.02910866649020937,0.05,0.4697530864197531,0.006524674959506301
IOTF,5670935801.000006,689,0.0156,True,14,0.43831640058055155,0.5,0.08217889066634254,0.004267549668874163,0.65,0.39285714285714285,0.03232902011358533
IPAC,1127050.999999999,1243,0.013664516129032259,False,44,0.4746580852775543,0.1590909090909091,-0.04747898663088601,-0.059497849462365596,0.15,0.34545454545454546,-0.002219635887016611
IPCC,1129874251.0000005,1987,0.012794244604316548,False,44,0.467035732259688,0.29545454545454547,0.009959835109297472,-0.026428400478806176,0.3,0.4318181818181818,3.1850360528532214e-05
IPCM,195289801.00000027,2128,0.012593006993006993,False,52,0.4558270676691729,0.23076923076923078,-0.008511991665143034,-0.02735335003504543,0.0,0.33076923076923076,-0.009720703625442395
IPOL,71054050.99999994,3965,0.013664516129032259,False,97,0.42900378310214377,0.24742268041237114,-0.013371055763760546,-0.030331182795698977,0.25,0.31752577319587627,-0.008726893346878675
IPTV,1238623401.000002,1728,0.021225,False,39,0.3559027777777778,0.10256410256410256,-0.04683006978589753,-0.05968653846153844,0.7,0.23076923076923078,-0.027688117320538514
IRRA,2826299000.999997,1657,0.014220689655172414,False,39,0.40072420036210016,0.1794871794871795,-0.014635980317986505,-0.05268222811671085,0.1,0.3128205128205128,-0.012283939731333031
IRSX,149672500.9999998,844,0.0256,True,14,0.5319905213270142,0.5,0.5691679318490068,-0.005599977100565191,0.45,0.42142857142857143,0.309236586329899
ISAP,228600601.00000036,885,0.07702857142857142,False,26,0.4056497175141243,0.15384615384615385,-0.023616787286328215,-0.15619523809523808,0.0,0.24423076923076922,-0.07319359531886076
ISAT,9396400001.000006,5537,0.009236363636363636,False,119,0.48835109264944915,0.40336134453781514,0.021836928136706908,-0.023029544687814745,0.05,0.46218487394957986,0.009331370119539174
ISEA,295773900.9999998,515,0.017795121951219513,True,11,0.3825242718446602,0.36363636363636365,-0.00823043457718925,-0.0463665505226481,0.85,0.32727272727272727,-0.03242014387300642
ISSP,994272000.9999983,3318,0.014295652173913043,False,75,0.47649186256781195,0.3333333333333333,0.005324976847152341,-0.031687044128053565,0.05,0.372,-0.000671274771260553
ITIC,205652800.99999982,1730,0.012402721088435374,False,37,0.41271676300578036,0.2972972972972973,-0.0272249483416923,-0.030751344941646386,0.25,0.30945945945945946,-0.014002502213426127
ITMA,10219264.872283943,4593,0.013062686567164179,False,75,0.2928369257565861,0.25333333333333335,0.08083490813987766,-0.05056269341188695,0.0,0.224,0.013036143604484914
ITMG,32506275000.999947,4583,0.006637344398340249,False,104,0.5177831114990181,0.36538461538461536,0.03366176965651601,-0.022884321338210566,0.05,0.48028846153846155,0.015816555106548447
JARR,1295674801.0,975,0.011889308176100628,True,24,0.46564102564102566,0.3333333333333333,0.38486343104395265,-0.03316827331781209,0.1,0.4479166666666667,0.14177418736795402
JAST,627867650.9999992,1765,0.0156,True,42,0.41359773371104813,0.19047619047619047,-0.007478142637894761,-0.0645000478240077,0.4,0.3392857142857143,-0.004869065134190852
JATI,554822500.999999,789,0.01709425287356322,True,11,0.28010139416983526,0.45454545454545453,0.05164292939876138,-0.01709425287356322,0.4,0.2318181818181818,-0.010204105295661771
JAWA,105900751.00000009,3747,0.01166060606060606,False,90,0.4270082732852949,0.2222222222222222,-0.018018388073233773,-0.041961324828399836,0.35,0.345,-0.007442046347860731
JAYA,220090950.14144874,1825,0.01485925925925926,True,36,0.4778082191780822,0.3055555555555556,-0.0022247017963072696,-0.04341528538490388,0.7,0.4111111111111111,0.00025063319695336296
JECC,465.9999999999999,6157,0.010145454545454544,False,142,0.4619132694494072,0.2323943661971831,0.024983698748011606,-0.0559496901378819,0.05,0.3644366197183099,0.019215029197187043
JGLE,10001.00000000001,2498,0.0256,True,23,0.20576461168935148,0.2608695652173913,0.087237153880008,-0.08442352941176472,0.65,0.2847826086956522,0.03607005070947367
JIHD,14638751.000000022,5498,0.014690909090909091,False,145,0.4721716987995635,0.2482758620689655,0.004549709822788181,-0.050405194805194786,0.0,0.36482758620689654,0.002802908699941195
JKON,12914878.220336925,4593,0.0128992700729927,False,107,0.4685390812105378,0.205607476635514,-0.01668241447720496,-0.03789922380036388,0.2,0.3397196261682243,-0.008541638327803634
JKSW,433125.99999999977,4181,0.0181,False,113,0.4467830662520928,0.21238938053097345,-0.037784495301201614,-0.07692352941176472,0.0,0.31194690265486724,0.002686799896408931
JPFA,4099918750.9999976,6353,0.011034782608695653,False,142,0.518022981268692,0.3591549295774648,0.03538902903408502,-0.03571373564678053,0.05,0.4637323943661972,0.021209578075214012
JRPT,287259500.9999995,5147,0.014371929824561404,False,116,0.5183602098309695,0.31896551724137934,0.01186197694797704,-0.027351040224279956,0.0,0.3857758620689655,0.006480934006512857
JSMR,23060603983.60427,4608,0.007898850574712644,False,117,0.501953125,0.29914529914529914,0.006269234905453133,-0.02499290199227324,0.0,0.43034188034188037,-0.0015797215100302477
JSPT,1.0,6025,0.012178947368421053,False,79,0.27319502074688795,0.17721518987341772,-0.019394693102044693,-0.023478353525370296,0.05,0.1670886075949367,-0.0021575662467813624
JTPE,114091251.00000006,6039,0.018757894736842105,False,131,0.5042225534028812,0.2748091603053435,0.011186870486201459,-0.03166126654172643,0.0,0.36412213740458016,0.012730888206712898
KAEF,627481251.0000005,6241,0.01485925925925926,False,149,0.46899535330876463,0.2751677852348993,0.019788891179966704,-0.04250903251398721,0.0,0.38859060402684564,0.002186616492605511
KARW,725001.0000000006,4150,0.01490232558139535,False,78,0.41927710843373495,0.19230769230769232,0.05794818411537894,-0.07192552145768402,0.65,0.257051282051282,0.04001066063390622
KBAG,53586701.0,1536,0.0256,True,23,0.3860677083333333,0.30434782608695654,0.015451970122252096,-0.0256,0.4,0.21956521739130436,-0.022701406059676535
KBLI,117166150.99999994,5147,0.01411063829787234,False,135,0.4863027006022926,0.21481481481481482,-0.005368549835459738,-0.03584974437937776,0.0,0.35777777777777775,-0.0005037763703624823
KBLM,2945000.9999999995,6160,0.012402721088435374,False,161,0.4693181818181818,0.18633540372670807,-0.03188120148774165,-0.04999670807105022,0.0,0.33322981366459625,-0.004793935705333136
KBLV,1275001.0000000002,6312,0.01264225352112676,True,104,0.31653992395437264,0.2403846153846154,0.044297103528892906,-0.054618770155177646,0.75,0.23221153846153847,0.007103712209749818
KBRI,67500.99999999996,2641,0.0256,False,35,0.24271109428246876,0.11428571428571428,-0.06670331730543597,-0.04520784313725494,0.95,0.10142857142857142,-0.039505609736809055
KDSI,1968751.0000000002,6514,0.017261807580174926,False,161,0.49324531777709546,0.2919254658385093,-0.016132372932433872,-0.05174465516361082,0.0,0.40372670807453415,0.0005541780850911651
KDTN,26442651.0,907,0.013730081300813008,True,27,0.432194046306505,0.1111111111111111,0.24280688222896082,-0.029355081300813008,0.25,0.2962962962962963,0.04080905332156577
KEEN,1038704400.9999996,1688,0.013474015748031497,False,40,0.48755924170616116,0.275,-0.0028825948850207347,-0.04265858783239581,0.15,0.4025,-0.0017311638127523537
KEJU,88650000.99999994,1628,0.011413953488372094,False,39,0.43796068796068793,0.23076923076923078,0.02617304630268543,-0.01961067748022177,0.0,0.3474358974358974,0.008895405327048895
KETR,117927201.0000001,906,0.01490232558139535,True,16,0.40618101545253865,0.4375,0.14342372141811266,-0.007089376767699697,0.3,0.403125,0.08422705023345493
KICI,102800.99999999997,6026,0.013062686567164179,False,148,0.4445735147693329,0.20945945945945946,-0.03283587919496641,-0.04777824440410931,0.05,0.30236486486486486,-0.0047899019350988534
KIJA,3587240929.262543,6184,0.011552380952380953,False,132,0.5003234152652005,0.3787878787878788,0.01368841631003179,-0.024629211143139457,0.05,0.4087121212121212,0.005166458557895932
KING,221376800.9999997,838,0.010728205128205128,False,21,0.4606205250596659,0.38095238095238093,0.010290861055805267,-0.0299589743589744,0.1,0.4119047619047619,0.03801354575581396
KINO,261407500.99999985,2626,0.010294835680751173,True,51,0.45163747143945165,0.3137254901960784,0.016563721902700123,-0.028345413322270023,0.55,0.35,-0.006046564365614883
KIOS,102788051.00000001,2185,0.014522133906069271,True,45,0.38123569794050344,0.2,0.0403638911095523,-0.07533292248458279,0.45,0.2788888888888889,0.01349454003645853
KJEN,256216000.9999999,1733,0.011034782608695653,True,30,0.41431044431621467,0.36666666666666664,0.1374361061296727,-0.04922796304796277,0.5,0.37,0.030283428355922605
KKES,48321351.00000002,973,0.02832727272727273,True,20,0.40184994861253853,0.3,0.005202158505468402,-0.08287274681010262,0.35,0.2875,-0.026161199246472523
KKGI,85885956.05107126,5147,0.012451913111518817,False,108,0.5000971439673596,0.28703703703703703,0.07938661120866473,-0.05356225699670457,0.0,0.3800925925925926,0.023300891669814548
KLAS,708551798.0551927,767,0.01709425287356322,True,16,0.5371577574967406,0.3125,0.09865806548061865,-0.04068090521033182,0.55,0.471875,0.018979550142988307
KLBF,39838677251.00007,5605,0.009461003861003861,False,133,0.5106155218554862,0.3383458646616541,0.004203756622326523,-0.023746383212310776,0.0,0.45789473684210524,0.010717998342099145
KLIN,40239200.99999994,972,0.024467924528301887,True,21,0.37551440329218105,0.3333333333333333,0.25121414664432296,-0.07852197858235595,0.25,0.3357142857142857,0.04650537521993355
KMDS,35853200.99999994,1439,0.015033962264150942,False,36,0.4273801250868659,0.25,-0.008336036794510658,-0.041422862086743124,0.0,0.3402777777777778,-0.006836777017624833
KMTR,19144400.999999978,2261,0.012266666666666667,True,67,0.4099955771782397,0.19402985074626866,-0.009394024834319654,-0.032814615514054755,0.75,0.3328358208955224,-0.005937679818879125
KOBX,74344001.00000003,3472,0.011552380952380953,False,82,0.4236751152073733,0.2804878048780488,-0.022059219138879604,-0.04447920995236179,0.2,0.3475609756097561,-0.010739424259315627
KOCI,98694801.00000009,689,0.02411851851851852,False,17,0.5224963715529753,0.35294117647058826,0.010281633628398925,-0.02411851851851852,0.2,0.3264705882352941,0.018744723849106994
KOKA,809557801.0000008,686,0.01772121212121212,True,15,0.40524781341107874,0.4,0.1922769761898043,-0.1010545454545455,0.6,0.36666666666666664,0.061018186570524297
KONI,1.0,6074,0.0116790273556231,False,108,0.37783997365821537,0.2962962962962963,0.05045325485414111,-0.023626458657893097,0.0,0.2652777777777778,0.04436789480417543
KOPI,1.0,6284,0.020984615384615386,False,94,0.25254614894971356,0.1276595744680851,0.1943903445577822,-0.03449812889812887,0.4,0.1324468085106383,1.7335419048161937
KOTA,221423826.00000012,1727,0.0256,True,26,0.34337000579038796,0.3076923076923077,0.1106496794972099,-0.08974706554007765,0.65,0.3230769230769231,0.04916173513356069
KPIG,15394651.000000024,6571,0.020092753623188405,False,170,0.46172576472378635,0.19411764705882353,-0.013222110084033073,-0.048871221532091114,0.1,0.305,0.0005417374668107353
KRAH,180400000.9999999,1348,0.010119774011299435,False,26,0.5400593471810089,0.3076923076923077,0.09598187324586942,-0.017473609766622215,0.0,0.37884615384615383,0.033829700386094806
KRAS,1779906600.9999998,3882,0.010294835680751173,True,78,0.41859866048428646,0.2948717948717949,0.010719449430390235,-0.03923889556982118,0.6,0.3371794871794872,-0.010634237238155897
KREN,277675001.00000036,5986,0.030600000000000002,False,138,0.4894754426996325,0.2246376811594203,-0.007086053063851961,-0.06834932871594616,0.0,0.31231884057971016,-0.014325734727533556
KRYA,1088146851.0000002,982,0.019784397163120568,False,24,0.4175152749490835,0.20833333333333334,-0.003007976082158803,-0.056148033526756944,0.45,0.33125,0.03132719337588257
KUAS,87245100.9999999,1164,0.02411851851851852,True,28,0.5146048109965635,0.17857142857142858,-0.012837410509137353,-0.04316784428570462,0.35,0.30178571428571427,-0.028323096085054348
LABA,999808701.0000005,1257,0.012593006993006993,False,27,0.38822593476531425,0.2222222222222222,0.04003651406430895,-0.08558570772293403,0.5,0.31851851851851853,0.055252313947489994
LABS,145476001.00000003,513,0.012742857142857143,False,12,0.5282651072124757,0.3333333333333333,-0.0332180400838046,-0.03364903429903429,0.0,0.4625,-0.016648368502864448
LAJU,742667900.9999998,851,0.02199344262295082,True,14,0.3501762632197415,0.2857142857142857,-0.025242038193278325,-0.05309274609520419,0.5,0.2392857142857143,-0.020465262236899595
LAND,53821751.00000002,1954,0.0181,True,35,0.38331627430910953,0.2857142857142857,0.056475514948635466,-0.07365555555555559,0.4,0.29428571428571426,-0.023933765130923237
LAPD,1080.9999999999998,6232,0.014690909090909091,False,84,0.2758344030808729,0.2857142857142857,0.04845586171696964,-0.040294301132657306,0.25,0.1988095238095238,0.0038739052778075955
LCGP,767341001.0000008,2883,0.0155009900990099,False,58,0.4006243496357961,0.1896551724137931,0.010121044404159526,-0.046567254201981434,0.15,0.26982758620689656,-0.011676829654931562
LEAD,437870475.9999995,3115,0.01794567901234568,True,50,0.39325842696629215,0.3,0.029665863470652826,-0.05568154084613109,0.65,0.329,-0.010798426057979664
LFLO,8658101.0,1298,0.017364705882352942,False,41,0.43682588597842836,0.1951219512195122,0.014820879629392733,-0.06821216115655904,0.0,0.4024390243902439,0.011848042702068025
LIFE,1180000.9999999993,1727,0.009749377593360996,False,42,0.44412275622466707,0.19047619047619047,0.021525776907817276,-0.027260798972855903,0.2,0.32857142857142857,0.012614893329991895
LINK,2270554501.0000024,2944,0.008047980416156671,True,68,0.44870923913043476,0.3235294117647059,0.0015809466618584215,-0.028857225915075276,0.45,0.3926470588235294,-0.009030698169976292
LION,93001.00000000007,6035,0.0106,False,166,0.4820215410107705,0.14457831325301204,-0.038493451194819055,-0.05283903040138249,0.05,0.3358433734939759,0.0025405753586356613
LIVE,1126118201.0000002,603,0.0155009900990099,False,11,0.5024875621890548,0.6363636363636364,-0.005667161766381021,0.013696090192960867,0.15,0.41363636363636364,-0.0036366562452375744
LMAS,2500000.9999999995,4273,0.024830769230769233,False,84,0.3744441844137608,0.17857142857142858,-0.03607653488404313,-0.06033493042211948,0.1,0.17142857142857143,-0.028939618287442383
LMAX,160640200.99999994,729,0.01842051282051282,True,17,0.4279835390946502,0.29411764705882354,0.08128044286769945,-0.1066558069381599,0.4,0.4,0.007228263271086675
LMPI,6012501.000000004,6387,0.012402721088435374,False,174,0.484264913104744,0.1781609195402299,-0.04142358778798894,-0.04750835489125227,0.15,0.37528735632183907,0.0044276223038948225
LMSH,1.0,4232,0.0106,False,120,0.5321361058601134,0.19166666666666668,-0.05210923344536846,-0.06863136141425735,0.0,0.37083333333333335,0.03004685374809241
LOPI,184052051.0000003,686,0.023143859649122807,True,12,0.4271137026239067,0.4166666666666667,0.12536047545561693,-0.07835148388329571,0.35,0.4166666666666667,0.018805750474744348
LPCK,268257306.4744872,6055,0.012093506493506493,False,142,0.4685383980181668,0.2676056338028169,0.020611245315584295,-0.04857169580574172,0.05,0.39823943661971833,0.008714464650556208
LPGI,208751.00000000015,6278,0.011949206349206348,False,143,0.5017521503663587,0.27972027972027974,-0.007759328965777647,-0.027822404597584532,0.0,0.3776223776223776,0.0070708053089973254
LPIN,390251.00000000006,5922,0.014295652173913043,False,125,0.49020601148260723,0.24,0.024251576772747283,-0.05000985084110332,0.0,0.3624,0.018507673445558412
LPKR,19928220233.247772,5147,0.01077771493667578,True,112,0.4693996502817175,0.3125,-0.0013125888498554106,-0.029202288464277908,0.15,0.4138392857142857,-0.010247262589264996
LPLI,5801701.000000004,6387,0.013175757575757577,False,156,0.4470017222483169,0.23076923076923078,-0.013122768727759464,-0.05285865373098571,0.5,0.34775641025641024,0.028522115843970717
LPPF,6478212001.0,5146,0.009409523809523809,True,100,0.4325689856198989,0.3,0.1514678363006537,-0.027428978531684797,0.55,0.3475,0.03998655000978802
LPPS,18146251.000000004,6408,0.0156,False,168,0.4241573033707865,0.17261904761904762,-0.03250685729158815,-0.050842974693370624,0.0,0.2800595238095238,-0.012795477560392612
LRNA,4304051.000000004,2918,0.01177283950617284,False,81,0.45407813570939,0.16049382716049382,-0.027126572932532386,-0.0506617283950617,0.2,0.3512345679012346,-0.0067563429367953785
LSIP,14796751501.000021,6034,0.009552569169960473,False,129,0.5233675836924097,0.4263565891472868,0.03495234799964887,-0.015332910697376606,0.0,0.49612403100775193,0.01765341029516401
LTLS,125934001.00000013,6353,0.010663291139240506,False,137,0.47788446403274043,0.32116788321167883,0.023467488842705407,-0.02348362642929406,0.0,0.39014598540145984,0.005535705117086123
LUCK,211995501.00000018,1885,0.012356756756756758,True,37,0.4116710875331565,0.3783783783783784,0.007972903153569594,-0.042659787059787034,0.5,0.3472972972972973,-0.007542444738565808
LUCY,63994681.35401162,1278,0.013351937984496125,True,25,0.4569640062597809,0.44,0.4863688000085629,-0.04393966824837219,0.45,0.462,0.13338103799807305
MABA,1775105922.7808707,468,0.012872727272727272,True,7,0.2905982905982906,0.2857142857142857,-0.020957953100586974,-0.03201142035996486,0.4,0.29285714285714287,0.04938155607769087
MAGP,10001.00000000001,1547,0.0256,True,8,0.10407239819004525,0.125,-0.04502221622619815,-0.04098461538461533,0.75,0.1125,-0.04732176340041791
MAHA,1947240801.000002,740,0.011380346820809248,False,15,0.44054054054054054,0.26666666666666666,-0.023324590059957476,-0.04814505270316217,0.15,0.37333333333333335,-0.013386237374830658
MAIN,1.0,5054,0.012952941176470587,False,76,0.27285318559556787,0.14473684210526316,-0.04081663276093446,-0.030951239479040688,0.15,0.2118421052631579,0.06398626696076642
MAMI,220000.99999999983,4199,0.0256,False,77,0.3234103357942367,0.16883116883116883,-0.06350188381910647,-0.04520784313725494,0.0,0.21038961038961038,0.0018297328558061943
MANG,910256950.9999987,623,0.021225,True,12,0.420545746388443,0.3333333333333333,-0.018244304216924256,-0.12798490675990676,0.6,0.4125,-0.008982161714784557
MAPA,3891041001.000001,1990,0.015452216748768472,False,44,0.4914572864321608,0.2727272727272727,0.031152478100137746,-0.03301118679387334,0.05,0.41363636363636364,0.004803041261883849
MAPB,2869001.000000001,2258,0.008532551319648094,False,66,0.429140832595217,0.10606060606060606,-0.03345682817474586,-0.04347979803160069,0.4,0.29545454545454547,-0.013674567851998895
MAPI,7751215001.000008,5367,0.013864462809917356,False,119,0.5071734674864915,0.35294117647058826,0.01745932714610053,-0.028864430258991415,0.0,0.4638655462184874,0.012316069441223994
MARI,276020500.9999995,797,0.013292307692307694,False,20,0.4742785445420326,0.35,0.0283930031217317,-0.021409921379486253,0.0,0.4575,0.0427150816767832
MARK,5017346250.999998,2244,0.013062686567164179,False,54,0.5084670231729055,0.2962962962962963,0.026425250805816057,-0.035480134814861994,0.0,0.43333333333333335,0.02471545585062316
MASA,184944926.0000001,3397,0.013443137254901961,False,84,0.48160141301148074,0.25,0.002485688967403376,-0.03878703427132494,0.05,0.3726190476190476,0.007432112626715774
MASB,5526251.0,1243,0.008541176470588236,False,38,0.45132743362831856,0.18421052631578946,-0.026612645739321105,-0.023006685426113355,0.35,0.32763157894736844,-0.008289277470567003
MAXI,58928501.000000015,767,0.024830769230769233,True,17,0.42242503259452413,0.11764705882352941,-0.02424340102091188,-0.04177992177314207,0.6,0.15294117647058825,-0.02885697424840548
MAYA,5084782.535202023,5147,0.010882504701667774,False,116,0.46959393821643675,0.27586206896551724,0.020420564595778755,-0.030021712307738237,0.0,0.3336206896551724,0.015314078856173488
MBAP,214110001.00000003,2924,0.009608016032064128,False,57,0.46169630642954856,0.3508771929824561,0.03345761681289984,-0.01547309871442898,0.0,0.38596491228070173,0.011313466640506588
MBMA,37250909401.00004,797,0.014528571428571429,True,17,0.4127979924717691,0.4117647058823529,-0.0018587812415934819,-0.027773604541154167,0.6,0.3735294117647059,-0.0045077957044593045
MBSS,516981751.00000024,3783,0.010754639175257732,True,84,0.4766058683584457,0.35714285714285715,0.02108213778777158,-0.025708235580652352,0.1,0.425,0.0035217726175784617
MBTO,10779801.0,3840,0.012692198581560284,False,88,0.46770833333333334,0.23863636363636365,-0.020007991619098754,-0.03866622455558627,0.5,0.35965909090909093,-0.011939463992685787
MCAS,1651041250.999999,2165,0.008794888178913739,True,47,0.42217090069284063,0.2765957446808511,0.028067706997209455,-0.03992329284817444,0.6,0.35319148936170214,-0.009549460760222063
MCOL,486123751.0000002,1197,0.010501960784313726,False,26,0.44110275689223055,0.2692307692307692,0.02873198887803768,-0.02084739822762424,0.0,0.38846153846153847,0.033561357604819785
MCOR,143463801.0,4699,0.015190196038117575,False,104,0.42264311555650136,0.2692307692307692,-0.020454292452441902,-0.03519018870186776,0.15,0.31490384615384615,-0.007381630298904821
MDIA,3455001.000000002,3036,0.019784397163120568,True,52,0.4005270092226614,0.28846153846153844,0.10511956175683895,-0.031757123799628126,0.1,0.24519230769230768,0.019472942735001525
MDKA,83298290500.99992,2745,0.008588364493502131,False,70,0.5468123861566484,0.35714285714285715,0.01140791338861543,-0.02911368573807703,0.0,0.47785714285714287,0.012038476279507724
MDKI,54828551.00000002,2192,0.0156,False,58,0.4698905109489051,0.15517241379310345,-0.031040884587934213,-0.03355036682064805,0.25,0.3017241379310345,-0.009900970666593682
MDLN,473802501.0000008,6136,0.014488888888888888,False,135,0.46235332464146023,0.25925925925925924,0.02230559693575004,-0.048774610627291826,0.0,0.3451851851851852,0.0008423271059881253
MDRN,11936500.99999998,4199,0.014521561868930534,False,96,0.4503453203143606,0.21875,-0.014032731756781996,-0.06452146902016045,0.25,0.3203125,-0.006779049641914305
MEDC,5649609448.0908165,6524,0.01457435855301176,False,159,0.5003065603923973,0.3270440251572327,0.015847043140682367,-0.03719870958033028,0.0,0.43144654088050316,0.004568383841388781
MEDS,1343509326.0000012,971,0.020984615384615386,True,14,0.29145211122554066,0.21428571428571427,-0.028591181272290014,-0.053587640945387434,0.5,0.26071428571428573,-0.036017621221699415
MEGA,3338964.1027374263,5147,0.011828975212678216,False,143,0.48571983679813485,0.20279720279720279,-0.024068245656080123,-0.035413992909700806,0.0,0.34825174825174826,0.00269090414026059
MEJA,7045467110.227557,603,0.013645977082052799,True,13,0.5240464344941956,0.5384615384615384,0.16875603792580932,0.049417083813744586,0.35,0.5038461538461538,0.06563670498745794
MERK,28390000.999999974,6026,0.008266666666666667,True,110,0.5393295718552937,0.4,0.04147476827517579,-0.010607673855441613,0.0,0.4531818181818182,0.012322644621995496
META,862112430.9494889,3271,0.010659678759174096,True,75,0.4481809844084378,0.26666666666666666,0.0506863706140559,-0.03296350517753869,0.1,0.3446666666666667,0.012649127732723472
MFIN,48195000.99999996,3334,0.011314285714285714,False,81,0.5533893221355729,0.41975308641975306,0.037733304366299764,-0.017111368904648143,0.0,0.49135802469135803,0.03090314598280142
MFMI,549500.9999999995,2050,0.013175757575757577,False,63,0.48292682926829267,0.19047619047619047,-0.031500823642572236,-0.07817597484733292,0.05,0.39206349206349206,0.0016269511675678027
MGLV,13896600.999999978,1259,0.013600000000000001,False,31,0.5599682287529786,0.3548387096774194,0.3813017719402362,-0.0495281437125748,0.0,0.5177419354838709,0.19456732315554492
MGNA,13400.999999999989,2926,0.0256,True,40,0.2696514012303486,0.2,0.059533186467717915,-0.05551071428571429,0.15,0.21625,-0.0011640549203371631
MGRO,3434768250.9999957,1984,0.012356756756756758,False,52,0.46975806451612906,0.21153846153846154,-0.00346731572575017,-0.031413786683351895,0.0,0.3663461538461538,-0.003910365312261178
MHKI,689871601.000001,567,0.013233587786259542,True,11,0.455026455026455,0.36363636363636365,0.048497882016738,-0.013233587786259542,0.15,0.40454545454545454,-0.03964315137049148
MICE,17222001.000000026,5091,0.010489975550122248,False,128,0.49361618542526026,0.2890625,-0.004845000841455725,-0.02947147519627939,0.25,0.397265625,0.0014577472927255757
MIDI,4597857.561882021,3870,0.01564749933232331,False,103,0.5175710594315246,0.20388349514563106,-0.017354995830309028,-0.04003769907810369,0.0,0.36650485436893204,-0.0024134054603413145
MIKA,26605231501.000034,2803,0.009648582995951418,False,76,0.4809133071708883,0.2631578947368421,-0.014550006838599208,-0.03375519818910325,0.0,0.4236842105263158,-0.005942238305104673
MINA,76007450.99999997,2294,0.019113513513513515,False,48,0.42066259808195294,0.25,0.08447068038452897,-0.05008117779980096,0.15,0.346875,0.03483936037903261
MIRA,954600.9999999995,5146,0.0256,False,69,0.2578701904391761,0.2318840579710145,0.04523383822246217,-0.04520784313725494,0.05,0.18043478260869567,0.002304415737974465
MITI,49745451.000000045,6434,0.01151715976331361,False,130,0.36897730805097917,0.23846153846153847,-0.018416632399998023,-0.06134856081441578,0.5,0.27884615384615385,-0.0020851697734188372
MKAP,256454601.00000018,603,0.01134712643678161,False,11,0.41625207296849087,0.45454545454545453,0.16025862554846618,-0.021055792696101486,0.0,0.4863636363636364,0.08607918725816974
MKNT,99258300.99999997,870,0.011716207951070336,False,22,0.3620689655172414,0.22727272727272727,-0.0033706019233627556,-0.05295332135313216,0.25,0.3522727272727273,0.029325987094544374
MKPI,7500001.000000002,4208,0.0069698630136986305,False,81,0.44272813688212925,0.25925925925925924,0.012039067307004889,-0.008694085381646633,0.0,0.32222222222222224,0.012794704361200676
MKTR,147002400.99999994,908,0.013600000000000001,False,24,0.4107929515418502,0.125,-0.0414193452073539,-0.03782555386861969,0.3,0.27708333333333335,-0.005326001699673669
MLBI,111075000.99999994,6087,0.009600000000000001,False,116,0.5281747987514375,0.39655172413793105,0.03824651762439809,-0.009600000000000001,0.0,0.4353448275862069,0.02177246269669084
MLIA,33385875.999999978,6403,0.01671111111111111,False,150,0.4877401218178979,0.31333333333333335,-0.00022345972710032284,-0.037707173103461486,0.0,0.3883333333333333,-0.0003496158178233438
MLPL,1918687275.999999,5147,0.011413953488372094,True,107,0.43928502040023315,0.2897196261682243,0.10341635166530323,-0.040999752304940185,0.4,0.35514018691588783,0.01571299528078336
MLPT,41352252.291275024,3223,0.027626430977760654,False,73,0.5007756748371083,0.273972602739726,0.27558265271710913,-0.04649426045866226,0.0,0.31575342465753425,0.07122843319556747
MMIX,1291703750.9999979,889,0.01530873786407767,False,23,0.532058492688414,0.30434782608695654,0.08158383346254283,-0.0548567604629477,0.1,0.5,0.08585104226102991
MMLP,480839150.99999934,2749,0.00963225806451613,False,66,0.43688614041469626,0.19696969696969696,-0.027721669700045692,-0.032623026084952725,0.7,0.325,-0.0038682357138872425
MNCN,17540010501.000015,4705,0.0109475935828877,False,107,0.4718384697130712,0.29906542056074764,-0.00012046733634980536,-0.057279670633890764,0.3,0.4224299065420561,-0.0063056472922717365
MOLI,22521401.000000015,1949,0.01144795321637427,False,50,0.46228835300153925,0.18,-0.03171989594691975,-0.06644798354656167,0.5,0.353,-0.013158019533940597
MORA,75397201.00000006,973,0.009910344827586206,False,27,0.4193216855087359,0.1111111111111111,0.5571892148250951,-0.02278588130827294,0.05,0.32037037037037036,0.11514540320254897
MPIX,259108850.99999976,604,0.019885714285714284,True,13,0.5695364238410596,0.5384615384615384,0.05244638856890586,0.010883583868208424,0.85,0.4153846153846154,-0.01492214255174151
MPMX,1758704750.9999976,3253,0.010835602094240837,False,74,0.49093144789425147,0.32432432432432434,0.011200890563180745,-0.028534847460344737,0.05,0.41283783783783784,0.0029694230539992765
MPOW,81575400.99999987,2249,0.015215384615384617,False,59,0.40373499333036905,0.23728813559322035,-0.01646062465057803,-0.05191263232180664,0.2,0.29152542372881357,-0.0215794562539631
MPPA,1922000000.9999993,6432,0.013933333333333332,False,149,0.47372512437810943,0.2751677852348993,0.03167865186686554,-0.053039478584729995,0.2,0.3865771812080537,0.0006056255395335528
MPRO,3501250.999999997,1922,0.009060207612456747,False,49,0.5031217481789803,0.2653061224489796,0.1573880295830717,-0.04239354094579007,0.05,0.4306122448979592,0.09205436425374333
MPXL,573025550.9999998,788,0.012496551724137932,False,18,0.49746192893401014,0.2777777777777778,0.003587836334942097,-0.04603442868773377,0.35,0.4638888888888889,0.014838787329226803
MRAT,24532501.00000001,5960,0.011482352941176471,False,152,0.48053691275167787,0.21710526315789475,-0.011013740664432238,-0.036404670739725836,0.0,0.36973684210526314,-0.002011654433775989
MREI,999.64502,3253,0.008843783217775524,False,75,0.5395019981555488,0.37333333333333335,0.021895155216920235,-0.02670356253494528,0.05,0.47733333333333333,0.045949553245324334
MSIE,57630575.99999997,729,0.042637037037037036,False,22,0.48559670781893005,0.2727272727272727,0.04644928937393198,-0.10449928193499619,0.25,0.3840909090909091,0.020626380384269942
MSIN,2125826250.999997,2008,0.00979287211740042,True,45,0.39143426294820716,0.17777777777777778,0.22473928667551837,-0.023126214808674373,0.2,0.34444444444444444,0.061776140076373
MSJA,2545553101.0000033,624,0.011811180124223601,False,14,0.5048076923076923,0.5,0.02103178049687319,0.0012160377311914508,0.15,0.48928571428571427,0.008292766542716329
MSKY,269479126.00000006,3471,0.01118659217877095,True,81,0.4093921060213195,0.2222222222222222,-0.02966495448810186,-0.036186592178770974,0.85,0.295679012345679,-0.01228703804267998
MSTI,1675750251.0000029,666,0.009108771929824561,False,18,0.4264264264264264,0.16666666666666666,-0.019494205924948004,-0.02651376938488497,0.2,0.38333333333333336,-0.002077764830040981
MTDL,271652000.9999999,6509,0.025476786127255287,False,176,0.5002304501459518,0.2159090909090909,-0.016415436994694665,-0.04707733552169191,0.0,0.3215909090909091,-0.006652579133763068
MTEL,16224792001.000029,1144,0.013175757575757577,True,22,0.3994755244755245,0.36363636363636365,-0.006569329663712095,-0.013175757575757577,0.1,0.30227272727272725,-0.01876671782951552
MTLA,15633275.999999989,3733,0.010625125628140704,False,101,0.4671845700508974,0.24752475247524752,-0.010527954387359153,-0.03814800019973168,0.0,0.3940594059405941,0.0018548757049708425
MTMH,7278901500.999997,1042,0.009758004158004159,False,34,0.34452975047984646,0.11764705882352941,-0.044936362201418556,-0.04816015981156819,0.4,0.34411764705882353,-0.012355586860932825
MTRA,32405401.000000045,798,0.011929113924050633,False,16,0.4674185463659148,0.25,0.01739881415072508,-0.02166937366431035,0.1,0.365625,0.008256408508001098
MTSM,1.0,3822,0.013600000000000001,False,78,0.38304552590266877,0.08974358974358974,-0.05211809734648368,-0.06726884888161483,0.25,0.18846153846153846,0.005947238528545332
MTWI,102200651.31629568,2181,0.014695793265010328,False,55,0.4497936726272352,0.2,-0.0019339781118421046,-0.05956743109125193,0.0,0.3281818181818182,-0.007205890728937647
MUTU,244049025.99999988,729,0.0156,False,18,0.48148148148148145,0.3333333333333333,-0.004560164629285706,-0.02690045518907985,0.3,0.425,-0.0018934787940881677
MYOH,38440501.00000001,6334,0.010685349067125241,True,100,0.3808020208399116,0.35,0.03599394518142026,-0.014733009873451367,0.15,0.266,0.007890692534533113
MYOR,1090399814.554119,6403,0.0106,False,142,0.5342808058722474,0.3028169014084507,0.030147942492151802,-0.02706369568912176,0.0,0.4669014084507042,0.01759390389598284
MYRX,582735001.0000004,4536,0.06889113924050631,False,104,0.37720458553791886,0.17307692307692307,-0.08615694828398747,-0.10358184857893475,0.0,0.15913461538461537,-0.05574216048281752
MYRXP,3470351.0,4328,0.0256,False,67,0.2959796672828096,0.1791044776119403,-0.05173799921869398,-0.04411851851851849,0.1,0.1582089552238806,-0.015034749427953591
MYTX,2037510.5765364997,4274,0.015246085229394371,False,121,0.4606925596630791,0.21487603305785125,-0.046024707132837545,-0.07774608522939437,0.15,0.39793388429752063,-0.0038242626711565563
NAGA,239951.0000000002,1428,0.010676142131979694,False,44,0.48249299719887956,0.20454545454545456,-0.050714219732928396,-0.07576655144349452,0.35,0.3704545454545455,0.002130600822221402
NAIK,2339384151.000004,424,0.013204562737642585,True,7,0.3891509433962264,0.2857142857142857,0.03500494712914134,-0.11168941212423711,0.45,0.38571428571428573,-0.015275223568854586
NANO,228337501.00000033,1070,0.044061538461538464,True,22,0.3813084112149533,0.18181818181818182,0.047209023547922675,-0.09418685174474653,0.3,0.27045454545454545,-0.049979461586711606
NASA,5760000.999999997,2228,0.021729032258064516,True,41,0.38195691202872534,0.24390243902439024,0.004300004949480615,-0.04875605928509149,0.5,0.24146341463414633,-0.02926909750263879
NASI,562465350.9999995,1129,0.0155009900990099,False,29,0.43312666076173606,0.2413793103448276,-0.011865569869282867,-0.08216765676567656,0.2,0.39655172413793105,-0.01708745248183925
NATO,10681153000.999998,1848,0.015123809523809525,False,50,0.4837662337662338,0.26,0.05084716333449507,-0.0451681421382356,0.0,0.365,0.01499437101580058
NAYZ,277176300.9999997,845,0.024830769230769233,True,20,0.450887573964497,0.25,0.10654568246920662,-0.07136756359261057,0.5,0.3575,0.08954110941251457
NCKL,27895114000.99999,801,0.0109475935828877,False,20,0.4893882646691635,0.2,-0.002969428328879924,-0.05178986902300718,0.3,0.4425,-0.0011725435593940765
NELY,18245701.00000002,3407,0.011734969325153374,False,88,0.4713824479013795,0.17045454545454544,-0.03573511648895406,-0.049263434953221316,0.2,0.3625,0.0039709502945845755
NEST,2667534600.9999986,492,0.01106448087431694,False,12,0.4796747967479675,0.3333333333333333,0.02178966707760054,-0.03525446614677641,0.15,0.5708333333333333,0.058711508395451535
NETV,329233200.9999995,1098,0.011869592476489027,True,24,0.31693989071038253,0.16666666666666666,-0.0173985310146432,-0.07331366987148666,0.9,0.3020833333333333,-0.020624036796860586
NFCX,256403750.99999976,1984,0.009624144869215291,True,39,0.42338709677419356,0.358974358974359,0.06613087362036683,-0.04698046670829573,0.25,0.38974358974358975,0.006833623263193141
NICE,2294834001.0,625,0.010501960784313726,False,14,0.3536,0.21428571428571427,-0.023336991696419583,-0.0839520955552032,0.55,0.3535714285714286,0.012730201371125212
NICK,3697500.9999999986,2034,0.012010256410256409,False,55,0.5442477876106194,0.32727272727272727,0.017208628488409677,-0.05834230274230276,0.15,0.45454545454545453,0.0251620918274592
NICL,3670583201.000006,1236,0.013697165991902835,False,24,0.5024271844660194,0.2916666666666667,0.17518327194710379,-0.0530560791755169,0.0,0.48541666666666666,0.05711344581570757
NIKL,304985001.00000024,4103,0.0109475935828877,True,82,0.4128686327077748,0.3170731707317073,0.07325409158783631,-0.03450531979625447,0.4,0.35,0.02057599600961931
NINE,42271801.000000015,889,0.027822222222222224,True,25,0.42407199100112486,0.16,0.7778424729800796,-0.15282222222222222,0.35,0.336,0.1342528856719872
NIPS,1570001.0000000005,4000,0.01595598705501618,False,99,0.4775,0.25252525252525254,-0.02514921636813392,-0.051671223300970806,0.0,0.3505050505050505,0.020320182867645233
NIRO,40671950.999999955,3427,0.012742857142857143,False,101,0.4114385760140064,0.09900990099009901,-0.009661966148480215,-0.026827364185110645,0.05,0.24504950495049505,-0.008201305356387249
NISP,11802395.613983162,5825,0.013223105901988745,False,146,0.5138197424892704,0.2671232876712329,-0.014446122962052398,-0.02740754825995398,0.0,0.3791095890410959,0.002647854249398619
NOBU,595366000.9999992,3261,0.012726082689177617,False,83,0.46918123275068996,0.20481927710843373,-0.018311117678843573,-0.033559454504644246,0.0,0.3265060240963855,-0.0095866782705965
NPGF,276254275.99999964,1293,0.023457142857142857,True,29,0.419953596287703,0.1724137931034483,0.005021669209936982,-0.04831385738312101,0.4,0.2810344827586207,-0.012895919580785469
NRCA,222597501.00000036,3233,0.01070204081632653,True,71,0.4729353541602227,0.323943661971831,0.0290182706052981,-0.024987844683432958,0.25,0.3901408450704225,0.005345183284471634
NSSS,4038975000.9999986,821,0.0134125,False,16,0.5773447015834349,0.5625,0.12235203233089119,0.01253213841837613,0.25,0.621875,0.11714293524314286
NTBK,36637500.99999994,1089,0.0256,True,17,0.3673094582185491,0.23529411764705882,0.05423283253175454,-0.0256,0.65,0.1676470588235294,0.006299260362665946
NZIA,54375775.99999999,1671,0.012692198581560284,False,45,0.4069419509275883,0.2,-0.03253654674394284,-0.054945719708320906,0.1,0.33,-0.010714196259211736
OASA,157998596.6932335,2492,0.018277480323703642,False,54,0.5032102728731942,0.3148148148148148,0.06920663689522567,-0.03323144197891016,0.0,0.39166666666666666,0.02782189362022895
OBMD,253106001.00000036,1132,0.01485925925925926,True,25,0.4293286219081272,0.24,0.04104433217180551,-0.04427102396514162,0.15,0.362,0.0005645611116682909
OILS,179924401.00000024,1198,0.011020054200542004,False,28,0.4265442404006678,0.2857142857142857,-0.011950857314153542,-0.02979976109585045,0.35,0.3607142857142857,-0.005911989585780673
OKAS,13072400.999999996,5004,0.012266666666666667,False,123,0.4182653876898481,0.17886178861788618,0.024761336014783374,-0.06226666666666671,0.15,0.3231707317073171,0.005113465271880486
OLIV,52507250.99999997,1030,0.05105454545454546,False,24,0.3766990291262136,0.16666666666666666,0.11671014908687866,-0.13438787878787883,0.15,0.22916666666666666,-0.011872779141088677
OMED,648743301.0000007,908,0.010650505050505051,False,23,0.45044052863436124,0.21739130434782608,-0.008793181190232594,-0.029518495255235894,0.2,0.3282608695652174,-0.00966536465592816
OMRE,1.0,6046,0.013476236746196996,False,89,0.3599073767780351,0.2808988764044944,0.01890102428497072,-0.03165801552956091,0.25,0.20786516853932585,0.01315567640687805
OPMS,318567025.99999976,1673,0.015123809523809525,True,33,0.5074716078900179,0.3939393939393939,0.07060078769077119,-0.03399173405211141,0.35,0.39545454545454545,0.008141168208373267
PACK,1767326401.000001,843,0.01530873786407767,True,19,0.46737841043890865,0.3684210526315789,2.443695830673066,-0.09425610628513033,0.35,0.46578947368421053,0.3388494488078445
PADA,46198251.00000007,886,0.0256,True,14,0.3871331828442438,0.35714285714285715,0.44381058235748055,-0.07893333578971744,0.25,0.32857142857142857,0.061050309123836896
PADI,39035000.99999995,3596,0.013322007722007721,True,75,0.41601779755283647,0.28,0.04614495122433169,-0.041893463052523026,0.4,0.36133333333333334,0.030695068170140796
PALM,8837501.000000002,3407,0.010419277108433735,False,100,0.41884355738186085,0.19,-0.03378959754844949,-0.04641066774017158,0.1,0.3325,-0.005746790388329261
PAMG,220412700.99999973,1729,0.018933333333333333,False,44,0.42857142857142855,0.20454545454545456,-0.03523590753763029,-0.0554078344419808,0.2,0.32840909090909093,-0.01504104062984933
PANI,1949450799.084228,1937,0.011314285714285714,False,53,0.5188435725348477,0.3018867924528302,0.18029738906403364,-0.030544972912058148,0.0,0.4867924528301887,0.1406466056834658
PANR,216249925.85375232,6188,0.013318489029454417,True,133,0.49256625727213965,0.2781954887218045,0.053941191604521765,-0.02714333728323436,0.05,0.37781954887218044,0.007879384415350538
PANS,60739125.99999994,6525,0.009446153846153847,False,144,0.5284291187739464,0.3611111111111111,0.024384468093237487,-0.027796380956119603,0.0,0.44722222222222224,0.014060114210550376
PART,1849000501.000003,516,0.014449557522123894,True,10,0.42829457364341084,0.5,-0.00045147552905544367,-0.006385009513359678,0.3,0.465,-0.0022383749170584856
PBID,228708751.0000002,2136,0.010695541401273885,False,56,0.5093632958801498,0.21428571428571427,0.0039760968128552,-0.01691052837457386,0.0,0.37857142857142856,0.007241918507484821
PBRX,285357483.0102784,5845,0.016841440186021683,False,139,0.46894781864841745,0.23741007194244604,0.005889519770199787,-0.041841523500131095,0.15,0.33884892086330937,-0.00411951735465735
PBSA,4597250.999999998,2442,0.011314285714285714,False,56,0.5167895167895168,0.3392857142857143,0.011972879212827194,-0.024648219114674234,0.0,0.4044642857142857,0.014040995265763695
PCAR,26551526.000000007,2123,0.011155555555555556,True,37,0.3702308054639661,0.2972972972972973,-0.013797991803461241,-0.03679658119658122,0.75,0.3,0.006055492180727046
PDES,255001.0000000001,4454,0.014147008547008549,True,77,0.4342164346654692,0.3116883116883117,0.05654323494560631,-0.021839281500341184,0.3,0.312987012987013,0.017284107315911144
PDPP,1319107200.9999993,907,0.0109475935828877,False,23,0.5060639470782801,0.34782608695652173,0.003024560815492148,-0.02309331053723722,0.2,0.5,0.01524753834192963
PEGE,999878.6564636236,5213,0.01464615303494252,False,115,0.4427393055821984,0.21739130434782608,0.022144295789930928,-0.047979454493284196,0.05,0.29130434782608694,0.016315251554409944
PEHA,64522000.999999985,1865,0.011413953488372094,True,37,0.3962466487935657,0.16216216216216217,-0.022220624433321574,-0.02859241105196147,0.8,0.2945945945945946,-0.02295924066526549
PEVE,156012150.99999973,854,0.013292307692307694,False,19,0.5257611241217799,0.3684210526315789,0.008833946677485065,-0.02155677050222502,0.1,0.4868421052631579,0.013279454534509103
PGAS,70080956251.00002,5604,0.010316981132075471,False,125,0.5460385438972163,0.4,0.02900119296372652,-0.02356204605601698,0.0,0.4668,0.011251001386979433
PGEO,18054424625.999977,831,0.010005286343612335,True,15,0.42358604091456076,0.4,0.050642799312476276,-0.04243769308613102,0.35,0.44,0.019821042750966886
PGJO,19151500.999999974,1592,0.01794567901234568,False,34,0.4780150753768844,0.23529411764705882,0.1505964178843837,-0.04301919704361019,0.1,0.4426470588235294,0.10609627355302356
PGLI,151500.99999999997,6097,0.013933333333333332,False,118,0.38133508282762013,0.1864406779661017,-0.003938243640560957,-0.06642707630476044,0.25,0.2830508474576271,0.0011423550989040304
PGUN,7190850.999999997,1479,0.009801680672268907,False,30,0.4726166328600406,0.3,1.0366307741930882,-0.04815064282993716,0.0,0.37666666666666665,0.16306454085737784
PICO,265001.00000000006,5990,0.011005405405405407,False,170,0.46928213689482473,0.17647058823529413,0.04219262757193975,-0.05326102610609346,0.15,0.32941176470588235,0.010255703554041925
PIPA,123682150.99999985,803,0.0256,True,12,0.4259028642590286,0.4166666666666667,0.6039161072444355,-0.07143333333333333,0.5,0.37083333333333335,0.2677183853131571
PJAA,31170001.00000001,5461,0.011413953488372094,False,146,0.47994872733931515,0.22602739726027396,-0.006367828136358761,-0.03326858526400733,0.05,0.3678082191780822,-0.003920591484407148
PKPK,80100750.99999991,4693,0.011482352941176471,False,100,0.4095461325378223,0.3,0.05540615596312693,-0.03530538902536076,0.15,0.335,0.02100448947394544
PLAN,28312701.00000002,1433,0.035903030303030305,False,40,0.479413817166783,0.3,-0.044453205076172765,-0.07038578892371991,0.1,0.3,-0.04047784454724741
PLIN,1.0,3270,0.008138071065989847,False,65,0.4917431192660551,0.36923076923076925,0.02998690801471361,-0.013693612256256536,0.05,0.3823076923076923,0.02177210778681588
PMJS,18275450.99999999,1611,0.013351937984496125,False,41,0.441340782122905,0.17073170731707318,-0.021715033783308753,-0.03308874146184242,0.4,0.35121951219512193,-0.0035592055977343275
PNBN,3676580250.999995,5939,0.011624096385542168,False,133,0.5115339282707526,0.3458646616541353,0.01575905696380778,-0.03487989882137531,0.05,0.45338345864661656,0.006888186195577391
PNBS,405606450.9999998,3103,0.020092753623188405,False,60,0.4218498227521753,0.25,-0.013975581114318045,-0.037416529011479904,0.25,0.24833333333333332,-0.016865132639975702
PNGO,9563000.999999989,1444,0.009048275862068966,False,37,0.5090027700831025,0.2972972972972973,0.005945832899346251,-0.027916091265305865,0.0,0.48783783783783785,0.027689577410378155
PNIN,202734125.99999994,5743,0.013175757575757577,False,128,0.4885948110743514,0.265625,0.005958062204474398,-0.028621843814943607,0.05,0.4140625,0.0010607469278973115
PNLF,4121832100.9999986,5705,0.010650505050505051,False,121,0.4794040315512708,0.33884297520661155,0.008781082835377624,-0.03607427088856077,0.0,0.3888429752066116,0.0007349976810458076
PNSE,1.0,6305,0.01070204081632653,False,110,0.3812846946867565,0.20909090909090908,0.008873781597058794,-0.0298715559387302,0.05,0.2595454545454545,0.011905019669343582
POLA,16057700.999999981,1893,0.020305882352941177,True,41,0.4252509244585314,0.24390243902439024,0.04030817153259781,-0.09173445378151257,0.3,0.29024390243902437,0.0022750683023471203
POLI,4568000.999999996,1854,0.011413953488372094,True,46,0.43797195253505933,0.1956521739130435,-0.0011335104782541567,-0.039988287431833525,0.6,0.34347826086956523,-0.007766926703930129
POLU,3774200.999999999,1736,0.012178947368421053,False,42,0.40725806451612906,0.23809523809523808,-0.006525080477642188,-0.0762053500086851,0.05,0.39166666666666666,0.07164602715835244
POLY,45336951.00000001,4193,0.010919148936170213,False,74,0.38468876699260673,0.3108108108108108,-0.01917612414043144,-0.03192014110902877,0.35,0.28378378378378377,0.003875479780362047
POOL,1741.7296000000003,2758,0.014921488871640718,False,45,0.3868745467730239,0.3111111111111111,0.10526405616437151,-0.014921488871640718,0.55,0.24222222222222223,0.060381709926386765
PORT,3635801.000000003,2323,0.013474015748031497,False,58,0.47008179078777446,0.2413793103448276,-0.034015702329843044,-0.050484285812694894,0.1,0.3439655172413793,-0.0006271453850220804
POWR,1640433500.999998,2510,0.012593006993006993,False,60,0.46374501992031875,0.25,-0.014053341736926905,-0.020175877276167063,0.0,0.37333333333333335,-0.00715398531114036
PPGL,115944201.0000002,1470,0.014295652173913043,False,32,0.47619047619047616,0.40625,-0.004746748463792312,-0.0237304309132938,0.2,0.4625,0.03010518171219604
PPRE,1063000101.0000015,2149,0.01177283950617284,True,46,0.4243834341554211,0.21739130434782608,-0.017708211440942024,-0.040899697368374156,0.75,0.3532608695652174,-0.0052189963976392445
PPRI,1485054151.0000012,730,0.012425938566552901,True,11,0.46301369863013697,0.36363636363636365,0.23297564677661553,-0.08515317327380907,0.5,0.45454545454545453,0.05067388690272979
PPRO,1937330301.0000005,2773,0.025207843137254902,True,43,0.37829065993508837,0.20930232558139536,0.0735413981122564,-0.03991372549019603,0.2,0.21395348837209302,-0.01953338091727059
PRAS,2043751.0000000012,4062,0.013062686567164179,False,129,0.45937961595273263,0.15503875968992248,-0.07712451145646487,-0.07306268656716423,0.1,0.38449612403100775,0.005027925281838012
PRAY,15684751.00000001,908,0.012742857142857143,True,18,0.41409691629955947,0.2777777777777778,0.003977164011195701,-0.020807897793263672,0.5,0.3111111111111111,-0.010304816896217093
PRDA,697926000.9999995,2389,0.008385515320334262,True,54,0.428212641272499,0.3333333333333333,0.005672355216447377,-0.0316521765606757,0.5,0.36203703703703705,-0.0024810638913919008
PRIM,177699600.99999988,2024,0.01516937799043062,True,46,0.38883399209486164,0.1956521739130435,-0.010423504310714728,-0.05814967355693308,0.6,0.28043478260869564,-0.028510177882670833
PSAB,354044900.9999994,5772,0.014241975227243162,False,87,0.3004158004158004,0.3218390804597701,0.040091839420619106,-0.031191102035316862,0.0,0.25114942528735634,0.02695881644158261
PSDN,177401.00000000012,5772,0.014295652173913043,False,130,0.43277893277893276,0.2153846153846154,-0.01855315741279708,-0.07055422013763762,0.1,0.30423076923076925,0.005182085330519032
PSGO,23968700.999999993,1628,0.012051612903225806,False,45,0.45515970515970516,0.28888888888888886,-0.030781582568601133,-0.04445903939530209,0.1,0.37333333333333335,-0.003981310742903808
PSKT,1.0,4594,0.01658130684522014,False,44,0.21419242490204615,0.25,0.022792993466615733,-0.06597157499548156,0.05,0.17954545454545454,0.001600852122542263
PSSI,277084351.00000024,2141,0.011482352941176471,False,52,0.49182624941616065,0.19230769230769232,0.00823398932098405,-0.02682177144333378,0.0,0.4076923076923077,0.0053502036679877844
PTBA,29974133750.999996,5859,0.009732231404958679,False,127,0.5456562553336747,0.4330708661417323,0.04289857614182129,-0.017996694214876006,0.0,0.5003937007874015,0.020869910633764897
PTIS,1440001.0000000002,3718,0.010625125628140704,False,97,0.3991393222162453,0.20618556701030927,-0.03078221730697082,-0.06579753942124415,0.2,0.29329896907216496,-0.005746941460551064
PTMP,1748860601.0000005,825,0.016835955056179776,True,16,0.45696969696969697,0.375,0.010863165590189412,-0.016835955056179776,0.7,0.415625,0.007295793755967403
PTPP,21830998801.00002,4067,0.010650505050505051,True,81,0.4671748217359233,0.3333333333333333,0.031369362171771824,-0.042229377519869576,0.2,0.4141975308641975,-0.003784460436219255
PTPS,1144339201.0000007,688,0.012846376811594203,False,16,0.47674418604651164,0.3125,0.039331074366426244,-0.025641132019376817,0.2,0.440625,0.018568622614975307
PTPW,65802250.99999997,1578,0.010919148936170213,True,31,0.4923954372623574,0.41935483870967744,0.05135879663682339,-0.015894291530988564,0.3,0.4661290322580645,0.0031789223484488035
PTRO,485766000.9999995,6026,0.013474015748031497,False,122,0.5144374377696648,0.38524590163934425,0.06872088875949114,-0.030464672744332476,0.0,0.45778688524590166,0.03355836401283109
PTSN,14846200.987030009,4611,0.01417142875827089,False,130,0.45521578833224896,0.18461538461538463,-0.017379957849367675,-0.05807925101427104,0.15,0.3565384615384615,0.0012453286969145894
PTSP,1.0,5147,0.009766666666666667,False,76,0.371867107052652,0.27631578947368424,0.030063787293090886,-0.021539153439153434,0.15,0.2657894736842105,0.013396547895128967
PUDP,39551.0,6055,0.01112486187845304,False,140,0.4227910817506193,0.22857142857142856,-0.008475140290135462,-0.04776610857675347,0.05,0.3385714285714286,0.010180516577290919
PURA,71722501.00000001,1585,0.0256,True,23,0.38296529968454257,0.34782608695652173,0.08834788295802438,-0.0256,0.7,0.2717391304347826,0.0015288296636277625
PURI,27604200.999999955,1438,0.012472852233676977,False,36,0.4916550764951321,0.25,-0.033887749457711745,-0.04580618898301822,0.2,0.4027777777777778,-0.0021625400480582194
PWON,12671084690.715382,5146,0.010781347150259067,False,133,0.5044694908666926,0.3007518796992481,0.0007689101496008586,-0.0422774730011866,0.0,0.45,0.007584731065769569
PYFA,19800500.99999998,6168,0.011380346820809248,False,166,0.47487029831387806,0.1927710843373494,-0.02012180003397824,-0.049598449395337925,0.2,0.35903614457831323,0.004051260138730091
PZZA,195839001.0000001,2020,0.014371929824561404,True,40,0.38514851485148516,0.275,-0.0013346623694833026,-0.03616685967096348,0.6,0.2925,-0.02602843351915401
RAAM,1520974001.0000007,789,0.011380346820809248,False,14,0.30671736375158426,0.2857142857142857,-0.07533056063815999,-0.06330036151948638,0.3,0.325,-0.03684256175255023
RAJA,309598751.0000002,5841,0.032337966823558835,False,103,0.4240712206813902,0.33980582524271846,0.12219842809382375,-0.0512058445139394,0.0,0.329126213592233,0.041086153664160054
RALS,3266101400.999998,5381,0.011969426751592356,False,116,0.49042928823638726,0.28448275862068967,0.005409266613241473,-0.03761053759215433,0.0,0.4038793103448276,-0.004596023478000128
RANC,21610125.99999997,3493,0.01530873786407767,False,79,0.43000286286859435,0.24050632911392406,0.004298672343743099,-0.040625134612753036,0.15,0.34810126582278483,-0.003891312662298982
RBMS,5574976.978309635,6459,0.02415926143564111,False,163,0.4489859111317541,0.20245398773006135,-0.03613026410665596,-0.07317881783388684,0.0,0.3079754601226994,-0.009633972823341516
RCCC,260870701.5295754,977,0.013730081300813008,True,20,0.4216990788126919,0.5,0.1040475200378304,0.02131264304438439,0.65,0.4925,0.04206283725314038
RDTX,1.0,6293,0.00762020202020202,False,135,0.44525663435563323,0.2222222222222222,-0.0016720855951321964,-0.01848987803352358,0.0,0.2959259259259259,0.006762341545548814
REAL,20289501.000000022,1619,0.0256,True,23,0.34959851760345895,0.21739130434782608,0.10091494935385556,-0.04510978930516722,0.45,0.17608695652173914,0.001914205332544468
RELF,80622301.0000001,759,0.042637037037037036,False,17,0.4057971014492754,0.23529411764705882,-0.013085008942415677,-0.07204880174291939,0.45,0.3235294117647059,-0.02960656927772443
RELI,254928.8375854493,5246,0.010361904761904763,False,133,0.4700724361418223,0.20300751879699247,-0.03517444778522012,-0.030770052466751432,0.05,0.32894736842105265,-0.002665420882417169
RICY,5875001.000000005,6403,0.011552380952380953,False,155,0.46368889583007966,0.2064516129032258,-0.0015706145266083061,-0.03522093404885515,0.5,0.3432258064516129,-0.0006532378756533829
RIGS,13171876.00000001,5427,0.009681632653061226,False,131,0.44665561083471533,0.26717557251908397,-0.0012859710153143823,-0.032670148551567926,0.1,0.3316793893129771,-0.0019048130186505832
RIMO,3586251.4768974995,4542,0.028367166494763174,False,104,0.4092910612065169,0.16346153846153846,-0.030304860704856683,-0.06206433442431447,0.0,0.23221153846153847,-0.015730789739211323
RISE,179812701.74505597,1988,0.009783745564992539,True,41,0.4834004024144869,0.2682926829268293,0.2204772821931992,-0.01778373111186707,0.05,0.37073170731707317,0.03848668642218983
RMBA,120915000.99999988,4688,0.0106,False,129,0.4761092150170648,0.20155038759689922,-0.04134498423547495,-0.0501833333333333,0.1,0.3918604651162791,0.003408123607007044
RMKE,4195649000.9999995,1136,0.012952941176470587,False,28,0.47183098591549294,0.32142857142857145,0.14555772058406355,-0.04129488433101411,0.05,0.41964285714285715,0.07509011814690911
RMKO,211972100.99999985,736,0.014449557522123894,True,15,0.38858695652173914,0.26666666666666666,0.06267496456547533,-0.05761502514802313,0.65,0.2966666666666667,0.009265928105092027
ROCK,398700.99999999965,1436,0.00997636761487965,False,32,0.4192200557103064,0.21875,-0.0028800740332201556,-0.09510193315156575,0.3,0.2703125,0.027439165594765745
RODA,2822501.0000000005,6164,0.018933333333333333,False,149,0.4646333549643089,0.19463087248322147,-0.020109061769847763,-0.05283163841807911,0.15,0.30436241610738257,0.0007732822742093924
RONY,680401.0000000003,1535,0.01185,True,27,0.3022801302931596,0.3333333333333333,0.21534967339360958,-0.02939385964912286,0.2,0.25555555555555554,0.08823744246396543
ROTI,848076001.0000011,3973,0.009698360655737705,False,100,0.47394915680845706,0.26,-0.011213890490509986,-0.023640728965507563,0.0,0.3905,-0.0012056954236325389
RSCH,1928210301.000001,717,0.012093506493506493,True,15,0.5230125523012552,0.5333333333333333,0.11475939960879768,0.007806991018931227,0.1,0.46,0.041821751620017104
RSGK,6117001.000000004,1196,0.010024778761061948,True,22,0.3319397993311037,0.22727272727272727,0.003954419181961877,-0.027961312407900507,0.85,0.225,-0.012638327331126025
RUIS,28911401.000000037,4946,0.014371929824561404,False,138,0.45369995956328346,0.18840579710144928,-0.02881485665150707,-0.04413810383486547,0.0,0.3463768115942029,-0.006338375279120934
RUNS,36323400.999999985,1196,0.01764819277108434,True,24,0.3779264214046823,0.2916666666666667,-0.01786207569706232,-0.059800123341475026,0.6,0.3229166666666667,-0.031971709780908374
SAFE,402501.0000000002,6291,0.010863157894736842,False,136,0.4021618184708313,0.18382352941176472,-0.003532298552391558,-0.05611295314453206,0.0,0.3,0.018413937761087122
SAGE,32849301.00000005,823,0.035903030303030305,True,11,0.3560145808019441,0.45454545454545453,0.06242531247718411,-0.035903030303030305,0.7,0.2681818181818182,-0.03616557724674841
SAME,1058937798.120635,3340,0.011588023952095808,False,79,0.48233532934131734,0.25316455696202533,0.041559225824518854,-0.038078090177261395,0.0,0.4139240506329114,0.005209453871855915
SAMF,69743500.99999997,1542,0.01166060606060606,False,38,0.4688715953307393,0.2894736842105263,0.05080327854163135,-0.01795087778319495,0.0,0.3960526315789474,0.027041102336750035
SAPX,9691501.000000004,1926,0.011624096385542168,True,47,0.4745586708203531,0.23404255319148937,0.020034534434190173,-0.047179677929681016,0.3,0.39680851063829786,0.004888756490153853
SATU,391871350.9999995,1903,0.014774311926605506,False,46,0.5223331581713084,0.2608695652173913,0.007828448853642693,-0.0179794401317337,0.3,0.3565217391304348,0.004907964802604451
SBMA,142332901.0000001,1196,0.012496551724137932,False,29,0.41471571906354515,0.13793103448275862,-0.024819279107298118,-0.029025541977625573,0.3,0.2827586206896552,-0.023188032250024273
SCCO,6382501.000000001,6055,0.009600000000000001,False,126,0.48075970272502067,0.30158730158730157,0.007841173233681855,-0.009600000000000001,0.0,0.325,0.002460212102984318
SCMA,13708346250.999979,5974,0.01485925925925926,False,138,0.49799129561432876,0.30434782608695654,0.01078443783693069,-0.049605877369534444,0.0,0.411231884057971,0.006149820642615299
SCNP,24202300.999999996,1439,0.015215384615384617,False,41,0.45239749826268244,0.21951219512195122,-0.03386774380460145,-0.04069315533045158,0.0,0.32682926829268294,-0.020833779680285987
SDMU,54000000.99999998,3719,0.0157010101010101,True,71,0.43129873621941384,0.2535211267605634,0.03137131169171302,-0.03530885323826505,0.15,0.302112676056338,-0.007280069121296273
SDPC,1842929.3715820306,6199,0.01580408163265306,False,160,0.4644297467333441,0.1875,-0.04169254290030994,-0.044933045949954946,0.0,0.35625,-0.005657326729216253
SDRA,33634943.9944573,4834,0.014147008547008549,False,126,0.48655357881671496,0.20634920634920634,-0.008032551579568184,-0.03261279912666713,0.0,0.32896825396825397,0.0010836868472744881
SEMA,233750000.9999999,1110,0.014774311926605506,True,20,0.42252252252252254,0.35,0.0061861480917244855,-0.030196389848683454,0.55,0.3775,-0.02399552678624113
SFAN,428957500.99999976,1740,0.008424858757062146,False,36,0.5224137931034483,0.3333333333333333,0.020312965915347182,-0.009703631135578792,0.0,0.3736111111111111,0.012110752811301445
SGER,1632969979.633902,1456,0.01185,False,33,0.4532967032967033,0.21212121212121213,0.15092698909030464,-0.06114583724352937,0.0,0.4590909090909091,0.06045852473622156
SGRO,639315001.0000005,4709,0.010187155963302753,True,104,0.4890634954342748,0.36538461538461536,0.032921847158402566,-0.017835043248737283,0.05,0.42115384615384616,0.007667690473454989
SHID,5242500.999999999,6267,0.010044444444444444,False,152,0.4734322642412638,0.29605263157894735,-0.007125060110915907,-0.04452728075557658,0.1,0.40098684210526314,0.010723159439603112
SHIP,662544001.0000001,2509,0.011482352941176471,False,72,0.5089677162216022,0.2777777777777778,0.0035790664603440017,-0.03096376278707333,0.0,0.43194444444444446,0.008757975178684648
SICO,300825800.9999997,1049,0.014003361344537814,False,24,0.4156339370829361,0.3333333333333333,-0.03434076143928078,-0.04543871617801213,0.5,0.3625,-0.016154552163650804
SIDO,5505842377.008984,3111,0.015403921568627452,False,71,0.4683381549341048,0.28169014084507044,-0.014035376398930459,-0.028142810073880517,0.0,0.37535211267605634,-0.010058080858064325
SILO,2821005001.000004,3177,0.009551259439829872,False,75,0.48190116462071136,0.32,-0.0007140819718559954,-0.034551269469038914,0.05,0.42333333333333334,-0.00012902137699629423
SIMA,1625001.000000001,4389,0.011697560975609755,False,86,0.33264980633401686,0.20930232558139536,-0.034983899823859244,-0.08783346167368922,0.75,0.2895348837209302,-0.000770190262748311
SIMP,2785796251.0000043,3740,0.009616064257028111,True,76,0.477807486631016,0.39473684210526316,0.01851853625661473,-0.025230279443232983,0.15,0.3993421052631579,-0.009083054423175934
SINI,14672625.999999989,1639,0.010728205128205128,False,46,0.4612568639414277,0.30434782608695654,0.04459046150621373,-0.06516170266515095,0.0,0.425,0.06221231948451913
SIPD,17275000.999999985,5493,0.012051612903225806,False,122,0.4321864190788276,0.21311475409836064,-0.007348296716758826,-0.041757495256166996,0.05,0.3336065573770492,-0.0020227407899936485
SKBM,567100.9999999995,3416,0.009947826086956522,False,95,0.4560889929742389,0.16842105263157894,-0.057973991483171616,-0.0694717453086949,0.1,0.3721052631578947,0.005903471114172458
SKLT,1.0,6403,0.030600000000000002,False,102,0.35452131813212556,0.2549019607843137,0.005739706081036058,-0.0417763459748207,0.0,0.20833333333333334,-0.007620178035189271
SKRN,296232406.0140378,1920,0.013233587786259542,False,41,0.5635416666666667,0.43902439024390244,0.03348818534701313,-0.02910668039197877,0.25,0.5207317073170732,0.026931946150539423
SKYB,1.0,2173,0.010361904761904763,False,31,0.3041877588587207,0.1935483870967742,-0.03359453056390897,-0.029969747899159706,0.4,0.20483870967741935,-0.014850413169337022
SLIS,1150881332.151185,1663,0.011298678050341859,True,35,0.4533974744437763,0.2571428571428571,0.03740730156127059,-0.034554492003830276,0.2,0.3485714285714286,-0.004565847383128257
SMAR,22075001.000000007,6435,0.0081706940874036,False,156,0.5024087024087024,0.28846153846153844,0.013882089021584288,-0.030610174147922588,0.0,0.4032051282051282,0.013698195414582627
SMBR,2099253325.9999998,3225,0.010407692307692309,True,65,0.4254263565891473,0.27692307692307694,0.07090687171268822,-0.04802528158826666,0.5,0.3676923076923077,-0.0015166990588142137
SMCB,2383336001.000001,4278,0.010650505050505051,False,100,0.517531556802244,0.35,0.029629355391125413,-0.028891800237908022,0.05,0.448,0.014013044196011645
SMDM,1380001.0000000005,6291,0.013062686567164179,False,165,0.463519313304721,0.21818181818181817,-0.0027681242898059486,-0.06947294297742061,0.0,0.36484848484848487,0.016191803182126454
SMDR,45543750.99999993,6127,0.023457142857142857,False,138,0.4690713236494206,0.2898550724637681,0.024718155169740012,-0.04671286544019722,0.0,0.3471014492753623,0.0033728237163452852
SMGA,2974022601.000002,610,0.017364705882352942,True,16,0.4,0.25,-0.015826060656789112,-0.05441444859247301,0.7,0.375,-0.014970923138847448
SMGR,50859743137.22626,5147,0.008465091888309316,False,119,0.5232174081989508,0.36134453781512604,0.0024164475840949286,-0.030382951211159713,0.1,0.4764705882352941,-0.000972616986452979
SMIL,26303242401.0,785,0.014371929824561404,True,15,0.49171974522292994,0.4666666666666667,0.15915374184229666,-0.047429781064230826,0.15,0.46,0.056487501492944396
SMKL,48146901.00000006,1725,0.0156,False,42,0.47246376811594204,0.14285714285714285,-0.020506742428203457,-0.03424264753253642,0.25,0.31785714285714284,-0.016246904394515815
SMKM,353951925.9999998,1071,0.016016666666666665,True,20,0.4584500466853408,0.45,0.173994166223408,-0.034884587078887294,0.55,0.4225,0.04844570129811014
SMLE,499114401.00000006,624,0.013600000000000001,True,12,0.4823717948717949,0.4166666666666667,0.21798272990600873,-0.03805795875198309,0.55,0.4166666666666667,0.038875911931787334
SMMA,15225000.999999996,5809,0.007797802197802198,False,120,0.45532793940437255,0.2916666666666667,0.01850880638297474,-0.014420429767805623,0.0,0.38333333333333336,0.022439653013606578
SMMT,85691500.9999999,4594,0.010993830000364604,True,85,0.4312146277753592,0.29411764705882354,0.17811385193205823,-0.0275228342495927,0.0,0.3611764705882353,0.08032999676203828
SMRA,11199829124.405754,5954,0.014371929824561404,False,137,0.5120927107826672,0.35036496350364965,0.01659673405011315,-0.03295929692079217,0.0,0.43394160583941604,0.005281055918450529
SMRU,52307551.00000002,1862,0.012665078089274851,False,48,0.40816326530612246,0.22916666666666666,-0.01362391140436958,-0.048993991019439395,0.55,0.3802083333333333,0.005299371060750302
SMSM,661812500.9999989,6110,0.01118659217877095,False,138,0.5522094926350245,0.3333333333333333,0.017171804908349995,-0.022573867779241155,0.0,0.4467391304347826,0.011107357646017026
SNLK,2824326750.9999967,1304,0.013474015748031497,False,27,0.48236196319018404,0.3333333333333333,0.03377019194669005,-0.05120986480463526,0.15,0.43148148148148147,0.014894779828007894
SOCI,1644777601.0000002,2877,0.010625125628140704,False,71,0.46993395898505386,0.2535211267605634,0.0080470408391105,-0.034434669533482884,0.25,0.3823943661971831,0.006412887529462337
SOFA,27528350.999999993,1479,0.02832727272727273,True,31,0.41244083840432727,0.2903225806451613,0.18107028821247417,-0.06404155844155843,0.15,0.3161290322580645,0.04039436141233336
SOHO,12915000.99999999,1438,0.014003361344537814,False,34,0.4666203059805285,0.23529411764705882,0.031167126230453042,-0.037185686279993004,0.0,0.35,0.02586235128514402
SOLA,848583101.0000006,552,0.015215384615384617,True,12,0.4076086956521739,0.25,0.07671697324172481,-0.025019334158214876,0.65,0.25833333333333336,0.01633074999720163
SONA,800001.0000000003,6545,0.010145454545454544,False,140,0.43284950343773876,0.2357142857142857,0.0393925554550853,-0.0361371132433457,0.1,0.27214285714285713,0.027483266220642864
SOSS,9690901.000000004,1903,0.010272897196261682,False,54,0.48712559117183396,0.16666666666666666,-0.026126903448650384,-0.051106238702158975,0.15,0.38796296296296295,0.0016554040095016146
SOTS,2789201.0000000014,1876,0.012593006993006993,True,45,0.43923240938166314,0.15555555555555556,0.14042013292201527,-0.04527274555509849,0.45,0.3788888888888889,0.07003546342609629
SPMA,26998689.37577818,6502,0.016281372677649775,False,159,0.47523838818824976,0.2578616352201258,0.0019488011740119778,-0.04067163940194145,0.0,0.35754716981132073,-0.003212231838537982
SPRE,1362097400.9999979,518,0.013007407407407409,False,12,0.5540540540540541,0.3333333333333333,-0.023441596967181292,-0.06322363592681113,0.4,0.48333333333333334,0.02433690432762585
SPTO,400350125.99999964,2027,0.014003361344537814,True,47,0.46768623581647756,0.2978723404255319,0.004716565470316592,-0.029507172445633147,0.05,0.3372340425531915,-0.011740438641113342
SQMI,2812295.824218748,5450,0.013085926478780603,False,119,0.4023853211009174,0.19327731092436976,-0.009955873649511483,-0.09481669570954987,0.2,0.29747899159663865,0.0016019574564111844
SRAJ,24227331.334442142,3781,0.013562946346040296,False,99,0.4937847130388786,0.20202020202020202,0.056715045427629625,-0.06356294634604034,0.0,0.3898989898989899,0.038911063502492654
SRIL,17957400401.00003,1444,0.012255574043261231,False,36,0.4660664819944598,0.3333333333333333,-0.0030748976488296376,-0.04852411424622767,0.2,0.40694444444444444,0.004517491258408379
SRSN,43725500.99999996,6220,0.02199344262295082,False,146,0.4170418006430868,0.1643835616438356,-0.03145709835769997,-0.04455107968779158,0.1,0.2184931506849315,-0.016520906099332572
SRTG,274286751.0,3235,0.010808333333333333,False,88,0.4649149922720247,0.22727272727272727,-0.01723454952394022,-0.03877727585192611,0.0,0.39034090909090907,-3.225217352109141e-05
SSIA,5087329201.000005,6054,0.010166210045662101,True,141,0.4948794185662372,0.3333333333333333,0.05446689703636036,-0.03167166791435617,0.0,0.424822695035461,0.01795064736802054
SSMS,26424291250.99996,3114,0.009552569169960473,False,80,0.47784200385356457,0.275,0.0017328489796696628,-0.02880449259532661,0.05,0.40625,-0.0019855348881839385
SSTM,931750.9999999997,6044,0.013600000000000001,False,147,0.45251489080079416,0.2108843537414966,0.0090253783699913,-0.05707826086956519,0.1,0.3013605442176871,0.008763973500235394
STAA,7251316001.000009,1070,0.01106448087431694,False,25,0.45607476635514016,0.28,0.003289844630152834,-0.03098484869653001,0.0,0.39,-0.0011859869818077562
STAR,8739000.999999996,3718,0.018258227848101265,True,80,0.38999462076385155,0.2125,0.09252179218430426,-0.03296411020104239,0.0,0.22375,0.013043203813999284
STRK,339618001.0000002,687,0.02199344262295082,True,9,0.34643377001455605,0.4444444444444444,0.07796635688397957,-0.04160128576020576,0.3,0.21666666666666667,-0.03469769971701194
STTP,1157500.9999999993,6122,0.010145454545454544,False,146,0.4828487422410977,0.2465753424657534,-0.008166431014965125,-0.02719986732849009,0.0,0.3565068493150685,0.009884982066019994
SUGI,314006.6677779998,4114,0.01251319101206911,False,84,0.3760330578512397,0.11904761904761904,-0.025530105643830858,-0.033810689326259975,0.3,0.17559523809523808,0.0035974089901253388
SULI,120293505.6414336,5996,0.015123809523809525,False,136,0.416444296197465,0.25735294117647056,0.036838778512489574,-0.04621272704958272,0.15,0.33051470588235293,0.012424447991263689
SUNI,377210001.0000002,864,0.013062686567164179,False,19,0.4861111111111111,0.3684210526315789,0.03865813007164551,-0.01991191108274408,0.1,0.41578947368421054,0.017990653588540274
SUPR,1.0,3664,0.008805128205128205,False,50,0.33979257641921395,0.42,0.0619317234469231,-0.008805128205128205,0.05,0.28,0.046785072986571835
SURE,11500500.999999983,1924,0.009819409282700422,False,44,0.4682952182952183,0.20454545454545456,0.0060113104167956,-0.037014531233919956,0.0,0.38636363636363635,0.0224292609092731
SURI,3384668600.9999948,645,0.016016666666666665,True,12,0.4496124031007752,0.25,0.007664321738655074,-0.09775366796293626,0.5,0.3458333333333333,0.030296290408659044
SWID,76855850.99999996,995,0.01794567901234568,False,21,0.3758793969849246,0.19047619047619047,-0.02053181645111307,-0.04611464988930903,0.65,0.2761904761904762,-0.016542107101581566
TALF,130001.00000000009,3093,0.011482352941176471,False,96,0.5082444228903976,0.17708333333333334,-0.07170044199573401,-0.06858677014568251,0.0,0.3765625,-0.002726840405866407
TAMA,7834175.999999998,1577,0.0256,True,33,0.44324667089410275,0.30303030303030304,0.03923279641914491,-0.06333584905660376,0.3,0.3212121212121212,0.008963268718729036
TAMU,77033951.0,2289,0.0256,True,34,0.3669724770642202,0.38235294117647056,0.08755927611647557,-0.0256,0.3,0.3161764705882353,0.0473029198682298
TAPG,16670003751.00001,1295,0.012846376811594203,False,28,0.5405405405405406,0.39285714285714285,0.05788616351888086,-0.016312742632069416,0.0,0.5196428571428572,0.03885002070580752
TARA,111563800.99999988,2984,0.010650505050505051,True,64,0.4152144772117963,0.21875,0.007358340938982664,-0.025859850412522173,0.7,0.2953125,-0.0010805031968076097
TAXI,119733000.99999993,3392,0.0256,True,42,0.2806603773584906,0.2619047619047619,0.1394709914674126,-0.02784215246636772,0.75,0.225,0.012104617031793156
TBIG,12863487500.999989,3894,0.009446153846153847,False,95,0.5,0.3684210526315789,0.005866339363956788,-0.028584976794164683,0.0,0.4463157894736842,0.004879389216640578
TBLA,890546751.000001,6158,0.01441071767016747,False,151,0.4975641442026632,0.26490066225165565,0.007017896433582447,-0.032374765031161795,0.0,0.4009933774834437,-0.0008057971225413398
TBMS,427001.00000000035,6307,0.0156,False,130,0.42318059299191374,0.23076923076923078,-0.0013455221445270748,-0.0346186514792709,0.0,0.2792307692307692,0.005556275239082427
TCID,7900001.000000005,6536,0.008688803088803088,False,154,0.48500611995104037,0.2792207792207792,-0.005050127655804493,-0.026876675923300498,0.0,0.3808441558441558,-0.002600707820216287
TCPI,58065356251.000084,1988,0.008944481605351171,False,42,0.4954728370221328,0.3333333333333333,0.03623382884704783,-0.05081165261906912,0.0,0.46190476190476193,0.02392849209574932
TEBE,216589500.99999967,1633,0.012010256410256409,False,38,0.44764237599510104,0.2631578947368421,0.026225798690053467,-0.03309245171609257,0.15,0.3473684210526316,0.015684629196941555
TELE,2090238251.0000002,1795,0.011969426751592356,False,45,0.4863509749303621,0.3111111111111111,2.6655890110579036e-05,-0.032587964571044355,0.0,0.41555555555555557,0.0006243197148372245
TFAS,82159000.99999999,1677,0.0134125,True,36,0.4460345855694693,0.25,0.44161003483912903,-0.0741968137254902,0.3,0.3527777777777778,0.044541852388250765
TFCO,1.0,5148,0.013933333333333332,False,116,0.4415306915306915,0.23275862068965517,-0.027845537650247894,-0.036076268293568615,0.1,0.30603448275862066,0.00665694622531904
TGKA,340000.99999999994,5168,0.009338317757009346,False,116,0.5044504643962848,0.3103448275862069,0.012286599775163633,-0.019811166121739072,0.0,0.3870689655172414,0.017130717349704876
TGRA,387173000.9999999,494,0.014774311926605506,False,11,0.5182186234817814,0.36363636363636365,0.010995305471572025,-0.03364223645490739,0.0,0.39545454545454545,0.01698101033825357
TGUK,4322501.000000002,753,0.015403921568627452,True,8,0.28419654714475434,0.375,0.10617757168441148,-0.015403921568627452,0.85,0.15625,-0.007952197817758586
TIFA,5062021.755580898,3719,0.016769532890223156,False,84,0.4796988437752084,0.3333333333333333,0.029752783659583296,-0.02611560023798854,0.15,0.3726190476190476,0.014154230232789252
TINS,12339826501.00002,6322,0.01100065339203819,True,130,0.4919329326162607,0.35384615384615387,0.09615477705073161,-0.03566034358216817,0.0,0.4542307692307692,0.03072505611692958
TIRA,1.0,6397,0.01134712643678161,False,77,0.21385024230107863,0.15584415584415584,0.026029758729266463,-0.027740569059732448,0.0,0.1266233766233766,0.0010640305166279163
TIRT,5797051.000000003,4670,0.01671111111111111,False,112,0.44839400428265525,0.15178571428571427,-0.028044805711377758,-0.055172659661616094,0.2,0.30848214285714287,-0.011676503882706921
TKIM,581099793.5893555,6398,0.008606799948555531,True,122,0.4929665520475148,0.3770491803278688,0.10570898645626353,-0.02011459991382971,0.0,0.4336065573770492,0.021849493299151413
TLDN,93474376.0,1047,0.014945794392523363,False,23,0.45463228271251194,0.2608695652173913,-0.002019252445771852,-0.027876831865690625,0.0,0.30434782608695654,-0.009407008668739157
TLKM,244237851001.00037,5398,0.00924963503649635,False,143,0.5281585772508336,0.3006993006993007,-0.007473282644672235,-0.02653361495278884,0.0,0.46573426573426574,0.0023427076891143536
TMAS,129775851.78382498,5147,0.0681,False,126,0.38624441422187683,0.1111111111111111,-0.16591422021344693,-0.10288527834689781,0.0,0.14206349206349206,-0.030191579633038028
TMPO,2095251.0000000012,6368,0.013807413522595433,False,165,0.45650125628140703,0.18181818181818182,-0.04766430832572615,-0.05896870384517608,0.05,0.35424242424242425,-0.0031401210748799977
TNCA,110841100.99999994,1995,0.013536507936507937,True,41,0.4095238095238095,0.34146341463414637,0.09875725642817264,-0.043298412698412704,0.35,0.37682926829268293,0.01806567092184194
TOBA,39953751.000000045,3472,0.010891005291005292,False,86,0.45910138248847926,0.23255813953488372,0.015411633821007463,-0.0380649510136778,0.15,0.38953488372093026,0.0033140788973783884
TOOL,115243100.99999982,972,0.02199344262295082,False,32,0.448559670781893,0.15625,-0.03518007304778595,-0.04160128576020576,0.35,0.2140625,-0.029900815278101112
TOPS,26834889001.000034,472,0.01185,False,13,0.4576271186440678,0.38461538461538464,0.0307488537292634,-0.0236147058823529,0.0,0.4346153846153846,0.07116258058355267
TOSK,2756239200.9999986,604,0.021225,False,14,0.5182119205298014,0.21428571428571427,-0.006885934422679889,-0.06262203083365059,0.6,0.3535714285714286,0.01160143845923301
TOTL,712647500.9999996,4936,0.015215384615384617,False,107,0.5135737439222042,0.34579439252336447,0.03193583176351864,-0.03160896729991945,0.0,0.43598130841121496,0.0107703494390126
TOTO,19500001.017272975,5784,0.014449557522123894,False,113,0.42513831258644535,0.26548672566371684,0.01518956551228349,-0.029601023096214422,0.0,0.28938053097345134,0.004447385019273479
TOWR,1324457050.999999,4049,0.012196306068601583,False,84,0.498394665349469,0.3333333333333333,0.04714260518602812,-0.02755196444027005,0.0,0.40535714285714286,0.017664122723794997
TPIA,67499997.8238831,5946,0.009766666666666667,False,96,0.37184661957618564,0.34375,0.03646651304271578,-0.02653221442586664,0.2,0.3234375,0.00792210530906696
TPMA,1457401.0000000002,3321,0.011397101449275363,False,88,0.4601023788015658,0.18181818181818182,-0.010934129949609706,-0.05877587631787062,0.1,0.3806818181818182,0.007544177426951734
TRGU,51707401.000000015,994,0.0156,False,30,0.3722334004024145,0.2,-0.017357894158619103,-0.02555049504950496,0.1,0.235,-0.021113204264886422
TRIL,38092250.99999996,2754,0.021225,True,55,0.38743645606390703,0.12727272727272726,-0.012750561543644354,-0.040832843137254944,0.55,0.1890909090909091,-0.028428041105860342
TRIM,13148742.881704312,6554,0.013600000000000001,False,169,0.48382667073542873,0.21893491124260356,-0.015059981547979509,-0.04509605460925842,0.0,0.3875739644970414,-0.0030770444030384886
TRIN,2088962200.999999,1595,0.014690909090909091,True,37,0.3780564263322884,0.24324324324324326,0.1750261830922851,-0.06156590909090909,0.3,0.33513513513513515,0.01416358420035128
TRIS,508192200.99999964,3477,0.013322007722007721,False,86,0.4285303422490653,0.19767441860465115,-0.03677739227438214,-0.039466604148949334,0.05,0.31627906976744186,-0.012172723232653478
TRJA,158314901.00000027,1446,0.010808333333333333,True,28,0.5027662517289073,0.39285714285714285,0.0002486261286547159,-0.01979292695986781,0.75,0.45,-0.0021502238490494945
TRON,787583300.9999998,823,0.013007407407407409,True,16,0.4240583232077764,0.25,0.04563411206473851,-0.05700740740740745,0.6,0.396875,0.0023800109010062185
TRST,13500000.999999993,6434,0.012051612903225806,False,186,0.4972023624494871,0.1989247311827957,-0.01969885627314993,-0.036441844774849616,0.0,0.364247311827957,-0.0015846180769784875
TRUK,212922551.0000001,2019,0.014147008547008549,True,37,0.48439821693907875,0.4594594594594595,0.0874737276384975,-0.022621584818194967,0.1,0.4135135135135135,0.029825101296357213
TRUS,66501.00000000003,5877,0.015356097560975609,False,134,0.4451250638080653,0.15671641791044777,-0.02523316206203257,-0.040355998965025786,0.0,0.25298507462686565,-0.002316460589810342
TSPC,676612500.9999995,5147,0.00863951367781155,False,117,0.4866912764717311,0.3418803418803419,0.015085705973169798,-0.01717014143735738,0.0,0.4042735042735043,0.00608155218918475
TUGU,382536000.9999994,2018,0.010034589800443458,True,42,0.466798810703667,0.42857142857142855,0.022821838871413192,-0.01504661380658294,0.15,0.4154761904761905,0.0022712611940551917
TURI,779136501.0000006,3271,0.0134125,False,64,0.5087129318251299,0.4375,0.05957094402106662,-0.025309189012337148,0.0,0.4453125,0.02771237560402553
TYRE,38337151.00000005,789,0.013474015748031497,False,27,0.45373891001267425,0.18518518518518517,-0.02317433139334951,-0.028858631132646827,0.55,0.26851851851851855,-0.013596248228901712
UANG,13784200.999999989,1480,0.014147008547008549,False,32,0.45675675675675675,0.25,0.4124641150594122,-0.07960757369441894,0.05,0.3765625,0.17927977650902632
UCID,303587900.99999976,1609,0.009966812227074236,True,40,0.42075823492852704,0.2,-0.017842212822647727,-0.03224022148138961,0.75,0.31625,-0.016482154600272865
UDNG,432262001.0000007,672,0.014003361344537814,True,14,0.4806547619047619,0.35714285714285715,1.736145282514475,-0.05775960510078157,0.2,0.5178571428571429,0.3497544622938343
UFOE,437993528.99834365,1342,0.010728205128205128,False,34,0.47466467958271236,0.2647058823529412,-0.023757644934254335,-0.051488503572929806,0.2,0.4088235294117647,0.010676997264296861
ULTJ,357924500.9999997,5146,0.010251162790697675,False,124,0.5091333074232414,0.31451612903225806,0.015560750539101678,-0.02525351402769973,0.0,0.4181451612903226,0.008332835882259927
UNIC,1175001.0,6440,0.009269724770642203,False,146,0.5259316770186335,0.3287671232876712,-0.010668237471899902,-0.027451371494147843,0.0,0.41027397260273973,0.006173492370922688
UNIQ,2053036400.9999979,1318,0.013536507936507937,True,31,0.5,0.22580645161290322,0.11108369260296723,-0.04056353496353491,0.45,0.40161290322580645,0.02412422864548592
UNIT,84250.99999999994,3695,0.01379672131147541,False,90,0.4027063599458728,0.13333333333333333,-0.06209736845232654,-0.10097620849096262,0.75,0.2811111111111111,0.0026800967542400843
UNSP,5282710001.000006,3488,0.009236363636363636,True,62,0.387901376146789,0.3387096774193548,0.024561666286147067,-0.03864815443607243,0.95,0.3346774193548387,-0.01030523412016797
UNTD,1169873250.9999993,604,0.016835955056179776,True,13,0.4304635761589404,0.38461538461538464,-0.015506786582421826,-0.03930786516853938,0.95,0.3923076923076923,-0.0245498866994093
UNTR,66514610000.999985,6458,0.00691578947368421,False,135,0.5735521833384949,0.4740740740740741,0.03617096408841701,-0.008071651679630644,0.0,0.5385185185185185,0.02624065368215998
UNVR,39557033750.99996,5678,0.008259574468085106,False,141,0.5172595984501585,0.2907801418439716,0.0005785174652790673,-0.025567444962994887,0.0,0.4390070921985816,0.0018367169638011578
URBN,37805900.99999995,1877,0.015033962264150942,True,44,0.40756526371870005,0.25,-0.03170256148134014,-0.039930656479027,0.9,0.3215909090909091,-0.017824089868682648
UVCR,380464500.99999964,1225,0.013864462809917356,False,25,0.39918367346938777,0.36,0.003906804411825139,-0.060160793051446816,0.2,0.386,0.00994023562775642
VAST,234068251.0000003,843,0.01671111111111111,False,20,0.5136417556346382,0.25,-0.004203651664048028,-0.048036997463709416,0.1,0.3675,-0.011969222363345109
VERN,339626001.00000006,450,0.0134125,True,10,0.47333333333333333,0.4,0.09077425820196265,-0.026971521623537727,0.3,0.415,0.0291790568772156
VICI,324375001.0000002,1370,0.01407457627118644,False,32,0.4751824817518248,0.1875,-0.015445087542984829,-0.02808437665452221,0.0,0.4171875,0.008581241343911628
VICO,3706399.018905639,3228,0.013526614949826085,False,65,0.38135068153655516,0.23076923076923078,0.014904920875022648,-0.04723449034900094,0.2,0.28923076923076924,-0.008323980375018438
VINS,8877551.000000002,2679,0.014295652173913043,False,70,0.45278088839119074,0.21428571428571427,-0.008957796602196751,-0.056727465740969596,0.05,0.3578571428571429,0.0018196598916336165
VISI,1266448775.9999998,593,0.014609009009009008,False,11,0.5345699831365935,0.6363636363636364,0.18117744535271202,0.03654241693370826,0.35,0.6818181818181818,0.2531768769712065
VIVA,1076482800.9999988,3630,0.013233587786259542,True,61,0.349862258953168,0.29508196721311475,0.05394767270923294,-0.05096943684286331,0.75,0.26967213114754096,0.006101594141843258
VKTR,9150049201.000008,762,0.013351937984496125,False,19,0.4566929133858268,0.21052631578947367,0.29559563540908373,-0.06293871484400021,0.0,0.4763157894736842,0.08535067582100711
VOKS,6127150.999999997,6058,0.01151715976331361,False,144,0.4641795972268075,0.25,0.008085509235923124,-0.029216428820048743,0.05,0.33819444444444446,0.0033595363433446368
VRNA,16586751.000000013,4463,0.015897598167248762,False,124,0.4752408693703787,0.1774193548387097,-0.04095943024906495,-0.048555556045147975,0.0,0.3241935483870968,-0.01018796373939663
VTNY,3748356101.0000043,881,0.0121359477124183,True,20,0.4086265607264472,0.25,-0.043577638036864055,-0.08988508860588909,0.8,0.36,-0.022322317381578236
WAPO,4689401.0,6251,0.01858701298701299,False,170,0.43353063509838424,0.18235294117647058,-0.05492760495315224,-0.06538504254366329,0.1,0.3170588235294118,-0.0029864892170868283
WEGE,1235313000.9999979,2144,0.011314285714285714,True,45,0.4594216417910448,0.24444444444444444,-0.001216364937197979,-0.04596786335664537,0.75,0.3611111111111111,-0.01571408850150784
WEHA,287331434.4577183,4720,0.01235728483683677,True,111,0.4588983050847458,0.2882882882882883,0.008070876717031585,-0.025690769653195313,0.3,0.34954954954954953,-0.007753148143193867
WGSH,171474650.9999998,1134,0.01858701298701299,False,25,0.47883597883597884,0.2,-0.013750558972542425,-0.08287272727272726,0.1,0.428,0.015019591937052008
WICO,3079501.000000001,4370,0.018258227848101265,False,109,0.41350114416475975,0.1926605504587156,-0.032530569427402296,-0.05599407690470503,0.0,0.28761467889908254,0.008555828285433095
WIDI,132966200.99999978,750,0.0456,True,18,0.4533333333333333,0.3333333333333333,0.007127268822953513,-0.08911851851851857,0.35,0.2972222222222222,-0.05187364483398501
WIFI,27984625851.0,1363,0.009616064257028111,False,33,0.43066764490095377,0.3333333333333333,0.057365016584139124,-0.04470377850289754,0.15,0.3893939393939394,0.0376448679246648
WIIM,1037032600.9999982,3358,0.015033962264150942,True,71,0.4523525908278737,0.28169014084507044,0.05671368230683149,-0.03661693698074726,0.1,0.39225352112676054,0.00961704095236356
WIKA,17387110000.999996,4622,0.010526108374384236,True,86,0.4558632626568585,0.3372093023255814,0.028706701626000763,-0.027693155140968942,0.2,0.4005813953488372,-0.0015788581466683806
WINE,226544326.00000018,863,0.012311409395973154,False,21,0.37543453070683663,0.19047619047619047,-0.06624003479741401,-0.059930446151458,0.3,0.33095238095238094,-0.017729174534766187
WINR,34402601.000000015,1039,0.02940952380952381,True,17,0.39557266602502406,0.35294117647058826,-0.0281489581098166,-0.02940952380952381,0.65,0.2647058823529412,-0.050558666109179425
WINS,752747963.5432348,3872,0.0119958633005235,False,93,0.4682334710743802,0.26881720430107525,0.0016448534841866237,-0.04084198612634638,0.1,0.40913978494623654,-0.0006374907059502339
WIRG,13439220750.999998,1053,0.014774311926605506,True,22,0.4131054131054131,0.3181818181818182,0.049313187267563265,-0.06177342931407237,0.4,0.33181818181818185,-0.032754056264628524
WMPP,232501.00000000017,1134,0.027822222222222224,True,9,0.2583774250440917,0.3333333333333333,0.23223973392934724,-0.027822222222222224,0.9,0.2388888888888889,0.033307511594139104
WMUU,1810753676.0000005,1341,0.025207843137254902,True,26,0.41312453392990306,0.07692307692307693,0.03972112452614369,-0.08257037465396835,0.45,0.22884615384615384,-0.012867079121589658
WOMF,44308201.00000007,5345,0.013536507936507937,False,139,0.4671655753040225,0.2733812949640288,-0.017636789729900744,-0.03626384430912231,0.05,0.3697841726618705,-0.0060062139133755035
WOOD,4286025501.0,2259,0.010478048780487805,True,55,0.43293492695883135,0.36363636363636365,0.005961519965510475,-0.03447807011331333,0.45,0.41545454545454547,0.002336464178998836
WOWS,62635751.00000008,1639,0.0256,True,29,0.3849908480780964,0.27586206896551724,0.009876711638532572,-0.04284137931034486,0.65,0.24310344827586206,-0.022234634056012004
WSBP,31027636976.000004,657,0.010407692307692309,True,13,0.380517503805175,0.3076923076923077,-0.004580722159189961,-0.027799019065320865,0.6,0.38846153846153847,-0.010978620209118342
WTON,3410481000.9999995,3038,0.01134712643678161,True,66,0.4381171823568137,0.24242424242424243,-0.0019696235522399653,-0.03958256124008609,0.75,0.3696969696969697,-0.012330305898734559
YELO,307807163.57102543,1908,0.024830769230769233,False,42,0.41352201257861637,0.14285714285714285,0.02089234504588156,-0.06468009516256937,0.25,0.27380952380952384,0.004533328765005586
YPAS,623801.0000000001,4535,0.01379672131147541,False,124,0.4654906284454245,0.16129032258064516,-0.027117193417272593,-0.051546009060763176,0.2,0.35443548387096774,0.018115317058731883
YULE,80966.96755981445,5345,0.01291722322008065,False,152,0.5030869971936389,0.17763157894736842,-0.045847633826796366,-0.035348317388489536,0.05,0.31973684210526315,0.007820295199711082
ZATA,45293151.000000045,906,0.0256,True,16,0.4139072847682119,0.25,0.22358131164993822,-0.12559999041533337,0.6,0.265625,0.07376712028545118
ZINC,15973614401.000017,2181,0.016469565217391305,False,45,0.3626776707932141,0.2,-0.0034777000162815644,-0.05166021467375338,0.3,0.25666666666666665,-0.0029167015158302898
ZONE,78292500.99999994,1874,0.014528571428571429,False,47,0.45090715048025615,0.14893617021276595,0.02936067085623147,-0.024429555711721545,0.05,0.24893617021276596,0.0006779962646307131
ZYRX,74653576.00000003,1303,0.01118659217877095,False,29,0.3231005372217959,0.1724137931034483,-0.06095547073733318,-0.04989634784354925,0.45,0.29310344827586204,-0.020951592560261363
